<?xml version="1.0" encoding="utf-8" standalone="yes"?>
<kml xmlns="http://www.opengis.net/kml/2.2">
  <Document>
    <name><![CDATA[route]]></name>
    <visibility>1</visibility>
    <open>1</open>
    <Snippet><![CDATA[created using <a href="https://www.gpsvisualizer.com/?ref=ge&time=20260411063838">GPS Visualizer</a>]]></Snippet>
    <Folder id="Tracks">
      <name>Tracks</name>
      <visibility>1</visibility>
      <open>0</open>
      <Placemark>
        <name><![CDATA[route]]></name>
        <Snippet></Snippet>
        <description><![CDATA[&nbsp;]]></description>
        <Style>
          <LineStyle>
            <color>ff0000e6</color>
            <width>4</width>
          </LineStyle>
        </Style>
        <LineString>
          <tessellate>0</tessellate>
          <altitudeMode>clampToGround</altitudeMode>
          <coordinates>22.143312,37.020374,3 22.1433,37.020377,3 22.14326,37.020334,3 22.143339,37.020313,3.02 22.143609,37.020243,3.867 22.145465,37.019735,0.735 22.145911,37.019631,3.467 22.14604,37.019616,4.203 22.146154,37.019612,4.603 22.146257,37.019623,4.643 22.146351,37.019644,4.718 22.146447,37.019676,4.659 22.146593,37.019733,4.304 22.146912,37.019877,4.557 22.147268,37.020052,5.156 22.147799,37.0203,5.086 22.147945,37.020362,5.486 22.148061,37.020402,5.914 22.148176,37.02043,6.53 22.148309,37.020448,7.138 22.148509,37.020468,8.201 22.14897,37.020487,11.193 22.149163,37.020497,12.347 22.149405,37.020516,14.167 22.149473,37.020516,14.548 22.149555,37.020515,14.872 22.149692,37.020552,15.851 22.149851,37.020612,16.87 22.149875,37.02065,17.23 22.149912,37.020676,17.55 22.149958,37.02069,17.817 22.150007,37.02069,18.006 22.150053,37.020675,18.16 22.150088,37.020651,18.212 22.150112,37.020614,18.142 22.150118,37.020578,17.977 22.150143,37.020524,17.861 22.150173,37.020484,17.891 22.150327,37.020333,18.376 22.150586,37.020089,17.786 22.150855,37.019855,16.027 22.151088,37.019685,14.526 22.151305,37.019523,13.546 22.151561,37.019305,13.426 22.151709,37.019187,13.44 22.151819,37.019093,14.362 22.15191,37.018991,15.384 22.151951,37.018921,15.952 22.152027,37.018739,18.131 22.152229,37.018019,19.25 22.152315,37.017708,21.253 22.152385,37.017488,22.552 22.152442,37.017347,23.977 22.152516,37.017174,25.326 22.152698,37.016805,25.778 22.15275,37.016679,25.658 22.152794,37.016536,24.791 22.15287,37.016243,23.803 22.153086,37.015541,22.455 22.153238,37.015056,23.549 22.153285,37.014906,23.453 22.153426,37.014386,18.654 22.153481,37.014216,13.748 22.153534,37.014102,16.061 22.153579,37.014014,19.943 22.153763,37.013721,24.799 22.154121,37.013106,22.099 22.154344,37.012702,21.008 22.154381,37.01261,20.878 22.154403,37.012547,20.742 22.15446,37.0123,21.184 22.154535,37.011867,22.727 22.154584,37.011408,21.649 22.154626,37.011134,21.986 22.154673,37.010987,22.31 22.154773,37.010759,22.928 22.154912,37.010469,24.242 22.154943,37.01038,25.071 22.154971,37.010277,25.797 22.154981,37.010241,26.119 22.155021,37.010085,27.539 22.155032,37.01005,27.87 22.155183,37.00905,24.635 22.155238,37.008549,24.411 22.155266,37.008363,24.055 22.155367,37.007812,22.682 22.155414,37.007613,22.388 22.155491,37.007134,20.35 22.155528,37.00695,18.762 22.155567,37.006673,15.214 22.155576,37.006584,15.496 22.155578,37.006568,15.569 22.155579,37.006551,15.634 22.155616,37.006382,16.485 22.155639,37.006086,18.664 22.155646,37.005843,19.302 22.155643,37.005635,19.05 22.155626,37.005392,18.761 22.155619,37.004734,19.676 22.155586,37.004166,18.438 22.155584,37.004033,18.41 22.155585,37.003978,18.424 22.155582,37.003776,17.568 22.155531,37.002901,18.178 22.155526,37.002839,17.901 22.155539,37.002133,16.84 22.155535,37.001736,16.852 22.155519,37.001421,14.852 22.155474,37.001085,13.479 22.155402,37.000672,13.922 22.15536,37.000354,12.437 22.155324,36.99948,8.482 22.155323,36.999397,8.127 22.155332,36.999237,7.498 22.155344,36.999144,7.238 22.15535,36.999098,7.26 22.155475,36.99797,5.129 22.155568,36.997397,5.078 22.155617,36.996941,6.639 22.155689,36.996088,3.437 22.15571,36.995824,3.164 22.155733,36.995677,4.2 22.155762,36.995561,5.195 22.155891,36.995281,9.793 22.155947,36.9952,11.362 22.155978,36.995142,12.295 22.155994,36.995107,12.802 22.155997,36.995032,13.49 22.155988,36.994978,13.706 22.155972,36.994934,13.617 22.155907,36.994849,13.195 22.155801,36.994742,12.796 22.155721,36.994672,13.319 22.155461,36.994442,15.677 22.15532,36.99432,16.048 22.155098,36.994135,16.507 22.15496,36.993998,16.319 22.154835,36.993849,15.897 22.154757,36.993729,15.754 22.15464,36.993537,16.238 22.154415,36.993327,16.728 22.153069,36.991944,16.098 22.152723,36.991581,14.641 22.15261,36.991456,14.259 22.152412,36.991254,13.852 22.152286,36.991108,13.473 22.15207,36.990822,12.415 22.151974,36.990683,11.918 22.151677,36.990202,9.432 22.151546,36.98996,8.344 22.151136,36.989247,9.202 22.151077,36.989112,9.828 22.150646,36.987941,8.849 22.150613,36.987831,8.803 22.150547,36.987585,9.234 22.150472,36.987258,10.5 22.150447,36.987131,11.15 22.150409,36.986999,11.965 22.150267,36.986384,9.866 22.150228,36.986223,8.865 22.150155,36.985835,7.674 22.150134,36.985539,6.96 22.150138,36.985168,7.886 22.150229,36.984082,10.046 22.150288,36.983092,9.405 22.150284,36.982845,8.332 22.150272,36.982636,6.886 22.150246,36.982293,5.542 22.150252,36.981988,5.629 22.150301,36.981222,2.617 22.150329,36.980417,1.775 22.150322,36.980237,2.612 22.150309,36.980136,3.246 22.150289,36.980053,3.699 22.149939,36.978918,5.653 22.149841,36.97863,5.428 22.149762,36.978468,5.143 22.149579,36.978141,3.792 22.148994,36.977126,9.228 22.148911,36.976993,11.307 22.148801,36.976839,11.494 22.148326,36.976247,5.406 22.148172,36.976089,4.35 22.148051,36.975934,4.236 22.147842,36.975646,4.293 22.147649,36.975381,4.494 22.147287,36.975012,3.39 22.147097,36.974879,4.276 22.147019,36.974817,4.831 22.14682,36.974619,4.926 22.14667,36.974449,5.938 22.146496,36.974273,4.777 22.146344,36.974135,3.894 22.146229,36.974071,3.703 22.146097,36.97401,3.769 22.145863,36.97393,4.367 22.145736,36.973868,4.152 22.145447,36.973678,3.959 22.145337,36.973588,3.955 22.145216,36.973479,4.235 22.145102,36.973342,4.977 22.144935,36.973072,6.827 22.144857,36.97291,6.735 22.144531,36.97247,4.537 22.144424,36.972288,4.9 22.14439,36.972214,4.901 22.144059,36.971899,3.352 22.143988,36.971813,2.866 22.143881,36.971624,2.919 22.143851,36.971541,2.653 22.143846,36.971388,2.686 22.14387,36.970966,0.513 22.143883,36.970444,0.364 22.143822,36.969813,1 22.143835,36.969753,1 22.143856,36.96971,1.111 22.143897,36.969687,1.439 22.143999,36.969659,2.476 22.144371,36.96949,6.979 22.144438,36.969443,7.98 22.144458,36.969416,8.556 22.144487,36.969378,9.313 22.144522,36.969305,10.649 22.144581,36.969027,14.756 22.144621,36.968948,15.862 22.144677,36.968894,16.767 22.144739,36.968849,17.213 22.144766,36.968815,17.466 22.144768,36.96878,17.621 22.144765,36.968737,17.785 22.144699,36.968713,17.55 22.144606,36.968722,17.182 22.144509,36.96874,16.768 22.14445,36.96874,16.556 22.144417,36.968721,16.506 22.144369,36.968654,16.574 22.144343,36.968538,17.065 22.14432,36.968378,17.854 22.14428,36.968076,17.816 22.144256,36.968002,17.705 22.14413,36.967841,16.604 22.143895,36.96761,14.079 22.143863,36.967562,13.648 22.143852,36.967504,13.471 22.143859,36.967445,13.372 22.143921,36.967192,13.45 22.143906,36.967026,13.203 22.14389,36.966983,13.013 22.143836,36.966912,12.59 22.143677,36.96638,14.294 22.143685,36.966278,14.958 22.143797,36.966145,15.838 22.143797,36.966065,16.277 22.143787,36.965969,16.836 22.143766,36.965886,17.262 22.143725,36.965793,17.324 22.143608,36.965564,16.03 22.143556,36.965379,15.112 22.143505,36.965274,14.244 22.143465,36.964985,14.504 22.143355,36.964653,15.654 22.143271,36.964512,16.065 22.143151,36.964418,15.845 22.14307,36.964298,16.131 22.143192,36.964188,17.375 22.143303,36.964047,18.752 22.143371,36.963948,19.874 22.14344,36.963781,21.156 22.143484,36.963456,21.782 22.143807,36.963164,21.916 22.144087,36.962837,23.426 22.144591,36.962049,24.055 22.144562,36.96161,26.05 22.144456,36.961215,26.109 22.144297,36.960817,26.435 22.144069,36.960358,25.219 22.14405,36.960152,25.248 22.144176,36.959752,24.282 22.1446,36.959007,22.425 22.14477,36.958738,21.1 22.144809,36.958564,20.625 22.144761,36.958377,20.279 22.144422,36.957705,16.898 22.143985,36.957004,10.879 22.143923,36.95665,8.416 22.144009,36.956416,8.047 22.14393,36.956375,7.239 22.143574,36.956219,4.733 22.143539,36.956102,4.431 22.144513,36.95428,4.247 22.14483,36.95409,6.271 22.144893,36.953611,7.46 22.144796,36.953107,11.884 22.144654,36.952796,15.052 22.144174,36.952247,11.816 22.14327,36.951547,9.699 22.143231,36.951441,9.257 22.143197,36.951322,8.396 22.143228,36.950928,5.879 22.143305,36.950694,5.448 22.143399,36.950407,4.874 22.143543,36.94997,3.892 22.143586,36.949553,2.446 22.143543,36.949263,2.738 22.143675,36.949076,3.481 22.145413,36.94747,4.868 22.146281,36.946427,11.251 22.146434,36.946141,11.405 22.146721,36.945646,7.672 22.146794,36.945344,4.961 22.147257,36.944031,6.675 22.147377,36.943626,8.114 22.14744,36.943217,10.771 22.147389,36.942842,9.418 22.147464,36.942886,10.843 22.1475,36.942915,11.494 22.147601,36.943051,13.074 22.147654,36.94309,13.539 22.147709,36.943114,14.047 22.147778,36.943125,14.753 22.147853,36.943121,15.784 22.148313,36.942992,21.306 22.148475,36.942955,23.316 22.148825,36.94292,27.334 22.148971,36.942931,28.857 22.149148,36.942994,31.148 22.149393,36.943104,35.259 22.149489,36.943156,36.642 22.149534,36.943203,37.29 22.149576,36.943264,37.894 22.149623,36.943284,38.571 22.149699,36.94329,39.666 22.149744,36.943277,40.392 22.150084,36.943126,46.137 22.150271,36.943075,48.132 22.150368,36.943066,48.799 22.150507,36.943074,50.014 22.150629,36.94312,52.714 22.150767,36.943143,55.695 22.150887,36.94315,58.006 22.150963,36.943145,59.266 22.151042,36.943119,60.126 22.151092,36.943112,60.875 22.151121,36.943135,61.858 22.15113,36.943166,62.658 22.151117,36.943201,63.226 22.15108,36.943248,63.597 22.150863,36.943359,61.821 22.150829,36.943392,61.552 22.150826,36.943425,61.849 22.150845,36.943447,62.455 22.150875,36.943454,63.118 22.150911,36.943445,63.716 22.150947,36.94342,64.11 22.150999,36.943401,64.858 22.15108,36.94341,66.513 22.151126,36.943448,67.888 22.151153,36.943495,69.019 22.151202,36.943537,70.482 22.151253,36.943545,71.48 22.151323,36.943536,72.526 22.151627,36.943423,74.159 22.151754,36.943388,75.085 22.152322,36.943391,85.118 22.15242,36.943371,86.197 22.152492,36.943337,86.912 22.152553,36.943286,87.857 22.152623,36.94325,89.332 22.152883,36.943164,95.515 22.153112,36.94311,100.976 22.153391,36.943076,105.519 22.153669,36.943075,108.594 22.153867,36.943124,110.492 22.154247,36.943159,113.633 22.154661,36.943222,115.497 22.154829,36.943242,115.428 22.154925,36.943238,115.653 22.155005,36.943209,116.573 22.155058,36.94318,117.301 22.155344,36.942977,121.131 22.155725,36.942804,124.348 22.156018,36.942642,126.682 22.156065,36.942626,127.243 22.156192,36.9426,129.362 22.156485,36.942561,135.566 22.156588,36.942562,138.081 22.156656,36.942571,139.741 22.156696,36.942596,140.634 22.15673,36.94263,141.368 22.156741,36.942665,141.606 22.156709,36.942856,140.676 22.15673,36.942988,140.784 22.156732,36.943069,140.598 22.156746,36.943163,140.612 22.156741,36.943398,140.168 22.156709,36.943517,139.829 22.156718,36.943604,140.448 22.156762,36.943694,141.149 22.156846,36.9438,142.805 22.157012,36.94392,146.235 22.157111,36.943937,148.251 22.157232,36.943947,150.687 22.15732,36.94397,151.472 22.157375,36.944008,151.792 22.157401,36.944061,151.692 22.157433,36.944155,151.36 22.157469,36.944224,151.459 22.157515,36.944259,151.704 22.157578,36.94426,151.85 22.157641,36.944246,152.077 22.157701,36.944195,152.548 22.157734,36.944129,153.114 22.157738,36.943996,154.086 22.157721,36.94383,155.388 22.15773,36.943791,155.825 22.157794,36.94368,157.285 22.157858,36.943546,158.726 22.157914,36.943336,160.938 22.157957,36.943211,162.305 22.157952,36.9431,162.876 22.157963,36.943047,163.344 22.158056,36.942902,165.005 22.158248,36.942688,166.557 22.158434,36.942575,168.984 22.158747,36.942326,173.193 22.158799,36.94227,173.726 22.158877,36.94215,174.006 22.159099,36.941998,176.215 22.159159,36.941947,176.881 22.159196,36.941905,177.28 22.159211,36.941842,177.27 22.159219,36.941637,176.733 22.159249,36.94154,177.05 22.159318,36.941477,177.807 22.159627,36.941367,180.683 22.160307,36.941133,186.289 22.160501,36.941103,187.461 22.160703,36.941027,188.239 22.161001,36.940899,190.217 22.161338,36.940782,194.092 22.161468,36.940711,194.618 22.161716,36.940545,195.147 22.161837,36.940503,195.439 22.162142,36.940441,198.358 22.162359,36.940364,201.88 22.162452,36.940324,204.109 22.162489,36.940279,205.737 22.1625,36.940235,206.616 22.162493,36.940188,207.133 22.162463,36.940157,206.882 22.162368,36.940119,205.164 22.162345,36.940099,204.867 22.162337,36.94007,205.032 22.162354,36.940048,205.72 22.162397,36.940032,206.986 22.162463,36.94003,208.65 22.162577,36.940045,210.229 22.162667,36.940077,210.861 22.162904,36.94023,211.801 22.163036,36.940299,212.325 22.163206,36.940324,213.626 22.163394,36.940308,215.76 22.163462,36.940316,216.037 22.163523,36.940334,216.013 22.163571,36.940328,216.472 22.163618,36.94031,217.251 22.163699,36.940153,220.439 22.163774,36.940026,223.01 22.163887,36.939912,226.242 22.163917,36.939869,226.988 22.163934,36.939825,227.682 22.163926,36.939782,228.273 22.163875,36.939723,228.839 22.163628,36.939653,226.681 22.163579,36.939629,226.208 22.163554,36.9396,225.992 22.163546,36.939557,226.068 22.163589,36.939408,227.239 22.163631,36.939364,227.698 22.163683,36.939332,228.281 22.163733,36.939316,229 22.163812,36.939323,230.244 22.164019,36.939362,232.98 22.16409,36.939367,233.855 22.164144,36.939346,234.761 22.164172,36.939316,235.473 22.164178,36.939273,236.04 22.164174,36.939014,237.682 22.164189,36.938815,238.711 22.164217,36.938732,239.675 22.164252,36.938683,240.733 22.164281,36.938608,241.892 22.164303,36.93835,243.376 22.164365,36.938048,245.265 22.164403,36.937983,245.883 22.164466,36.937929,246.939 22.164526,36.937923,248.004 22.164585,36.93793,249.127 22.164642,36.937966,250.486 22.16466,36.938004,251.182 22.164658,36.9382,251.613 22.164674,36.938292,251.958 22.164724,36.938389,252.832 22.164806,36.938517,253.847 22.164899,36.938602,255.215 22.16501,36.938669,256.519 22.165307,36.938799,259.534 22.165648,36.938914,265.152 22.166116,36.939052,270.12 22.166466,36.939138,273.363 22.16675,36.939198,276.291 22.166975,36.939202,278.835 22.167208,36.939177,281.733 22.167345,36.939173,281.952 22.167827,36.939221,282.947 22.167906,36.939245,283.049 22.167985,36.939333,282.7 22.168056,36.939375,282.502 22.16813,36.939381,282.725 22.168404,36.939355,283.898 22.168526,36.939306,284.69 22.168627,36.939285,285.238 22.16879,36.939268,286.323 22.168934,36.939242,287.511 22.169038,36.939211,288.595 22.169171,36.939078,289.701 22.169269,36.939016,290.026 22.169381,36.938974,290.613 22.169664,36.938883,292.454 22.169775,36.938857,292.881 22.1699,36.93884,293.864 22.170003,36.93884,294.985 22.170111,36.938864,297.025 22.170267,36.938923,300.09 22.17056,36.938964,303.291 22.170874,36.939077,305.354 22.17101,36.939156,305.923 22.171188,36.939279,306 22.171276,36.939314,306 22.171476,36.939356,306.214 22.171986,36.939386,306.461 22.172192,36.939414,305.987 22.172333,36.93941,305.876 22.172527,36.939372,306.005 22.172704,36.939326,307.464 22.172861,36.939297,308.837 22.172983,36.939296,310.148 22.173156,36.939317,312.001 22.173289,36.939344,313.494 22.173511,36.939415,315.893 22.173656,36.939442,317.128 22.173965,36.939432,318.14 22.174119,36.93941,318.456 22.174308,36.939354,319.218 22.174461,36.939339,320.162 22.174963,36.939347,321.55 22.175104,36.93933,321.881 22.175388,36.939311,323.94 22.175478,36.939278,324.797 22.175617,36.939206,326.168 22.17593,36.939127,330.442 22.176015,36.939079,331.822 22.176049,36.939041,332.457 22.176054,36.938997,332.663 22.176045,36.938962,332.609 22.176026,36.938939,332.343 22.175989,36.938919,331.741 22.175501,36.938839,324.627 22.175435,36.938795,324.137 22.175414,36.938739,324.621 22.17546,36.938489,329.606 22.175435,36.938412,330.999 22.17538,36.93831,332.767 22.175318,36.938244,334.189 22.175212,36.938228,334.413 22.175127,36.938228,334.413 22.175019,36.938253,333.603 22.174767,36.93838,327.81 22.174693,36.938425,325.785 22.174616,36.938457,324.058 22.174532,36.938461,323.179 22.174264,36.9384,321.664 22.174199,36.938354,321.969 22.174049,36.938128,324.746 22.173888,36.937979,321.981 22.173864,36.937911,321.462 22.173875,36.937772,321.677 22.173896,36.937737,322.08 22.173975,36.937676,324.31 22.174339,36.937545,333.667 22.174402,36.937511,335.01 22.174442,36.937479,335.637 22.174479,36.937433,335.563 22.174566,36.937295,335.121 22.174677,36.937252,336.525 22.174783,36.937248,337.716 22.174947,36.937304,339.502 22.17501,36.937295,339.795 22.175155,36.937176,337.595 22.175248,36.937151,336.921 22.175348,36.93715,336.667 22.175637,36.937163,336.525 22.175734,36.937151,336.426 22.175869,36.937088,335.103 22.175952,36.937034,334.321 22.176123,36.936985,334.625 22.17633,36.936944,336.144 22.176414,36.936897,336.508 22.17646,36.936829,335.946 22.176501,36.936697,334.16 22.17656,36.936625,334.579 22.176624,36.936567,335.496 22.176976,36.936367,339.594 22.177012,36.936306,340.424 22.177005,36.936197,340.952 22.176944,36.936133,340.841 22.176849,36.936099,340.903 22.17675,36.936104,340.436 22.17653,36.936158,339.159 22.17619,36.936273,333.521 22.176056,36.93627,331.376 22.175953,36.936239,330.119 22.175908,36.936198,330.065 22.175892,36.936141,330.872 22.175914,36.936,332.717 22.17595,36.935929,333.976 22.176406,36.935502,341.042 22.176502,36.935419,341.937 22.176641,36.935313,342.965 22.176734,36.93522,343.762 22.176776,36.935108,343.963 22.176766,36.935015,343.484 22.176728,36.934903,342.031 22.177217,36.934796,345.025 22.177316,36.934803,345.501 22.177395,36.934829,346.16 22.177812,36.934996,351.308 22.177962,36.935032,353.259 22.178212,36.935036,354.895 22.178345,36.935019,355.328 22.178464,36.934982,356.182 22.178568,36.934925,356.682 22.178755,36.934798,357.749 22.178866,36.934738,358.789 22.178994,36.934696,359.722 22.179786,36.934528,364.144 22.179952,36.934516,366.527 22.180128,36.934513,367.708 22.180223,36.934493,367.978 22.180335,36.934437,368.233 22.180954,36.934047,370.476 22.181023,36.934034,370.554 22.181102,36.934051,370.101 22.181388,36.93414,365.49 22.181475,36.934136,364.278 22.181595,36.934093,363.161 22.181737,36.933992,362.343 22.181866,36.933811,362.613 22.181939,36.933742,362.224 22.182655,36.933277,358.353 22.182744,36.933238,357.256 22.182863,36.933216,356.102 22.183135,36.93322,353.836 22.183241,36.933197,353.156 22.183572,36.933087,352.125 22.183743,36.933054,352.009 22.183971,36.933056,352 22.184503,36.933174,352.211 22.184696,36.933196,352.906 22.184958,36.93321,353.849 22.185151,36.933212,354.306 22.185305,36.933188,354.622 22.18562,36.933083,355.407 22.18579,36.933026,355.754 22.185941,36.933013,355.519 22.186065,36.933029,355.15 22.186363,36.933158,354.496 22.186465,36.933229,353.802 22.186552,36.933342,353.251 22.186692,36.933642,351.736 22.186721,36.933719,351.53 22.186759,36.933743,350.987 22.186815,36.93375,350.097 22.186857,36.933738,349.403 22.186889,36.933704,348.865 22.186882,36.933547,348.72 22.186885,36.933428,348.338 22.186904,36.933291,347.706 22.187008,36.932813,345.856 22.187225,36.932365,343.446 22.187305,36.932071,342.426 22.187374,36.931913,341.309 22.18742,36.931867,340.784 22.187496,36.931842,340.038 22.187593,36.93183,339.665 22.188883,36.932058,341.549 22.188868,36.931731,341.85 22.188891,36.931181,342.771 22.188906,36.931098,343.182 22.188931,36.931016,343.403 22.18897,36.930951,343.708 22.189039,36.930859,344.131 22.189141,36.930778,344.435 22.189207,36.930734,344.575 22.189727,36.930383,347.047 22.189772,36.930326,347.421 22.18981,36.930197,348.198 22.189805,36.930141,348.529 22.189788,36.930092,348.618 22.189713,36.929941,348.087 22.18969,36.929829,348.223 22.189702,36.929711,348.822 22.189717,36.929675,349.114 22.18974,36.929634,349.574 22.189823,36.929545,351.089 22.190016,36.929375,353.716 22.190127,36.929266,354.25 22.19024,36.929098,354.311 22.19054,36.928513,356.221 22.190567,36.92848,356.557 22.190615,36.928436,357.003 22.190672,36.928397,357.382 22.190739,36.928368,357.7 22.190823,36.928348,358.012 22.190938,36.928341,358.771 22.191357,36.92835,360.885 22.191712,36.928335,362.001 22.191292,36.927911,364.045 22.191167,36.927804,364.843 22.190875,36.927702,363.459 22.19079,36.927646,363.43 22.190457,36.927376,362.882 22.190165,36.927006,363.621 22.190254,36.926887,366.107 22.190347,36.926821,367.387 22.190657,36.926649,371.008 22.19079,36.926468,375.152 22.190712,36.926301,376.777 22.190716,36.926236,377.616 22.190995,36.925853,381.9 22.191127,36.925443,381.977 22.191222,36.925354,381.71 22.191623,36.925147,380.034 22.191754,36.925045,379.328 22.192,36.924687,376.141 22.192185,36.92424,370.017 22.192394,36.92381,367.24 22.192667,36.923131,360.128 22.192699,36.923011,359.138 22.19275,36.92289,359.804 22.192896,36.922481,356.608 22.193106,36.921978,352.253 22.193274,36.921505,347.613 22.193413,36.921447,348.321 22.193766,36.92133,350.24 22.194399,36.92083,344.627 22.194862,36.92051,345.612 22.194909,36.920357,343.061 22.194974,36.920235,341.072 22.195236,36.920016,338.284 22.195354,36.919951,338.521 22.195549,36.919716,335.819 22.195833,36.919518,334.85 22.196161,36.918783,323.137 22.19642,36.918573,318.502 22.196606,36.918521,317.47 22.196748,36.918512,317.229 22.197284,36.918267,307.851 22.197891,36.917873,296.168 22.198235,36.91753,288.594 22.198468,36.917046,278.825 22.198799,36.916724,274.194 22.199116,36.916394,266.961 22.199254,36.916299,266.029 22.199432,36.916213,264.563 22.199455,36.916149,262.884 22.19943,36.916095,261.649 22.198994,36.915944,259.143 22.198616,36.915822,255.854 22.198388,36.915693,253.573 22.198104,36.915105,242.811 22.19811,36.915076,242.107 22.198177,36.915063,241.148 22.198234,36.915075,240.866 22.198627,36.915263,244.518 22.198701,36.915265,244.571 22.199255,36.915041,237.328 22.199853,36.91489,230.583 22.200439,36.914967,226.596 22.200585,36.915155,227.549 22.200725,36.91536,227.639 22.200958,36.915499,224.493 22.201393,36.91564,220.172 22.20145,36.915633,219.455 22.201493,36.915611,218.674 22.201518,36.915572,217.842 22.201354,36.915312,215.103 22.201365,36.915126,211.612 22.201475,36.914883,206.875 22.201731,36.914767,203.149 22.201867,36.914566,197.868 22.201917,36.914542,196.988 22.201984,36.914551,196.688 22.202105,36.914656,198.092 22.202374,36.914653,197.369 22.202674,36.914614,196.899 22.202763,36.914569,196.086 22.202985,36.914396,193.62 22.203259,36.914307,192.164 22.203372,36.914171,188.815 22.203459,36.914136,187.554 22.203877,36.914258,186.731 22.204451,36.914246,184.57 22.205136,36.914146,183.457 22.20524,36.91411,183.449 22.205308,36.914005,182.252 22.205488,36.913527,174.664 22.206078,36.912511,167.618 22.206277,36.912072,165.162 22.206375,36.911705,154.054 22.206608,36.911178,147.675 22.206906,36.910639,144.892 22.207022,36.910361,139.711 22.207147,36.910056,135.989 22.207173,36.90972,135.593 22.207418,36.909655,144.654 22.207676,36.909321,150.172 22.207719,36.909209,149.428 22.207836,36.909129,150.789 22.208045,36.909116,155.822 22.208003,36.908994,152.568 22.208585,36.908268,153.991 22.209032,36.907018,160.69 22.20928,36.906707,164.959 22.209456,36.906554,171.076 22.209748,36.906135,177.076 22.209886,36.905854,176.584 22.209935,36.905782,177.892 22.209939,36.905878,180.459 22.209975,36.905842,181.01 22.210108,36.905478,185.778 22.210357,36.905076,200.36 22.210413,36.905199,202.243 22.210442,36.90532,202.982 22.210461,36.905325,203.593 22.210546,36.90521,206.455 22.210644,36.905014,207.022 22.210705,36.904938,206.378 22.210838,36.904865,206.084 22.211284,36.904504,196.745 22.211844,36.904459,195.005 22.212717,36.903929,185.792 22.213148,36.903744,180.683 22.213197,36.903688,178.919 22.213288,36.903699,178.541 22.213093,36.903628,178.156 22.212801,36.90357,177.88 22.212503,36.903544,177.037 22.212356,36.903502,176.632 22.212273,36.903448,176.131 22.212244,36.903394,175.594 22.212227,36.90332,174.742 22.21228,36.903243,173.098 22.212361,36.903191,171.682 22.212414,36.903176,171.087 22.212518,36.903178,170.479 22.212569,36.903195,170.391 22.212807,36.903331,171.834 22.212872,36.903354,172.182 22.212976,36.903361,171.984 22.213694,36.903301,165.77 22.213831,36.903309,165.508 22.213965,36.903343,165.422 22.214211,36.903424,164.702 22.214396,36.903515,164.021 22.214645,36.903705,163.324 22.214991,36.903944,163.314 22.215097,36.903979,163.135 22.215236,36.903994,162.25 22.215435,36.903988,161.218 22.215695,36.903989,160.3 22.215851,36.903966,159.324 22.216029,36.90391,157.676 22.216319,36.903829,156.353 22.216369,36.903794,155.975 22.216403,36.90376,155.557 22.21644,36.903701,154.787 22.216438,36.90358,153.375 22.216368,36.903505,152.472 22.216284,36.903475,152.04 22.216178,36.903476,152.054 22.216086,36.903503,152.443 22.215896,36.903641,154.406 22.215787,36.903654,154.643 22.215673,36.903647,154.591 22.215562,36.903577,153.509 22.215445,36.903473,152.409 22.215149,36.903176,148.894 22.21493,36.902953,146.289 22.214589,36.902756,144.489 22.214537,36.902716,143.999 22.214519,36.902678,143.308 22.214522,36.902609,141.796 22.214541,36.902579,141.011 22.21459,36.902536,139.73 22.214706,36.902514,138.419 22.21479,36.902535,138.481 22.214884,36.90259,139.173 22.214997,36.902718,140.943 22.215066,36.902765,141.77 22.21509,36.902781,142.062 22.215146,36.90279,142.218 22.215217,36.902788,142.163 22.215299,36.902772,141.82 22.215437,36.902673,139.541 22.215803,36.902444,135.597 22.216039,36.90232,134.745 22.21649,36.902129,129.958 22.216617,36.902126,129.447 22.216737,36.9022,129.84 22.216849,36.902235,129.261 22.216952,36.902242,128.247 22.216995,36.902228,127.376 22.217046,36.902198,126.133 22.217063,36.90216,125.268 22.217071,36.902117,124.456 22.217069,36.902079,123.86 22.217057,36.902047,123.481 22.217019,36.902005,123.226 22.216944,36.901949,123.087 22.216834,36.901913,123.627 22.216437,36.901725,122.877 22.216121,36.901497,120.499 22.216036,36.901417,119.703 22.215783,36.901168,115.554 22.215504,36.900952,111.349 22.214806,36.900575,109.417 22.214624,36.900206,104.602 22.214399,36.899906,102.464 22.213916,36.899022,97.75 22.21368,36.898859,101.726 22.21368,36.898765,100.034 22.21383,36.898705,95.174 22.21398,36.898817,92.997 22.214034,36.898954,93.769 22.214163,36.899117,93.19 22.215631,36.899852,80.706 22.215907,36.9,77.409 22.216204,36.900149,74.726 22.216665,36.900307,72.286 22.216798,36.900313,71.929 22.21718,36.90029,69.555 22.217415,36.900225,66.546 22.217631,36.900137,64.001 22.217858,36.900007,62.083 22.218052,36.899875,60.194 22.218379,36.899575,55.35 22.218457,36.899528,54.504 22.218541,36.899504,54.072 22.218592,36.899499,53.982 22.21866,36.899503,54.054 22.219187,36.899554,53.854 22.220356,36.899663,50.439 22.220479,36.899698,50.752 22.220668,36.899773,52.937 22.220895,36.899818,54.149 22.221038,36.899789,52.49 22.221319,36.899743,49.925 22.221456,36.899735,49.403 22.221594,36.899754,49.945 22.221703,36.899785,50.314 22.221908,36.899848,49.541 22.222344,36.900003,49.225 22.222467,36.90002,48.949 22.222575,36.900019,48.451 22.222766,36.899973,46.163 22.222935,36.899914,44.254 22.223601,36.899655,36.507 22.223841,36.899545,37.956 22.224053,36.899442,39.222 22.224201,36.899351,40.074 22.224815,36.898925,33.447 22.22494,36.898836,32.546 22.225082,36.898733,32.346 22.225287,36.898591,30.406 22.225533,36.898473,29.246 22.225637,36.898445,29.716 22.226199,36.898366,31.638 22.226425,36.898306,29.949 22.226593,36.898247,28.005 22.226721,36.898185,25.983 22.227122,36.898054,22.606 22.22747,36.897904,20.618 22.227665,36.897798,18.988 22.227807,36.897685,17.893 22.228011,36.897474,15.037 22.228084,36.89739,14.604 22.228156,36.897327,14.377 22.228227,36.897252,14.107 22.228232,36.897202,13.927 22.228295,36.897022,13.279 22.228376,36.896884,12.936 22.228811,36.896248,14.074 22.228963,36.896024,14.267 22.229491,36.895187,16.28 22.229874,36.894594,15 22.229892,36.894566,15 22.230122,36.894211,15.84 22.230331,36.893899,16 22.231628,36.891912,17.387 22.231753,36.891735,15.738 22.232224,36.890981,8.528 22.232438,36.890668,8.462 22.232492,36.890591,8.847 22.232553,36.890464,9.85 22.232562,36.890411,10.264 22.232541,36.890297,11.009 22.23251,36.890237,11.193 22.232469,36.890192,11.12 22.232416,36.890147,11.008 22.232317,36.89008,10.863 22.23212,36.889965,10.596 22.231903,36.889823,10.071 22.23183,36.889762,10.243 22.231776,36.889704,10.551 22.23173,36.88964,10.887 22.231709,36.889599,11.107 22.231695,36.889573,11.231 22.23167,36.889502,11.607 22.231655,36.88943,11.968 22.231651,36.889357,12.202 22.231659,36.889284,12.522 22.231677,36.889213,12.877 22.231705,36.889143,12.979 22.231744,36.889077,12.723 22.231793,36.889015,12.611 22.231886,36.888928,12.75 22.231959,36.88887,12.972 22.231991,36.888834,12.973 22.232284,36.888408,14.222 22.232442,36.888101,15.628 22.232643,36.887686,16.184 22.232914,36.887126,15.321 22.233155,36.886718,14.708 22.233371,36.886356,14.017 22.233418,36.886264,13.855 22.233509,36.886124,13.679 22.233655,36.885955,13.754 22.233743,36.885865,14.064 22.233847,36.885738,14.012 22.234109,36.885574,16.25 22.234294,36.885491,17.672 22.234477,36.885424,18.984 22.234724,36.885349,20.306 22.23545,36.885164,27.066 22.235882,36.884943,28.801 22.236181,36.884743,29.578 22.236334,36.884622,30.605 22.236617,36.884371,31.774 22.23672,36.884219,32.192 22.236847,36.883955,31.887 22.236888,36.883866,31.698 22.23696,36.883723,31.459 22.237163,36.88314,32.966 22.237227,36.882936,34.076 22.237311,36.882592,35.812 22.237507,36.881899,37.073 22.23759,36.881622,31.13 22.237645,36.88148,25.187 22.237653,36.881461,24.34 22.237731,36.88136,20.645 22.237818,36.881298,20.304 22.237914,36.881268,21.374 22.237977,36.881257,22.237 22.238037,36.881254,23.315 22.238146,36.881274,24.949 22.238544,36.88142,32.343 22.238687,36.88148,35.6 22.238866,36.881532,36.98 22.239083,36.881561,37.96 22.239307,36.881547,37.696 22.23959,36.881512,37.745 22.239753,36.881501,38.125 22.240448,36.881521,41.73 22.24077,36.881508,44.35 22.240936,36.881511,45.654 22.241374,36.881522,47.368 22.241463,36.881515,47.295 22.241546,36.881488,46.946 22.241605,36.881456,46.61 22.242077,36.881103,43.39 22.242364,36.880868,42.012 22.242456,36.880807,41.477 22.242556,36.880757,41.193 22.242704,36.880695,40.745 22.242932,36.880667,41.74 22.243811,36.880613,47.871 22.244085,36.880583,50.545 22.244234,36.880557,52.007 22.244583,36.880473,55.563 22.244709,36.88043,56.62 22.244801,36.880379,57.046 22.244866,36.88032,57.012 22.244909,36.880244,56.913 22.244924,36.880164,56.949 22.244913,36.880076,56.394 22.244882,36.879987,55.712 22.244833,36.879902,56.297 22.244661,36.879771,55.279 22.244501,36.879693,54.72 22.244254,36.87957,54.51 22.244154,36.879511,53.892 22.244083,36.879456,53.666 22.244053,36.879421,53.413 22.244,36.879316,52.785 22.243984,36.879245,52.615 22.243979,36.879104,52.47 22.243999,36.878959,52.531 22.244001,36.878852,52.368 22.243971,36.878765,51.642 22.24393,36.8787,50.787 22.24372,36.878505,49.704 22.243263,36.878129,52.412 22.243134,36.878,52.398 22.243095,36.877881,55.023 22.243066,36.877821,55.97 22.242933,36.877599,57.042 22.242553,36.877134,59.791 22.242389,36.876939,69.805 22.24219,36.876733,79.813 22.241743,36.876321,66.16 22.24093,36.875686,67.176 22.240738,36.875495,67.152 22.240654,36.875387,66.231 22.240582,36.875236,66.767 22.240561,36.875153,66.177 22.240556,36.875035,66.768 22.240584,36.874928,67.086 22.240804,36.874527,67.898 22.240876,36.874377,69.96 22.240911,36.874231,71.42 22.240917,36.874107,72.194 22.240845,36.873456,78.911 22.240899,36.872821,78.713 22.240959,36.872493,80.791 22.241144,36.872049,86.313 22.241229,36.871931,87.94 22.241299,36.871865,88.754 22.241364,36.871831,89.947 22.241441,36.871811,91.087 22.241564,36.871802,93.066 22.241688,36.871814,95.336 22.24202,36.871863,98.818 22.242103,36.871864,99.479 22.242177,36.871856,99.802 22.242308,36.871802,99.311 22.242722,36.871656,99.09 22.242872,36.871614,99.162 22.242982,36.871603,99.637 22.243297,36.871633,102.005 22.243462,36.871624,102.851 22.243535,36.871606,102.923 22.243615,36.871581,102.903 22.243757,36.871523,103.462 22.243915,36.871446,103.47 22.244273,36.871183,103.342 22.244637,36.87086,102.319 22.244729,36.870801,102.118 22.244834,36.870761,101.722 22.244976,36.870761,102.744 22.24531,36.870904,108.383 22.245459,36.87092,110.453 22.245587,36.870905,111.517 22.246083,36.870782,114.932 22.246204,36.870758,115.653 22.246321,36.870748,116.734 22.246367,36.870763,117.718 22.246408,36.870793,119.035 22.246413,36.870865,121.172 22.246363,36.87094,122.792 22.246288,36.871003,123.797 22.246203,36.871045,124.088 22.24594,36.871155,123.958 22.24573,36.871273,124.974 22.245603,36.871356,126.349 22.245461,36.871439,127.963 22.245268,36.871534,129.604 22.245037,36.871606,128.642 22.244902,36.87166,128.381 22.244793,36.871725,128.65 22.24465,36.871857,129.496 22.244587,36.871946,130.617 22.244541,36.872036,132.604 22.244384,36.872279,136.783 22.244299,36.872361,138.116 22.244178,36.872448,139.152 22.24399,36.872544,140.952 22.243859,36.872593,141.164 22.24353,36.872657,141.103 22.243037,36.872692,139.315 22.242893,36.872751,139.542 22.242408,36.873172,140.42 22.242333,36.873257,140.924 22.242286,36.873343,141.712 22.242276,36.873413,142.216 22.242285,36.873483,143.198 22.242319,36.87355,144.779 22.242389,36.873618,147.168 22.242536,36.873741,150.241 22.242758,36.873961,154.536 22.242789,36.873995,155.217 22.242835,36.874117,156.199 22.24299,36.875109,158.761 22.242998,36.875221,160.144 22.242947,36.875371,161.129 22.242713,36.875798,161.693 22.242844,36.875774,164.551 22.242983,36.875734,166.621 22.243321,36.875588,169.329 22.243384,36.875569,169.914 22.243476,36.875569,171.223 22.243548,36.875598,172.584 22.243763,36.875771,177.882 22.243872,36.875845,179.673 22.243958,36.875891,180.777 22.244,36.875925,181.208 22.244069,36.875965,181.987 22.244106,36.875971,182.529 22.244138,36.875964,183.121 22.244159,36.875948,183.635 22.244166,36.875921,184.042 22.244152,36.875834,184.729 22.244163,36.875785,184.934 22.244191,36.875736,185.381 22.244254,36.875659,186.455 22.244364,36.875564,188.53 22.244461,36.8755,189.391 22.244502,36.875448,189.153 22.244548,36.875406,189.166 22.2449,36.875527,195.252 22.245011,36.875555,197.152 22.245176,36.875555,199.53 22.245271,36.875567,200.862 22.245333,36.875593,201.462 22.245373,36.875627,201.771 22.245389,36.875691,201.714 22.245424,36.87574,201.915 22.245445,36.875752,202.099 22.245483,36.875773,202.434 22.245564,36.875769,203.269 22.245672,36.87571,204.049 22.24586,36.875672,205.354 22.246,36.875667,206.398 22.246076,36.875691,206.772 22.246171,36.875758,207.131 22.246234,36.87579,207.57 22.246338,36.875771,208.716 22.246426,36.875741,209.51 22.246592,36.875655,210.843 22.246663,36.875648,211.312 22.246727,36.875663,211.577 22.247008,36.875819,211.384 22.247136,36.875881,211.003 22.247229,36.875904,211.001 22.24734,36.875922,211.012 22.248134,36.875778,214.222 22.248674,36.875697,215.737 22.248838,36.875607,216.442 22.249033,36.875539,216.66 22.249222,36.875525,216.485 22.249408,36.875557,216.853 22.249856,36.875684,217.019 22.250076,36.875705,217.609 22.250559,36.875812,219.012 22.250742,36.875956,219.23 22.251068,36.876314,220.576 22.251127,36.876357,221.121 22.251184,36.876373,221.54 22.251445,36.876384,223.624 22.251542,36.875759,224.506 22.252918,36.875717,233.591 22.253761,36.875722,238.863 22.253969,36.875701,240.389 22.254075,36.875702,241.537 22.254194,36.875716,242.733 22.254265,36.875742,243.263 22.254313,36.87578,243.76 22.254317,36.875835,244.088 22.254304,36.875909,244.261 22.25429,36.875948,244.301 22.254289,36.87602,244.553 22.254309,36.876077,244.902 22.254351,36.876078,245.208 22.254441,36.876054,245.77 22.254499,36.875985,246.046 22.254556,36.875903,246.155 22.254624,36.875877,246.552 22.254886,36.875893,249.661 22.25505,36.875852,251.619 22.255562,36.875625,254.814 22.255647,36.875597,255.386 22.255741,36.875576,256.174 22.255884,36.875555,257.541 22.255972,36.875528,258.15 22.256063,36.87548,258.44 22.256162,36.875406,258.396 22.256226,36.875378,258.684 22.256316,36.875378,259.656 22.256482,36.875391,261.239 22.256586,36.875407,262.231 22.25666,36.875447,263.602 22.257065,36.875716,267.733 22.257182,36.875824,268.899 22.257229,36.875892,269.428 22.257494,36.875869,269.382 22.258421,36.875877,263.833 22.258609,36.875898,263.341 22.258771,36.875898,262.445 22.258983,36.875869,260.497 22.259128,36.875829,258.815 22.259389,36.875778,257.41 22.259669,36.875707,255.351 22.26,36.875711,256.596 22.260291,36.875749,257.201 22.260436,36.875767,256.984 22.260677,36.87587,257.497 22.2608,36.875982,258.164 22.260859,36.876154,260.234 22.260902,36.876441,263.654 22.260961,36.876624,266.255 22.261056,36.876683,266.879 22.261392,36.876658,265.838 22.26145,36.876604,265.62 22.261652,36.875774,266.555 22.261678,36.875631,267.397 22.261644,36.875347,269.999 22.261545,36.875102,270.788 22.261349,36.874788,273.413 22.261303,36.874731,273.904 22.261143,36.874631,273.784 22.260588,36.874377,270.372 22.26052,36.874335,270.196 22.260455,36.874274,270.625 22.260394,36.874147,272.316 22.26038,36.874068,272.999 22.260385,36.873979,274.111 22.260412,36.873915,275.164 22.260461,36.873857,275.788 22.260571,36.873789,276.448 22.260674,36.87375,277.279 22.260908,36.873713,279.271 22.261031,36.873714,280.164 22.261235,36.873732,281.762 22.261658,36.873824,284.502 22.262064,36.873894,284.008 22.262184,36.873907,284.056 22.262873,36.87416,285.92 22.263025,36.874182,286.16 22.263273,36.874128,285.443 22.263553,36.874099,285.218 22.2643,36.874041,283.878 22.264518,36.874055,283.529 22.26477,36.874009,282.125 22.26492,36.873952,280.97 22.265221,36.873785,278.802 22.265591,36.873566,278.072 22.26589,36.87338,278.609 22.266205,36.873219,277.692 22.266882,36.872922,279.853 22.266938,36.872857,280.206 22.266942,36.872784,279.988 22.266898,36.872679,280.042 22.266718,36.872539,278.458 22.26662,36.87247,277.376 22.266441,36.872257,275.688 22.266439,36.872182,276.481 22.266468,36.872021,279.322 22.266456,36.871938,280.266 22.26642,36.871907,279.934 22.266344,36.871873,279.167 22.26626,36.871866,278.122 22.266169,36.87187,276.85 22.26611,36.87186,276.204 22.266039,36.871832,275.84 22.265988,36.871767,276.226 22.265941,36.871633,277.284 22.265917,36.871442,277.712 22.265907,36.871167,278.594 22.26599,36.870854,280.618 22.266153,36.870534,281.224 22.266212,36.87047,281.418 22.266259,36.870432,281.62 22.266366,36.870383,282.214 22.26667,36.870278,284.012 22.267231,36.869996,282.988 22.267438,36.869881,282.492 22.267676,36.869759,282.581 22.268009,36.869561,282.672 22.268096,36.86949,282.45 22.268155,36.869413,282.317 22.268211,36.869251,282.17 22.268249,36.869001,281.404 22.268263,36.868954,281.234 22.268328,36.868683,280.986 22.26838,36.868578,281.029 22.268513,36.868436,280.609 22.268627,36.868376,280.413 22.268692,36.86836,280.746 22.268764,36.868351,281.193 22.268886,36.868346,282.025 22.269047,36.868383,282.85 22.269263,36.868468,284.316 22.269551,36.868556,286.063 22.269686,36.868575,286.723 22.269771,36.868561,287.171 22.26982,36.868544,287.462 22.269891,36.868507,287.84 22.270032,36.868396,288.456 22.270169,36.868428,289.558 22.270219,36.868451,290 22.270396,36.868737,292.304 22.270452,36.86885,293.114 22.270544,36.869125,295.617 22.270672,36.869334,297.441 22.270813,36.869674,299.62 22.270937,36.87002,302.336 22.271089,36.870331,307.321 22.271252,36.870708,311.522 22.271369,36.871033,312.066 22.271369,36.871305,313.131 22.271404,36.871591,314.945 22.271443,36.871837,315.166 22.271539,36.872064,316.162 22.271602,36.872163,317.069 22.271652,36.872177,317.789 22.271701,36.872149,318.742 22.271733,36.872089,319.433 22.27179,36.87188,320.69 22.271917,36.871619,322.433 22.271992,36.871492,323.012 22.27225,36.871113,323.314 22.272452,36.870849,323.757 22.272554,36.87075,323.683 22.272707,36.870654,324.299 22.272845,36.870541,324.621 22.272969,36.870425,325.125 22.273018,36.870323,324.92 22.273078,36.870133,324.802 22.273301,36.869912,326.901 22.273531,36.869708,328.729 22.273705,36.86951,330.5 22.273952,36.869201,334.515 22.274221,36.86883,338.92 22.274416,36.868477,341.055 22.274547,36.868276,342.347 22.274643,36.868125,343.645 22.274876,36.867806,348.875 22.275166,36.867454,351.491 22.27529,36.867276,351.933 22.275365,36.867151,353.256 22.275396,36.86714,354.109 22.275446,36.867163,355.632 22.275464,36.867214,356.334 22.275428,36.867732,360.764 22.275389,36.868057,362.198 22.275411,36.868278,362.036 22.275598,36.868884,372.157 22.275598,36.869046,373.833 22.275506,36.869343,374.834 22.275478,36.869708,378.171 22.275446,36.869892,378.004 22.275488,36.870127,378.84 22.27557,36.87034,380.497 22.275818,36.870716,386.435 22.276207,36.871229,400.575 22.276249,36.871331,402.065 22.276253,36.871415,402.602 22.276217,36.871509,402.071 22.276157,36.871597,400.95 22.276179,36.871636,401.439 22.276221,36.871653,402.354 22.276267,36.871653,403.34 22.27637,36.871506,405.053 22.276486,36.871316,406.665 22.276554,36.871135,407.282 22.276571,36.871013,407.004 22.27654,36.870628,407.145 22.276486,36.870348,408.95 22.276518,36.869997,412.188 22.276593,36.869671,414.795 22.276663,36.869493,415.392 22.27678,36.869303,416.937 22.276982,36.869026,417.841 22.277661,36.868448,422.144 22.277782,36.868259,423.328 22.277828,36.86806,424.707 22.277846,36.867941,424.57 22.277916,36.867822,425.15 22.27832,36.867452,427.683 22.278638,36.867194,430.179 22.279258,36.866715,433.489 22.279417,36.866571,435.226 22.279792,36.866234,436.83 22.279934,36.866146,436.902 22.280036,36.866092,436.932 22.280125,36.866058,436.962 22.28026,36.866024,437.289 22.280494,36.866004,438.786 22.280919,36.865991,441.752 22.281284,36.865948,444.07 22.281847,36.865893,446.294 22.282173,36.865892,447.63 22.282446,36.86585,448.851 22.282678,36.86576,449.754 22.283069,36.865532,451.008 22.283401,36.865347,452.046 22.283622,36.865202,452.766 22.283953,36.865101,453.594 22.284168,36.865057,454.211 22.284233,36.865043,454.431 22.284635,36.864918,455.579 22.285222,36.864697,457.399 22.285585,36.864549,458.482 22.285686,36.864515,458.724 22.285799,36.864489,459.037 22.286219,36.864421,457.358 22.286295,36.86443,457.182 22.286364,36.864442,457.063 22.286733,36.864515,458.077 22.286879,36.864536,458.57 22.286991,36.864528,458.722 22.287183,36.864468,458.356 22.287795,36.864365,458.472 22.288197,36.864365,459.651 22.288444,36.864347,460.744 22.288655,36.864321,461.825 22.288873,36.864249,461.832 22.289244,36.864051,458.497 22.289346,36.864013,458.076 22.289661,36.864017,459.506 22.289802,36.86403,460.319 22.290065,36.864107,462.609 22.29015,36.864094,463.034 22.29021,36.864047,462.789 22.290274,36.863948,461.824 22.29037,36.863845,461.364 22.290595,36.863665,461.23 22.29089,36.863399,460.402 22.291383,36.863163,461.484 22.291603,36.863064,462.481 22.291787,36.862944,462.519 22.292114,36.862798,461.364 22.292265,36.862747,460.326 22.292499,36.862648,458.599 22.292642,36.862625,457.609 22.292688,36.862643,457.519 22.29274,36.862729,457.897 22.292833,36.862908,459.208 22.292948,36.86301,459.895 22.293084,36.863079,460.534 22.293244,36.863105,461.948 22.293651,36.863227,465.172 22.293886,36.863257,467.601 22.294007,36.863253,468.404 22.294098,36.863231,468.664 22.294244,36.863195,469.345 22.294666,36.862967,469.48 22.295035,36.862798,468.698 22.295269,36.862703,467.792 22.29543,36.862618,466.81 22.295915,36.862538,467.388 22.296206,36.862545,469.035 22.296435,36.862498,469.454 22.296518,36.862489,470.138 22.296669,36.862432,470.324 22.296757,36.862385,470.459 22.29706,36.862188,469.849 22.297307,36.862004,469.242 22.297559,36.861827,467.523 22.297739,36.861716,467.469 22.297859,36.861631,467.308 22.29796,36.861541,466.754 22.298074,36.861456,466.731 22.298145,36.861414,466.86 22.298548,36.861218,469.628 22.298926,36.861062,472.99 22.299314,36.860856,472.805 22.299462,36.860806,472.374 22.299954,36.860668,473.032 22.300286,36.860554,475.133 22.300449,36.860477,476.262 22.30064,36.860373,476.805 22.30098,36.860221,479.113 22.301136,36.860175,480.411 22.301377,36.860128,483.371 22.301739,36.860071,486.915 22.30183,36.860048,486.939 22.302098,36.859955,486.982 22.302439,36.859862,489.432 22.303372,36.859622,496.056 22.304274,36.859347,504.261 22.304605,36.859252,508.796 22.30488,36.859191,511.973 22.305098,36.859069,511.845 22.305193,36.859033,512.385 22.305572,36.858933,514.614 22.306039,36.858909,512.259 22.306344,36.858927,511.177 22.306642,36.859018,513.749 22.306789,36.859072,515.77 22.306902,36.859138,518.089 22.306999,36.859244,522.843 22.307073,36.859268,523.938 22.307139,36.85927,523.947 22.307522,36.859236,522.785 22.307769,36.859277,524.568 22.308024,36.859335,525.917 22.308022,36.859344,526.184 22.308062,36.859377,526.947 22.308115,36.859427,527.441 22.30818,36.859475,527.481 22.308228,36.859527,527.792 22.308254,36.859591,528.744 22.308292,36.859662,529.56 22.308321,36.859739,530.87 22.308343,36.859815,533.166 22.308376,36.859881,534.838 22.308402,36.859944,536.403 22.30842,36.860001,537.838 22.30844,36.860058,538.533 22.308474,36.860116,538.744 22.308488,36.860169,539.345 22.30851,36.860221,539.599 22.308529,36.860272,539.854 22.30855,36.860326,540.068 22.308577,36.860381,540.086 22.308607,36.860429,539.87 22.308629,36.860477,540.19 22.308663,36.860529,540.268 22.308702,36.860574,540.351 22.308747,36.86061,540.531 22.308789,36.860658,541.309 22.308847,36.860706,541.85 22.308887,36.860741,542.382 22.308923,36.860783,543.202 22.30896,36.860823,543.619 22.309007,36.860862,544.087 22.309066,36.860889,543.833 22.309135,36.860908,542.913 22.309212,36.860919,542.336 22.309285,36.86091,541.508 22.309352,36.860889,540.47 22.309407,36.860865,539.688 22.309462,36.860849,539.633 22.309518,36.860847,540.541 22.309569,36.860873,541.715 22.309605,36.860908,542.571 22.309662,36.860955,543.486 22.3097,36.860989,543.869 22.309746,36.861016,544.46 22.309801,36.861061,545.339 22.309866,36.861096,546.183 22.309915,36.86114,547.143 22.309975,36.861177,548.221 22.310017,36.861228,549.045 22.31006,36.861275,549.75 22.310084,36.861319,550.104 22.310031,36.861337,549.821 22.310047,36.861383,550.141 22.310062,36.861437,550.993 22.310077,36.861494,552.001 22.310085,36.861546,552.915 22.310103,36.861607,554.094 22.310109,36.861655,554.976 22.310107,36.861706,556.038 22.310108,36.861756,557.168 22.310107,36.861806,558.28 22.310104,36.861851,559.271 22.310103,36.861916,560.73 22.310094,36.861975,561.558 22.310069,36.862032,561.879 22.310069,36.862078,562.21 22.310026,36.862123,562.379 22.309978,36.862176,563.195 22.309941,36.862219,564.459 22.309916,36.862266,565.747 22.309899,36.862331,567.112 22.309896,36.862377,567.85 22.309901,36.862442,568.66 22.309895,36.862501,569.654 22.309902,36.862561,569.973 22.309893,36.862625,570.7 22.309892,36.862684,571.194 22.309915,36.862742,571.222 22.309935,36.862789,571.341 22.309935,36.862838,572.088 22.30994,36.862884,572.692 22.309926,36.86294,573.824 22.309904,36.862991,575.064 22.3099,36.863038,575.884 22.30988,36.863092,577.003 22.30988,36.863144,577.591 22.309866,36.86319,578.363 22.309856,36.863235,579.025 22.309799,36.863278,580.386 22.309779,36.863321,581.075 22.309739,36.863361,581.982 22.30974,36.863416,582.415 22.309722,36.863481,583.069 22.309723,36.863535,583.449 22.309669,36.863571,584.944 22.309626,36.863604,586.054 22.309572,36.863633,587.554 22.309516,36.863665,589.136 22.309456,36.863693,590.659 22.309407,36.863729,592.74 22.309364,36.863759,594.591 22.30936,36.86382,595.065 22.309367,36.863867,595.104 22.309386,36.86391,594.867 22.309392,36.86397,595.205 22.309417,36.864024,594.859 22.309455,36.864061,594.181 22.309468,36.864116,594.573 22.309477,36.864162,594.959 22.309452,36.864206,595.712 22.309437,36.864254,596.823 22.309458,36.864302,597.46 22.309496,36.864342,598.273 22.30953,36.864394,599.344 22.309534,36.864447,600.374 22.309516,36.864494,601.201 22.30947,36.864524,601.369 22.30946,36.864575,602.068 22.309447,36.86463,602.712 22.309412,36.864666,604.125 22.309389,36.864721,605.579 22.309395,36.864768,606.596 22.309408,36.864816,607.529 22.309405,36.864866,608.909 22.309414,36.864912,609.968 22.3094,36.864963,611.521 22.309402,36.865017,612.623 22.309368,36.865067,613.416 22.309346,36.865131,614.144 22.309314,36.865189,614.811 22.309264,36.865214,615.259 22.309249,36.865258,615.59 22.309246,36.865313,616.203 22.309218,36.865353,616.778 22.309171,36.865383,617.139 22.30915,36.865425,618.335 22.309107,36.86546,620.552 22.309055,36.865492,623.012 22.308995,36.865518,625.643 22.308956,36.865563,627.581 22.308909,36.8656,630.303 22.308854,36.865648,634.132 22.3088,36.865667,637.717 22.308744,36.865703,641.434 22.308698,36.865749,644.364 22.308643,36.86577,647.351 22.308642,36.865823,647.53 22.308638,36.865874,647.812 22.308618,36.865918,648.715 22.308604,36.865976,649.382 22.30859,36.866033,650.04 22.308564,36.866077,651.16 22.308558,36.866123,651.109 22.308539,36.86617,651.094 22.30852,36.866224,650.784 22.308498,36.866268,650.582 22.308493,36.866316,649.694 22.308442,36.866348,650.113 22.308423,36.866396,649.3 22.308403,36.866452,648.951 22.308386,36.866501,648.591 22.308369,36.866562,648.025 22.308341,36.866619,647.594 22.308335,36.866676,647.15 22.308334,36.866722,647.99 22.308354,36.866781,648.896 22.308352,36.866828,649.78 22.308324,36.866882,651.085 22.308292,36.866934,652.71 22.308277,36.866987,653.124 22.30826,36.867036,653.323 22.308238,36.867082,653.549 22.308223,36.867132,653.579 22.308241,36.867189,653.116 22.308245,36.867251,653.227 22.308237,36.867307,653.862 22.308232,36.867358,654.429 22.308269,36.867395,654.227 22.308299,36.867441,654.141 22.308344,36.867472,653.987 22.308392,36.867504,655.186 22.308444,36.867474,655.768 22.30847,36.867431,655.841 22.308512,36.867396,656.226 22.308544,36.867346,656.263 22.308576,36.867299,656.289 22.308626,36.867264,656.971 22.308659,36.867224,657.741 22.308695,36.867184,658.207 22.308732,36.867137,658.417 22.308778,36.867098,658.966 22.308828,36.867076,659.943 22.308901,36.867056,661.623 22.308962,36.867017,662.527 22.308995,36.866979,662.481 22.30904,36.866933,662.379 22.309088,36.866884,661.684 22.309135,36.866853,661.732 22.309168,36.866814,660.965 22.309209,36.866763,660.742 22.309241,36.866706,659.817 22.309274,36.866649,659.355 22.309313,36.866598,660.015 22.30935,36.866556,660.593 22.309397,36.866525,661.774 22.309444,36.866492,662.693 22.309482,36.866459,662.844 22.309516,36.866418,662.298 22.309564,36.866392,662.589 22.30962,36.866367,663.239 22.309671,36.866344,663.879 22.309725,36.866323,664.726 22.309782,36.866305,666.067 22.309837,36.866291,667.462 22.309909,36.866276,669.387 22.309959,36.866256,670.332 22.310027,36.866257,673.194 22.310041,36.866304,675.865 22.310041,36.86635,677.76 22.309985,36.866372,675.794 22.309924,36.866373,673.65 22.309865,36.866386,672.031 22.309812,36.866421,672.235 22.309759,36.866452,672.216 22.309711,36.866487,672.581 22.309662,36.866522,672.685 22.309635,36.866568,674.032 22.309614,36.866614,675.45 22.309596,36.866667,677.198 22.309593,36.866727,679.628 22.309593,36.866777,681.788 22.309605,36.866828,684.64 22.309588,36.866877,685.838 22.309587,36.866832,683.84 22.309628,36.866874,687.869 22.309684,36.866877,691.022 22.309711,36.866821,690.061 22.309706,36.866771,687.631 22.309722,36.866725,686.508 22.309757,36.866673,685.662 22.309789,36.866624,683.996 22.309826,36.866587,683.127 22.309882,36.866553,683.135 22.309932,36.866525,683.252 22.310001,36.866492,683.741 22.310052,36.866464,684.913 22.310102,36.866443,686.453 22.310187,36.866417,689.661 22.310256,36.866423,694.069 22.310303,36.866395,694.774 22.310379,36.86637,697.44 22.310443,36.866341,699.201 22.31047,36.86628,697.078 22.310488,36.866217,694.284 22.310512,36.866159,691.968 22.310548,36.866106,690.564 22.310603,36.866065,691.513 22.310653,36.866029,692.28 22.310698,36.865989,692.752 22.310738,36.865945,692.93 22.310787,36.86591,693.552 22.310842,36.865866,693.966 22.310912,36.865829,693.934 22.310978,36.865818,694.394 22.31105,36.865795,694.434 22.31112,36.865783,694.861 22.311188,36.865779,694.936 22.311249,36.865792,695.838 22.311305,36.865822,697.764 22.311356,36.865848,699.443 22.311417,36.865875,700.793 22.31148,36.865907,702.053 22.311535,36.865938,703.441 22.311592,36.865961,704.521 22.311646,36.865981,705.536 22.311706,36.866004,706.547 22.311763,36.86604,708.21 22.311822,36.866079,710.032 22.311871,36.86612,711.968 22.311926,36.866156,713.384 22.311979,36.866193,715.098 22.312038,36.866238,717.645 22.312112,36.866268,719.745 22.312192,36.866266,720.006 22.312258,36.866246,719.161 22.312318,36.866229,718.669 22.312343,36.866277,722.508 22.312289,36.866315,724.578 22.312234,36.866345,726.003 22.312157,36.866351,725.525 22.312084,36.866342,724.138 22.312019,36.866309,721.584 22.311964,36.866269,719.057 22.311885,36.866242,717.924 22.311837,36.866212,716.718 22.311785,36.866186,715.768 22.311733,36.866164,715.043 22.311672,36.86615,714.784 22.311611,36.866143,714.315 22.311548,36.866144,714.163 22.311481,36.86615,714.245 22.311422,36.866155,714.312 22.311366,36.866162,714.303 22.311287,36.866175,714.035 22.311239,36.866201,714.737 22.311202,36.866239,716.117 22.311132,36.866269,716.658 22.311079,36.866321,718.132 22.311048,36.866374,720.118 22.311028,36.866419,721.946 22.311011,36.866474,724.292 22.311005,36.86652,726.406 22.31101,36.866574,729.086 22.311014,36.866622,731.455 22.311005,36.866668,733.533 22.310966,36.866704,734.505 22.310924,36.86674,735.199 22.310865,36.866765,734.884 22.310821,36.866796,734.88 22.310786,36.866843,735.52 22.310736,36.86688,735.459 22.310686,36.866901,734.88 22.310636,36.866922,734.3 22.310609,36.866971,735.336 22.310588,36.867016,736.347 22.310564,36.867071,737.41 22.310544,36.867116,738.133 22.310517,36.867172,738.896 22.310496,36.867222,739.635 22.310474,36.867272,739.972 22.310456,36.867315,740.276 22.310436,36.867359,740.5 22.310423,36.867408,741.113 22.310378,36.867448,740.139 22.310329,36.867491,739.012 22.310287,36.867538,738.502 22.310259,36.867577,738.425 22.31023,36.867631,738.79 22.310262,36.867672,741.307 22.310317,36.867647,743.077 22.310359,36.867597,743.507 22.31042,36.867573,745.516 22.310458,36.867536,745.991 22.310502,36.867493,746.515 22.310546,36.867455,747.459 22.310599,36.867426,749.44 22.310647,36.867378,750.719 22.310692,36.867332,751.837 22.310729,36.867289,752.575 22.310775,36.867247,753.755 22.310826,36.867202,754.479 22.310885,36.867163,754.449 22.310947,36.867136,755.126 22.311004,36.867108,755.565 22.311068,36.867091,756.89 22.311134,36.867096,759.216 22.311201,36.867106,761.194 22.311274,36.867106,762.728 22.311338,36.867113,764.435 22.311408,36.867115,765.845 22.311474,36.867118,766.858 22.311544,36.867117,767.719 22.311604,36.867109,768.076 22.311661,36.867092,767.896 22.311717,36.86706,766.934 22.311774,36.867034,766.244 22.311833,36.867019,766.144 22.31189,36.867018,766.81 22.311905,36.867062,769.648 22.311855,36.867099,771.134 22.311825,36.867138,772.956 22.311772,36.867181,774.557 22.311712,36.867216,775.473 22.311657,36.867245,775.918 22.311586,36.867258,775.401 22.311535,36.867308,776.679 22.311476,36.867286,774.766 22.31142,36.86727,773.226 22.311347,36.867295,772.787 22.311292,36.867324,772.664 22.311234,36.867356,772.491 22.311166,36.867385,771.908 22.311119,36.867427,772.081 22.311077,36.867472,771.966 22.311038,36.867516,771.814 22.311014,36.867563,772.239 22.310993,36.867606,772.639 22.310977,36.867658,773.448 22.310964,36.867709,774.325 22.310953,36.867758,775.21 22.310946,36.86781,776.067 22.310945,36.867862,777 22.310957,36.867906,778.36 22.310986,36.867957,780.69 22.310998,36.868001,782.164 22.311014,36.868052,784.029 22.311031,36.868097,785.324 22.311031,36.868143,785.725 22.311042,36.868195,786.773 22.311086,36.868246,789.667 22.311122,36.868298,792.201 22.311134,36.868356,793.583 22.311144,36.868412,795.009 22.311134,36.86846,795.173 22.311104,36.868518,794.216 22.311073,36.868572,793.006 22.31105,36.868628,792.363 22.311028,36.868679,792.031 22.311025,36.868736,793.055 22.311022,36.868787,793.977 22.311026,36.868839,795.275 22.311056,36.868881,797.472 22.311097,36.868922,799.051 22.311146,36.868971,800.458 22.311195,36.869001,801.989 22.311247,36.869032,803.584 22.311307,36.869065,805.408 22.311354,36.869094,806.758 22.311399,36.869123,807.979 22.311446,36.86916,808.966 22.311506,36.869192,810.742 22.311562,36.869231,812.522 22.311611,36.869272,814.12 22.311604,36.869333,813.835 22.311596,36.869391,813.505 22.311544,36.869421,811.621 22.311487,36.869455,809.787 22.311419,36.869479,807.857 22.31136,36.869508,806.413 22.311297,36.869542,805.014 22.311262,36.869581,804.614 22.311224,36.869616,803.997 22.311199,36.869662,804.011 22.311188,36.869718,804.688 22.311158,36.869771,804.831 22.311132,36.869814,804.809 22.311099,36.869863,804.604 22.311042,36.8699,803.213 22.311028,36.869956,803.649 22.311029,36.870007,804.352 22.311045,36.870068,804.165 22.31108,36.870125,804.856 22.311126,36.870173,806.306 22.311171,36.87021,808.268 22.311205,36.870246,809.75 22.311262,36.870282,812.622 22.311316,36.870311,815.235 22.31138,36.870335,818.465 22.311444,36.870356,821.029 22.311507,36.870379,823.435 22.311559,36.870401,825.402 22.311613,36.870416,827.595 22.311674,36.870438,829.968 22.311732,36.870462,831.778 22.311793,36.870499,833.455 22.311849,36.87053,834.992 22.311906,36.870567,836.163 22.311949,36.870604,836.226 22.311984,36.870654,835.333 22.312,36.870709,833.613 22.312031,36.870759,832.52 22.312076,36.870787,832.703 22.312127,36.870814,833.069 22.312203,36.870832,834.504 22.312273,36.870812,837.398 22.312353,36.870817,839.5 22.312425,36.870841,840.509 22.312483,36.870853,841.661 22.312544,36.870856,843.605 22.3126,36.870868,845.102 22.312676,36.870886,847.061 22.312733,36.870925,847.428 22.312789,36.870967,847.609 22.312842,36.871013,847.469 22.312898,36.87105,847.873 22.312967,36.871095,848.468 22.313012,36.871146,847.065 22.313068,36.8712,845.382 22.313138,36.871262,843.808 22.313195,36.871332,841.31 22.313244,36.871389,839.46 22.313285,36.871437,840.137 22.313343,36.871493,841.073 22.313404,36.871537,842.074 22.313464,36.871576,843.029 22.313507,36.871606,843.585 22.313581,36.871687,844.165 22.313701,36.871785,847.223 22.313834,36.871875,849.213 22.313904,36.871921,849.975 22.31396,36.871969,851.556 22.314005,36.872017,852.829 22.313994,36.87209,852.246 22.314034,36.872159,852.541 22.314034,36.872205,852.18 22.313957,36.87221,851.489 22.313893,36.872201,850.886 22.313818,36.872185,849.932 22.31375,36.872157,848.913 22.313692,36.872145,848.121 22.31362,36.872142,847.239 22.313556,36.872144,846.647 22.313488,36.872168,846.355 22.313427,36.87221,846.484 22.313379,36.872264,847.507 22.313326,36.872315,848.654 22.313262,36.872337,849.155 22.3132,36.872307,848.108 22.313166,36.872264,846.691 22.313125,36.872221,845.225 22.313081,36.872187,844.342 22.313014,36.872163,843.625 22.31295,36.872134,842.732 22.312875,36.87211,841.788 22.312795,36.872093,840.9 22.312738,36.872086,840.311 22.312677,36.87209,840.06 22.312619,36.872096,839.976 22.312537,36.872105,840.009 22.312481,36.872112,840.106 22.312406,36.872104,838.951 22.312338,36.872097,837.816 22.312261,36.872106,837.868 22.312196,36.872141,839.978 22.312135,36.872176,841.275 22.312116,36.872225,844.704 22.312103,36.87227,846.668 22.312076,36.872327,848.96 22.312049,36.872377,851.021 22.312043,36.872438,854.296 22.312022,36.872492,856.939 22.311992,36.872534,858.164 22.311964,36.872587,859.572 22.311928,36.87263,859.764 22.311892,36.872677,859.42 22.311859,36.872719,859.027 22.311826,36.872759,858.53 22.311782,36.872797,857.44 22.311742,36.872846,857.378 22.311711,36.872898,858.198 22.311688,36.872946,859.428 22.311674,36.872995,861.247 22.311656,36.873049,863.395 22.311639,36.87311,864.694 22.311629,36.873169,865.965 22.311622,36.873229,867.346 22.311621,36.873276,868.535 22.311618,36.873327,869.785 22.311619,36.873377,870.577 22.311629,36.873427,871.427 22.311653,36.873478,872.395 22.311681,36.873529,873.599 22.311707,36.873579,875.072 22.311707,36.873639,876.54 22.31169,36.873683,877.772 22.311635,36.873704,877.899 22.311579,36.873694,877.265 22.311508,36.873705,877.485 22.311444,36.873714,877.643 22.311382,36.87371,877.346 22.31132,36.873699,877.541 22.31127,36.873659,876.353 22.311221,36.873629,875.586 22.311178,36.873591,874.643 22.31113,36.873551,873.863 22.31107,36.873518,873.871 22.310997,36.87349,874.541 22.310932,36.873468,875.232 22.310873,36.87344,875.599 22.310808,36.87342,876.532 22.310746,36.873395,877.408 22.310683,36.873375,878.382 22.310628,36.873347,878.726 22.310578,36.873316,878.686 22.310529,36.873288,878.838 22.310467,36.873253,879.264 22.310403,36.873222,880.024 22.310347,36.873192,880.665 22.310291,36.873159,881.283 22.310235,36.873132,882.207 22.310176,36.87311,883.48 22.310115,36.873087,884.859 22.310063,36.873054,885.677 22.31001,36.873023,886.568 22.30996,36.872988,887.107 22.309915,36.872946,887.204 22.309872,36.872902,887.172 22.309834,36.872851,886.751 22.3098,36.872794,886.006 22.309752,36.872738,885.828 22.309726,36.872695,885.477 22.309689,36.87266,885.394 22.309632,36.872624,885.665 22.309568,36.872623,887.119 22.30949,36.87263,889.151 22.309418,36.872634,890.627 22.309343,36.872634,891.437 22.309259,36.872635,892.377 22.309193,36.872615,892.442 22.309135,36.872595,892.192 22.309087,36.872566,891.425 22.309052,36.872527,890.288 22.309009,36.872491,889.132 22.308948,36.872452,887.504 22.308881,36.872424,886.366 22.3088,36.872401,884.521 22.308739,36.872391,883.492 22.308677,36.872387,882.734 22.308608,36.87241,883.056 22.308555,36.872447,883.787 22.308507,36.872493,885.17 22.308461,36.872535,886.156 22.308424,36.872569,886.871 22.308383,36.872612,887.819 22.308367,36.87267,889.679 22.308373,36.872726,891.823 22.308352,36.872776,893.272 22.30835,36.872825,893.521 22.308358,36.872879,893.97 22.308386,36.872932,895.03 22.308417,36.872974,896.276 22.308449,36.873019,897.758 22.308478,36.873073,899.175 22.308519,36.873122,900.524 22.308561,36.873177,901.838 22.308601,36.87322,903.066 22.308635,36.873269,903.926 22.308677,36.873301,905.141 22.308725,36.873359,906.652 22.308775,36.873406,908.156 22.30883,36.87345,909.761 22.308888,36.873489,911.413 22.308923,36.873543,912.23 22.308925,36.873594,912.2 22.308916,36.873651,911.448 22.308909,36.873709,910.594 22.308923,36.873762,910.476 22.308959,36.873815,911.07 22.309007,36.873867,912.063 22.309039,36.873914,912.668 22.309072,36.873953,913.324 22.309081,36.874014,912.978 22.309064,36.874071,912.02 22.309048,36.874123,911.224 22.309029,36.874178,910.787 22.309021,36.874239,912.077 22.309051,36.874292,913.813 22.309081,36.874331,915.19 22.309103,36.87438,916.638 22.309139,36.874418,918.021 22.30918,36.874458,919.878 22.309218,36.874507,922.815 22.309263,36.874535,925.394 22.309279,36.874581,927.66 22.309266,36.874628,928.875 22.309194,36.874662,927.166 22.309124,36.874679,925.726 22.309059,36.874696,924.898 22.308996,36.874718,924.195 22.308925,36.874752,923.157 22.308881,36.874785,922.429 22.308832,36.874839,921.504 22.308799,36.874897,921.179 22.308779,36.874939,921.09 22.308771,36.874984,921.408 22.308771,36.875032,922.296 22.308765,36.875094,923.462 22.308767,36.875154,924.816 22.308754,36.875203,925.5 22.308755,36.875261,926.782 22.308761,36.875308,928.179 22.308785,36.875362,930.357 22.308781,36.875411,931.623 22.308799,36.875465,933.565 22.308849,36.87551,935.943 22.308908,36.875534,937.949 22.308971,36.875564,940.285 22.309025,36.875597,942.404 22.309036,36.875655,944.002 22.308999,36.875704,944.414 22.308939,36.875723,943.759 22.308888,36.875762,943.936 22.308889,36.875813,945.416 22.308897,36.875858,946.916 22.308922,36.87591,948.961 22.308929,36.875962,950.746 22.308928,36.876007,952.19 22.308913,36.876051,953.4 22.308888,36.876099,954.61 22.308878,36.876146,956.793 22.308865,36.876191,959.088 22.308842,36.876244,961.786 22.308832,36.876293,964.238 22.308826,36.876342,966.675 22.308818,36.876393,969.097 22.308877,36.876392,969.059 22.308936,36.876386,969.029 22.308988,36.876344,967.267 22.309044,36.876323,966.635 22.309067,36.876278,964.82 22.309089,36.876236,963.204 22.309097,36.876177,960.784 22.30912,36.876126,958.945 22.309131,36.876057,956.733 22.30916,36.876011,955.66 22.309183,36.875964,954.735 22.309243,36.875918,955.133 22.309299,36.87587,955.413 22.309358,36.875846,956.578 22.309431,36.875828,958.468 22.309477,36.875799,959.979 22.309518,36.875752,961.011 22.309523,36.875697,960.089 22.309511,36.875637,958.312 22.3095,36.875577,956.632 22.309502,36.875529,955.973 22.309501,36.875473,955.287 22.309529,36.875428,955.831 22.309559,36.875372,956.281 22.309589,36.875328,956.84 22.309621,36.875288,957.49 22.309669,36.875254,958.827 22.309712,36.875217,959.976 22.309762,36.875195,961.194 22.309808,36.875167,962.211 22.309854,36.875139,963.296 22.309924,36.875118,965.195 22.309959,36.875082,966.054 22.310008,36.875032,967.225 22.310056,36.874987,967.239 22.310106,36.874941,966.334 22.310141,36.874902,965.337 22.310194,36.874874,964.653 22.310255,36.874872,964.836 22.310298,36.874902,965.991 22.310292,36.874951,968.014 22.310254,36.874993,969.475 22.310205,36.875032,969.924 22.310154,36.875053,969.594 22.310124,36.8751,969.824 22.310103,36.875145,969.989 22.310075,36.875189,969.776 22.31005,36.875247,969.55 22.310032,36.875298,969.734 22.310013,36.875349,970.519 22.310002,36.875406,971.765 22.309987,36.875462,972.854 22.309978,36.875516,974.035 22.309987,36.875565,975.79 22.310008,36.87561,978.046 22.310043,36.875657,980.778 22.310078,36.875698,983.279 22.310115,36.875732,985.594 22.310156,36.875779,988.404 22.310191,36.875827,990.999 22.310209,36.875871,992.756 22.31019,36.875924,993.458 22.310159,36.875972,993.505 22.310116,36.876015,992.848 22.310085,36.876068,992.754 22.310054,36.876113,992.395 22.310039,36.876171,993.655 22.310041,36.876225,995.522 22.310047,36.87628,997.605 22.310046,36.87633,999.21 22.31005,36.876392,1001.442 22.310078,36.876451,1004.572 22.310067,36.876497,1005.558 22.31004,36.876542,1005.987 22.310004,36.876585,1006.196 22.309958,36.876625,1005.859 22.309916,36.876671,1005.766 22.309879,36.876712,1005.238 22.309844,36.876752,1004.876 22.309824,36.876795,1005.219 22.309799,36.876837,1005.438 22.309782,36.876881,1006.042 22.309768,36.876936,1007.09 22.309755,36.876994,1007.742 22.309741,36.877044,1008.071 22.309713,36.877094,1007.86 22.309709,36.877144,1008.487 22.309706,36.877207,1009.359 22.309719,36.877263,1011.1 22.309703,36.877325,1012.578 22.309696,36.877371,1013.826 22.309682,36.877418,1015.033 22.309665,36.877468,1016.365 22.309634,36.877509,1017.47 22.309607,36.87756,1019.511 22.309565,36.877602,1020.819 22.309519,36.877635,1021.543 22.309455,36.87767,1021.916 22.309397,36.877698,1022.572 22.309334,36.877717,1023.022 22.309279,36.877709,1022.386 22.309217,36.877704,1021.825 22.309155,36.877702,1021.599 22.309091,36.877691,1021.858 22.309025,36.877675,1021.853 22.308973,36.877657,1021.53 22.308908,36.877626,1020.604 22.308843,36.877594,1019.96 22.308782,36.877561,1019.171 22.30871,36.877524,1018.095 22.308642,36.877489,1016.93 22.30857,36.877466,1016.948 22.308502,36.877478,1019.121 22.308436,36.87747,1020.122 22.308384,36.877444,1019.845 22.308333,36.877418,1019.575 22.308278,36.877395,1018.954 22.308218,36.877371,1018.443 22.308155,36.877348,1018.13 22.308111,36.877398,1020.975 22.308076,36.877435,1022.993 22.308012,36.877495,1025.011 22.307964,36.877541,1026.667 22.307926,36.87758,1028.027 22.307883,36.877628,1029.583 22.307841,36.877667,1030.501 22.3078,36.877702,1031.086 22.30777,36.877745,1032.158 22.307721,36.877788,1031.958 22.307689,36.877827,1031.54 22.307662,36.877868,1031.445 22.307625,36.877906,1031.02 22.30759,36.877951,1030.947 22.307559,36.878003,1031.306 22.307524,36.878055,1031.676 22.3075,36.878097,1032.94 22.30747,36.878145,1034.65 22.307434,36.878194,1036.174 22.307412,36.878238,1037.647 22.307388,36.878283,1039.041 22.307359,36.878334,1040.49 22.307343,36.87838,1043.111 22.307325,36.878435,1046.368 22.307307,36.878485,1049.39 22.307266,36.878532,1051.956 22.307228,36.878574,1054.402 22.307181,36.878617,1057.315 22.307111,36.878627,1057.835 22.30706,36.878605,1055.989 22.306995,36.878584,1054.31 22.306938,36.878566,1052.845 22.306873,36.878549,1050.98 22.306809,36.878542,1049.81 22.306751,36.878539,1048.978 22.30669,36.878548,1048.935 22.306631,36.878566,1049.078 22.306568,36.878605,1050.119 22.306522,36.87864,1051.068 22.306474,36.878675,1051.895 22.30643,36.878706,1052.552 22.30638,36.878741,1053.179 22.306343,36.878777,1053.97 22.306303,36.878814,1054.678 22.306258,36.878851,1055.17 22.306217,36.878882,1055.431 22.306186,36.87892,1056.682 22.30615,36.878964,1058.229 22.306106,36.878993,1058.636 22.306068,36.879031,1060.278 22.306035,36.879067,1061.898 22.306,36.879105,1063.604 22.305963,36.879152,1065.85 22.305931,36.8792,1068.347 22.305905,36.879243,1070.698 22.305862,36.879291,1073.077 22.305822,36.879323,1074.497 22.305767,36.879356,1075.659 22.305708,36.87938,1075.957 22.305652,36.879402,1076.026 22.305596,36.879431,1076.306 22.305535,36.879454,1075.974 22.305482,36.879473,1075.699 22.305421,36.879495,1075.454 22.305365,36.879528,1075.906 22.305311,36.879555,1076.194 22.305246,36.879579,1076.21 22.305191,36.879612,1076.883 22.305145,36.879642,1077.567 22.305095,36.87968,1078.582 22.305035,36.87971,1079.014 22.304982,36.87974,1079.633 22.304927,36.879767,1080.163 22.304895,36.879806,1081.596 22.304844,36.879832,1082.064 22.304799,36.879864,1082.882 22.304762,36.879909,1084.41 22.304724,36.879951,1085.738 22.304687,36.879995,1087.39 22.304653,36.880033,1087.728 22.304613,36.88007,1087.828 22.304581,36.880117,1088.16 22.304527,36.880141,1087.922 22.304484,36.88018,1088.019 22.304442,36.880224,1088.243 22.304405,36.880269,1089.158 22.304383,36.880321,1089.754 22.304381,36.880375,1090.157 22.304373,36.880421,1090.546 22.304419,36.880463,1090.517 22.304445,36.880506,1090.649 22.304485,36.880559,1091.371 22.304529,36.8806,1091.148 22.304571,36.880638,1091.127 22.304612,36.880685,1091.138 22.304667,36.880701,1091.94 22.304712,36.880751,1092.379 22.304766,36.880796,1094.087 22.304823,36.880837,1095.877 22.304874,36.880889,1096.316 22.304924,36.880935,1096.962 22.304978,36.880981,1097.834 22.305015,36.881029,1097.953 22.305051,36.881085,1097.64 22.305099,36.881139,1097.123 22.305151,36.881191,1096.253 22.305201,36.881231,1095.881 22.305255,36.881278,1095.217 22.305313,36.881324,1095.064 22.305383,36.881368,1095.967 22.305457,36.881407,1097.536 22.305545,36.881429,1100.757 22.305658,36.881458,1105.363 22.305741,36.881504,1107.488 22.305819,36.88157,1108.165 22.305856,36.881611,1107.932 22.305903,36.881692,1106.599 22.305921,36.881742,1105.778 22.305944,36.881842,1103.64 22.30595,36.881892,1102.32 22.305946,36.881988,1100.233 22.305946,36.882073,1100.1 22.305958,36.882144,1100.581 22.305978,36.882208,1101.307 22.306014,36.882268,1101.272 22.306069,36.882324,1101.628 22.306153,36.882368,1103.532 22.306245,36.882415,1105.096 22.306336,36.882471,1105.197 22.306374,36.882504,1104.408 22.306433,36.882565,1104.528 22.306486,36.882635,1104.369 22.30652,36.882691,1103.897 22.306557,36.882735,1104.074 22.306597,36.882777,1104.518 22.306656,36.882809,1106.222 22.306722,36.882834,1108.083 22.306792,36.882859,1109.934 22.306851,36.882881,1111.382 22.306925,36.882932,1112.02 22.307001,36.882974,1112.997 22.30708,36.883023,1113.834 22.307134,36.88306,1114.255 22.307188,36.883091,1114.619 22.307252,36.88311,1115.936 22.307324,36.883128,1117.491 22.307383,36.883137,1119.097 22.307454,36.88315,1120.904 22.307523,36.883163,1122.34 22.307596,36.883171,1123.568 22.30766,36.883186,1124.213 22.307724,36.883196,1125.157 22.307789,36.883213,1125.695 22.307851,36.883243,1125.104 22.307923,36.883279,1124.23 22.307989,36.883321,1122.775 22.308044,36.883359,1121.255 22.308093,36.883399,1119.9 22.308156,36.883459,1117.384 22.308231,36.883513,1115.015 22.308298,36.883566,1112.088 22.308384,36.88362,1110.262 22.308485,36.883665,1110.844 22.308563,36.883707,1110.543 22.30863,36.883752,1109.947 22.30869,36.883793,1110.712 22.308725,36.883835,1110.193 22.308748,36.883891,1108.337 22.308768,36.883955,1108.883 22.308823,36.884002,1111.961 22.308855,36.884042,1113.544 22.308889,36.884093,1115.068 22.308927,36.884142,1116.724 22.308967,36.884189,1118.14 22.309008,36.884231,1119.205 22.30905,36.884273,1120.009 22.309088,36.884328,1119.787 22.309125,36.884386,1119.014 22.309174,36.884448,1118.056 22.309189,36.884511,1116.566 22.309229,36.884587,1115.241 22.309284,36.884674,1113.923 22.309303,36.884716,1113.124 22.309329,36.884788,1112.854 22.309379,36.884856,1113 22.309431,36.884924,1112.909 22.309488,36.884991,1113.248 22.309556,36.885055,1114.177 22.309604,36.885091,1114.801 22.309709,36.885166,1115.764 22.309816,36.885237,1118.209 22.309904,36.885338,1120.903 22.309867,36.885427,1120.029 22.309834,36.885496,1119.126 22.30981,36.885555,1118.473 22.309785,36.8856,1118.518 22.309766,36.885645,1118.767 22.309737,36.885711,1119.002 22.30971,36.885758,1118.904 22.309682,36.885816,1118.933 22.309679,36.885864,1119.888 22.309686,36.885929,1121.801 22.30969,36.885994,1123.59 22.309662,36.88605,1123.689 22.30963,36.886102,1123.465 22.309611,36.88616,1124.449 22.309589,36.886217,1125.379 22.309564,36.886265,1125.897 22.309535,36.886316,1126.374 22.309492,36.886361,1126.068 22.309449,36.886405,1126.013 22.309408,36.886451,1126.905 22.309361,36.88649,1127.037 22.309312,36.88653,1126.844 22.309264,36.886572,1126.463 22.309227,36.886614,1126.277 22.309189,36.886656,1125.8 22.309156,36.88671,1126.182 22.309122,36.886764,1127.068 22.309111,36.886812,1128.183 22.309086,36.886864,1128.91 22.309067,36.88693,1130.037 22.309046,36.887004,1130.327 22.309014,36.887079,1129.909 22.308978,36.887162,1129.277 22.308945,36.887256,1129.445 22.308923,36.887301,1129.922 22.308895,36.88735,1130.374 22.308819,36.887431,1130.5 22.308777,36.887468,1130.338 22.308701,36.887533,1130.146 22.308617,36.887587,1129.916 22.308544,36.88764,1129.993 22.308479,36.887691,1130.119 22.308421,36.88774,1130.301 22.308369,36.887793,1130.442 22.308351,36.887853,1131.094 22.308337,36.887926,1132.278 22.308328,36.888,1133.666 22.308315,36.888074,1134.476 22.308302,36.888156,1133.641 22.308317,36.888247,1133.309 22.308306,36.888347,1132.336 22.30827,36.888431,1130.404 22.308238,36.888503,1128.403 22.308259,36.888565,1128.044 22.308316,36.888604,1129.461 22.308443,36.888607,1129.661 22.308503,36.888614,1129.302 22.308646,36.888592,1129.227 22.308699,36.888574,1129.394 22.308743,36.888538,1129.966 22.308817,36.888516,1130.225 22.30888,36.888492,1130.591 22.308943,36.888469,1131.36 22.309043,36.888481,1131.66 22.309141,36.88854,1131.119 22.30918,36.888577,1130.902 22.309221,36.888616,1130.925 22.309269,36.888701,1127.016 22.309296,36.888745,1124.541 22.309329,36.888802,1120.842 22.30944,36.888885,1113.4 22.309514,36.888914,1113.152 22.309683,36.888935,1116.364 22.30977,36.888945,1118.438 22.309939,36.888991,1120.659 22.310025,36.889027,1120.565 22.310194,36.889102,1120.341 22.310282,36.889143,1120.352 22.310452,36.8892,1124.992 22.310558,36.88928,1124.152 22.310639,36.889357,1122.226 22.310688,36.88942,1119.653 22.310718,36.889474,1117.724 22.310743,36.889516,1116.835 22.310764,36.889581,1114.5 22.310798,36.889624,1113.77 22.310818,36.889673,1112.021 22.310846,36.889719,1110.948 22.31087,36.889763,1111.471 22.310898,36.889806,1112.309 22.310931,36.889853,1113.292 22.310963,36.889899,1114.159 22.311,36.889945,1115.228 22.311044,36.889992,1116.564 22.31108,36.89004,1115.344 22.311126,36.890075,1114.726 22.311188,36.890076,1116.291 22.311266,36.890088,1117.306 22.311344,36.890079,1120.143 22.311404,36.890083,1121.123 22.311462,36.890098,1120.326 22.311517,36.890111,1119.595 22.311599,36.890127,1118.708 22.311694,36.890138,1118.151 22.31179,36.89014,1118.096 22.311885,36.890138,1118.493 22.31198,36.890131,1119.373 22.312065,36.890111,1121.525 22.312125,36.890097,1122.979 22.312188,36.89004,1128.912 22.31225,36.890028,1130.007 22.312321,36.890029,1129.728 22.312395,36.89002,1130.424 22.312464,36.890019,1130.325 22.312528,36.890015,1130.501 22.31259,36.89001,1130.752 22.312659,36.890007,1130.787 22.312728,36.890008,1130.454 22.312806,36.889999,1130.989 22.312883,36.889998,1130.807 22.312957,36.890006,1129.843 22.313016,36.890023,1128.214 22.313119,36.890001,1130.375 22.313173,36.890017,1129.464 22.313249,36.890034,1128.663 22.313312,36.89007,1126.283 22.313377,36.890094,1124.555 22.313443,36.890101,1124.001 22.313503,36.890099,1124.159 22.313572,36.890097,1124.318 22.313638,36.890099,1124 22.313699,36.890097,1123.795 22.313765,36.890092,1123.789 22.313833,36.890086,1123.839 22.3139,36.890075,1124.352 22.313965,36.890066,1125.141 22.314031,36.890046,1126.692 22.314093,36.890031,1127.82 22.314153,36.890015,1128.969 22.314213,36.889996,1130.097 22.314275,36.889977,1131.165 22.314343,36.889956,1132.418 22.31441,36.889925,1134.457 22.314474,36.8899,1136.23 22.314533,36.889873,1138.171 22.314586,36.889844,1140.169 22.314635,36.889813,1142.226 22.314706,36.889801,1142.92 22.314774,36.889798,1143.903 22.314851,36.889811,1144.379 22.314897,36.889842,1143.483 22.314937,36.889878,1142.393 22.31498,36.889912,1141.656 22.315024,36.889945,1141.3 22.315077,36.889978,1141.459 22.315126,36.890011,1141.546 22.315175,36.890041,1141.697 22.315239,36.890084,1141.77 22.315288,36.890115,1141.824 22.31534,36.890139,1141.727 22.315389,36.890161,1141.636 22.315462,36.890191,1141.584 22.315513,36.890212,1141.513 22.315586,36.890236,1141.687 22.315659,36.890258,1141.912 22.315714,36.89027,1142.276 22.315794,36.890281,1143.193 22.315875,36.890288,1144.911 22.315938,36.890296,1146.514 22.315996,36.890308,1147.878 22.316056,36.890324,1149.215 22.316112,36.890343,1150.376 22.316166,36.890367,1151.057 22.316228,36.890412,1151.738 22.316254,36.890453,1151.779 22.316286,36.890518,1151.817 22.316294,36.890564,1151.736 22.316295,36.890611,1152.618 22.316291,36.890657,1153.302 22.316277,36.890702,1153.608 22.31626,36.89075,1153.86 22.316236,36.890796,1153.824 22.316212,36.890843,1153.876 22.316186,36.890885,1153.998 22.316152,36.890926,1153.807 22.316126,36.890966,1153.879 22.316104,36.891009,1154.103 22.316079,36.89105,1153.983 22.316052,36.891109,1154.182 22.316016,36.891164,1154.197 22.315976,36.891207,1153.616 22.315947,36.891257,1153.736 22.315916,36.891307,1153.72 22.315876,36.891353,1153.097 22.315842,36.891398,1152.601 22.3158,36.891442,1151.396 22.315766,36.891489,1150.651 22.315723,36.891539,1149.538 22.315689,36.891599,1149.027 22.315657,36.891661,1148.646 22.315644,36.891707,1147.902 22.31564,36.891755,1147.441 22.315669,36.891801,1148.431 22.315701,36.89184,1149.529 22.315768,36.891868,1152.109 22.31583,36.891899,1154.355 22.315895,36.891926,1156.685 22.315963,36.891948,1158.982 22.316031,36.891975,1160.461 22.316093,36.891998,1161.802 22.31615,36.89202,1163.144 22.316212,36.892043,1164.746 22.316271,36.892068,1166.125 22.316328,36.892099,1167.136 22.31639,36.892129,1168.412 22.31645,36.892165,1169.447 22.31651,36.892204,1170.464 22.316569,36.892239,1171.918 22.316617,36.892278,1173.219 22.316668,36.892317,1175.025 22.31672,36.892355,1177.012 22.316764,36.892396,1178.502 22.316806,36.892437,1179.885 22.316852,36.892475,1181.548 22.316896,36.892517,1182.203 22.316939,36.892558,1181.546 22.316985,36.892591,1181.288 22.317034,36.892629,1181.261 22.317086,36.892672,1181.673 22.31713,36.89272,1181.992 22.317163,36.892767,1182.176 22.317207,36.892812,1184.555 22.317244,36.892857,1186.388 22.31728,36.892902,1187.822 22.317319,36.892941,1189.341 22.31734,36.892989,1189.637 22.317363,36.893042,1189.834 22.317385,36.893091,1189.778 22.317399,36.893137,1189.327 22.317416,36.893191,1188.803 22.317426,36.893246,1187.92 22.317428,36.893301,1186.674 22.317422,36.893358,1184.895 22.317423,36.89341,1183.389 22.31743,36.893457,1182.302 22.317464,36.8935,1182.567 22.317529,36.893516,1185.129 22.317581,36.893474,1188.743 22.317604,36.893416,1191.335 22.317604,36.893369,1192.562 22.317607,36.893319,1193.964 22.317605,36.893255,1195.403 22.317594,36.8932,1196.258 22.317594,36.893151,1197.433 22.317574,36.893089,1198.12 22.317572,36.893038,1199.244 22.317558,36.892988,1199.847 22.317555,36.892939,1200.866 22.317529,36.892894,1201.037 22.317479,36.892828,1200.504 22.317444,36.892762,1199.767 22.317408,36.89271,1198.423 22.317374,36.892654,1197.595 22.317348,36.892603,1197.366 22.317332,36.892551,1197.808 22.317295,36.892496,1197.724 22.317268,36.892455,1197.864 22.317221,36.892399,1197.866 22.317177,36.892359,1197.43 22.317128,36.892312,1196.902 22.317094,36.892273,1196.629 22.317056,36.892239,1196.007 22.317004,36.892193,1195.095 22.316949,36.89215,1194 22.316917,36.892111,1193.479 22.316879,36.892069,1192.847 22.316851,36.892029,1192.759 22.316814,36.891988,1192.442 22.316778,36.891949,1192.255 22.316736,36.891919,1191.021 22.316704,36.891873,1190.369 22.316675,36.891831,1189.915 22.316645,36.891793,1189.45 22.316603,36.891735,1189.013 22.316601,36.891687,1189.764 22.316613,36.891637,1189.834 22.316632,36.891591,1189.401 22.316665,36.891546,1189.348 22.316701,36.891506,1189.466 22.316749,36.891445,1189.523 22.316795,36.891407,1190.057 22.316841,36.891372,1190.512 22.316891,36.891338,1190.96 22.316938,36.8913,1191.247 22.316986,36.891267,1192.369 22.317038,36.891239,1193.88 22.317087,36.891207,1195.097 22.317137,36.891172,1196.224 22.317185,36.89114,1197.314 22.317235,36.89111,1198.654 22.317284,36.891075,1200.137 22.317334,36.891039,1201.595 22.317381,36.891002,1202.814 22.31743,36.890968,1204.198 22.317477,36.890937,1205.542 22.317512,36.890897,1205.96 22.317543,36.890859,1206.275 22.3176,36.890813,1207.809 22.317657,36.890767,1209.401 22.317706,36.890719,1210.327 22.317752,36.890672,1210.962 22.317798,36.890628,1211.627 22.317824,36.890575,1211.03 22.317847,36.890531,1211.29 22.317855,36.890482,1211.289 22.317862,36.890424,1211.154 22.317865,36.890376,1210.9 22.317867,36.890331,1210.62 22.317843,36.890267,1208.995 22.31782,36.890225,1207.728 22.317802,36.890178,1206.712 22.317784,36.89013,1205.735 22.31777,36.890085,1205.084 22.317757,36.890036,1204.577 22.31774,36.889991,1204.229 22.31773,36.889943,1204.921 22.317724,36.889893,1205.732 22.317716,36.889844,1206.438 22.317716,36.889787,1207.532 22.317712,36.889735,1208.389 22.317711,36.88968,1209.508 22.317703,36.889616,1210.602 22.317691,36.889557,1211.445 22.317675,36.889498,1212.143 22.317655,36.889446,1212.546 22.317638,36.889394,1213.605 22.317621,36.889344,1214.704 22.317598,36.8893,1215.514 22.317567,36.889261,1216.039 22.317529,36.889203,1217.242 22.317481,36.889161,1218.224 22.317428,36.889115,1220.046 22.317373,36.889071,1221.788 22.317344,36.889013,1224.085 22.317353,36.888967,1225.907 22.317403,36.888928,1227.451 22.317471,36.888922,1227.689 22.317529,36.88894,1227.517 22.317579,36.888974,1227.139 22.317624,36.889006,1226.783 22.31766,36.889042,1226.134 22.317705,36.889094,1225.113 22.317743,36.889129,1224.622 22.31778,36.889168,1224.063 22.317814,36.889211,1224.531 22.317849,36.889258,1225.112 22.317886,36.889309,1225.887 22.317925,36.889362,1226.928 22.317958,36.889417,1227.816 22.317987,36.889474,1228.253 22.318013,36.889533,1228.096 22.318039,36.889594,1227.803 22.318062,36.889653,1227.324 22.318076,36.889719,1226.124 22.318087,36.889788,1224.507 22.318111,36.889853,1223.745 22.318138,36.889925,1223.019 22.318148,36.889992,1221.565 22.318194,36.890065,1224.443 22.31823,36.890138,1226.914 22.318251,36.890213,1228.479 22.318279,36.890282,1230.319 22.318294,36.890346,1231.965 22.318312,36.890401,1233.665 22.318322,36.890458,1234.998 22.318325,36.890517,1235.999 22.318322,36.890567,1236.76 22.318314,36.890617,1237.962 22.318307,36.89067,1239.325 22.318295,36.890723,1240.438 22.318275,36.890777,1241.192 22.31824,36.890832,1241.251 22.318203,36.890887,1241.931 22.318167,36.890938,1242.59 22.318119,36.890986,1242.641 22.318081,36.891034,1243.264 22.318043,36.891083,1243.869 22.318005,36.891127,1243.405 22.317969,36.891168,1242.23 22.317934,36.891207,1241.178 22.3179,36.891246,1240.284 22.317869,36.891287,1239.696 22.317814,36.891336,1238.246 22.317772,36.891369,1237.093 22.317733,36.891405,1235.428 22.317695,36.891438,1233.424 22.317662,36.891476,1231.933 22.31763,36.891518,1230.754 22.317605,36.891565,1230.174 22.317586,36.891615,1230.073 22.317578,36.89166,1230.43 22.317583,36.891709,1229.24 22.317598,36.891761,1228.039 22.317629,36.89181,1227.702 22.31767,36.891856,1228.096 22.317712,36.891901,1228.808 22.317771,36.89195,1230.46 22.317828,36.891994,1233.426 22.317869,36.892041,1234.949 22.317933,36.892082,1238.352 22.317991,36.892116,1241.35 22.318035,36.892156,1242.787 22.318073,36.892196,1243.578 22.318101,36.892241,1243.61 22.318137,36.892282,1244.448 22.318174,36.892316,1245.244 22.318212,36.89235,1245.734 22.318253,36.892381,1246.174 22.318288,36.892416,1245.734 22.318339,36.892456,1245.267 22.31839,36.892499,1244.519 22.318426,36.892534,1244.738 22.318475,36.892575,1245.425 22.318529,36.892617,1246.413 22.318582,36.892665,1247.272 22.318622,36.892701,1248.187 22.318659,36.892736,1249.362 22.31869,36.892778,1249.827 22.318724,36.892816,1251.827 22.318749,36.892859,1253.292 22.31879,36.892917,1255.77 22.318829,36.892978,1258.179 22.318855,36.893018,1259.82 22.318891,36.893071,1261.969 22.31893,36.893132,1263.757 22.318951,36.893177,1264.518 22.318956,36.893222,1264.262 22.318964,36.89327,1264.134 22.318979,36.893337,1264.111 22.318997,36.893387,1264.1 22.319018,36.893439,1264.304 22.319039,36.893485,1264.71 22.31907,36.893525,1265.952 22.319086,36.893586,1265.923 22.319108,36.893637,1266.747 22.319121,36.893682,1267.195 22.319131,36.893731,1267.376 22.319143,36.893779,1267.671 22.319153,36.893824,1267.841 22.319168,36.893887,1268.107 22.319181,36.893942,1269.483 22.319195,36.894001,1270.964 22.319199,36.89405,1271.7 22.319201,36.894105,1272.366 22.319198,36.894167,1272.806 22.319195,36.894215,1272.806 22.319198,36.894285,1273.231 22.319197,36.894338,1273.364 22.319202,36.894389,1273.836 22.319201,36.894436,1273.947 22.319201,36.894484,1274.53 22.319203,36.894536,1275.368 22.319207,36.894588,1276.315 22.319213,36.894636,1277.312 22.319227,36.894684,1278.737 22.319237,36.894729,1279.981 22.319247,36.894777,1281.771 22.319248,36.894826,1283.098 22.319249,36.894873,1284.366 22.319249,36.894919,1285.562 22.319246,36.894966,1286.679 22.31924,36.895013,1287.251 22.31922,36.895072,1285.94 22.319196,36.895114,1284.525 22.319185,36.895166,1283.401 22.319183,36.895214,1282.674 22.319182,36.895261,1281.998 22.319182,36.895322,1281.64 22.319178,36.895377,1281.258 22.319157,36.895434,1280.013 22.31913,36.895499,1278.749 22.319107,36.895543,1277.849 22.319082,36.895608,1279.349 22.319059,36.895652,1280.503 22.319041,36.895704,1282.181 22.319017,36.895751,1283.38 22.318971,36.89579,1283.333 22.318929,36.895831,1283.486 22.318896,36.89587,1284.766 22.318859,36.895904,1286.644 22.31882,36.895941,1288.828 22.318782,36.895974,1290.652 22.318732,36.896006,1292.192 22.318673,36.896035,1293.324 22.318617,36.896053,1293.724 22.318557,36.896056,1293.28 22.318495,36.896053,1292.486 22.318438,36.896037,1291.028 22.318372,36.896005,1288.634 22.318294,36.895971,1286.573 22.318236,36.895948,1285.42 22.318178,36.895929,1284.377 22.31812,36.895909,1283.155 22.318044,36.895887,1281.869 22.317988,36.895874,1281.897 22.317933,36.895865,1282.132 22.317855,36.89585,1282.201 22.317775,36.895837,1282.373 22.317692,36.895825,1283.661 22.317635,36.895817,1284.629 22.317556,36.895805,1285.936 22.317481,36.895793,1287.292 22.317408,36.895778,1288.794 22.317336,36.895764,1290.32 22.317268,36.895742,1291.256 22.317197,36.895721,1291.841 22.31713,36.895693,1291.255 22.317077,36.895673,1291.098 22.317022,36.895649,1290.973 22.316965,36.895634,1291.431 22.316907,36.89562,1291.621 22.316847,36.895607,1291.619 22.316784,36.895594,1291.619 22.316716,36.895588,1291.909 22.316654,36.895583,1292.1 22.316592,36.895583,1292.166 22.316537,36.895592,1292.627 22.316483,36.895605,1293.311 22.316433,36.895629,1294.576 22.316381,36.895653,1295.738 22.316333,36.895681,1296.381 22.316279,36.89571,1297.512 22.316229,36.895743,1299.553 22.316181,36.895774,1302.017 22.316133,36.895802,1304.73 22.316084,36.895826,1306.855 22.316035,36.895852,1307.778 22.315965,36.895884,1308.267 22.315891,36.895914,1308.606 22.31582,36.895937,1308.491 22.315744,36.895963,1307.774 22.315667,36.895987,1307.127 22.31559,36.896014,1306.85 22.315528,36.896032,1306.308 22.315465,36.896034,1304.473 22.315409,36.896021,1302.065 22.31535,36.895976,1298.131 22.315294,36.895939,1294.968 22.315219,36.895916,1292.559 22.315162,36.895922,1291.782 22.315105,36.895934,1291.13 22.315045,36.895954,1290.515 22.314992,36.895981,1290.028 22.31495,36.89602,1289.949 22.314916,36.896072,1290.166 22.314888,36.896132,1291.064 22.314877,36.896194,1293.383 22.314878,36.896254,1295.935 22.314891,36.896309,1298.676 22.314911,36.896362,1301.631 22.314929,36.896414,1304.619 22.314943,36.896467,1307.604 22.314954,36.896524,1310.667 22.314959,36.896588,1313.842 22.314954,36.896652,1316.658 22.314954,36.896713,1318.596 22.314946,36.896776,1319.975 22.314928,36.896839,1320.889 22.314901,36.896899,1321.233 22.314877,36.896963,1321.674 22.314851,36.897025,1321.922 22.314816,36.897081,1321.664 22.314774,36.897133,1321.048 22.314731,36.897184,1320.42 22.314685,36.897235,1318.613 22.314641,36.897287,1316.01 22.3146,36.897331,1313.769 22.31456,36.897369,1311.722 22.314531,36.897413,1310.5 22.314528,36.897471,1310.919 22.314528,36.897526,1312.175 22.314531,36.897576,1314.184 22.314537,36.897625,1316.315 22.314541,36.89767,1318.199 22.314551,36.897717,1320.482 22.314552,36.897764,1322.293 22.314559,36.897809,1324.469 22.314567,36.897857,1326.881 22.31457,36.89791,1329.231 22.31457,36.897959,1331.251 22.314574,36.898007,1333.458 22.314574,36.898052,1335.316 22.31458,36.898097,1336.71 22.31457,36.898154,1337.426 22.314551,36.898211,1337.756 22.31452,36.898263,1337.514 22.314484,36.89831,1337.085 22.314442,36.89835,1336.486 22.314389,36.898384,1335.266 22.314329,36.898409,1333.434 22.314266,36.898426,1331.199 22.314204,36.898442,1328.998 22.314142,36.898458,1326.703 22.31408,36.898476,1324.273 22.31402,36.898497,1321.995 22.313962,36.89852,1319.823 22.313914,36.898547,1318.237 22.313852,36.898596,1316.274 22.313817,36.898648,1316.032 22.313784,36.898703,1316.264 22.313761,36.898762,1317.355 22.313748,36.898823,1319.166 22.313742,36.898886,1321.476 22.313744,36.898947,1323.79 22.313754,36.899008,1326.49 22.313773,36.89907,1329.679 22.313786,36.899132,1332.566 22.313794,36.899194,1334.878 22.313798,36.899251,1336.434 22.31378,36.899296,1336.753 22.313769,36.899342,1337.476 22.313756,36.899389,1338.219 22.313735,36.899433,1338.694 22.313689,36.899484,1338.902 22.313658,36.899541,1339.652 22.313649,36.899601,1341.198 22.313702,36.899653,1345.425 22.313762,36.899658,1348.545 22.31382,36.899648,1350.937 22.313856,36.899612,1350.951 22.313885,36.899549,1349.112 22.313909,36.899486,1347.488 22.313918,36.899436,1345.934 22.313919,36.899383,1344.99 22.313917,36.899331,1343.858 22.313914,36.899275,1342.593 22.313914,36.899225,1341.644 22.313915,36.899171,1340.68 22.313914,36.899117,1338.7 22.313917,36.899068,1337.061 22.313919,36.899017,1335.28 22.313924,36.898969,1333.763 22.313936,36.898901,1331.833 22.313945,36.898839,1330.068 22.31397,36.898792,1329.702 22.314005,36.898733,1329.475 22.314046,36.8987,1330.503 22.31409,36.898671,1331.86 22.314171,36.89865,1335.452 22.314232,36.898643,1337.91 22.314295,36.898642,1340.648 22.314355,36.89864,1343.213 22.314413,36.898636,1345.607 22.314489,36.898634,1348.524 22.314568,36.898629,1351.185 22.314642,36.898628,1353.824 22.314714,36.898617,1355.958 22.314763,36.898588,1356.692 22.314816,36.898548,1357.451 22.314855,36.898508,1357.865 22.314891,36.898457,1358.041 22.314924,36.89841,1358.323 22.314963,36.898357,1358.862 22.314984,36.898299,1359.164 22.315,36.898243,1359.675 22.315019,36.898184,1360.462 22.315039,36.898132,1361.406 22.315055,36.898071,1362.191 22.315066,36.898014,1361.526 22.315066,36.897956,1359.746 22.315065,36.897903,1358.058 22.315059,36.897854,1356.176 22.31506,36.8978,1354.573 22.315058,36.897738,1351.813 22.315055,36.89769,1349.265 22.315078,36.897645,1348.631 22.315118,36.897609,1349.656 22.315157,36.897575,1350.779 22.315202,36.897547,1352.667 22.315244,36.897517,1354.317 22.315292,36.897488,1356.352 22.315335,36.897456,1357.601 22.315389,36.897422,1359.437 22.315434,36.897386,1360.636 22.31548,36.897348,1361.81 22.315524,36.89731,1362.861 22.315562,36.897275,1363.619 22.315595,36.897233,1363.585 22.31565,36.897189,1364.461 22.315671,36.897146,1363.371 22.315701,36.89709,1361.896 22.315716,36.897039,1359.844 22.315742,36.896985,1357.954 22.315757,36.896936,1355.865 22.315781,36.896882,1354.236 22.315816,36.896828,1352.953 22.315864,36.896782,1352.989 22.315931,36.896745,1354.688 22.316003,36.896725,1357.409 22.316081,36.896708,1360.549 22.31616,36.896697,1363.074 22.316228,36.896686,1364.703 22.316284,36.896679,1366.168 22.316353,36.896669,1367.94 22.316427,36.896664,1368.306 22.316494,36.896657,1366.873 22.316561,36.896663,1366.778 22.31663,36.896674,1366.804 22.316695,36.896702,1367.564 22.31675,36.896738,1368.84 22.316805,36.896782,1370.774 22.316848,36.896815,1372.326 22.316906,36.896857,1374.426 22.316965,36.896893,1376.158 22.31703,36.896927,1377.536 22.317094,36.896956,1378.678 22.317157,36.896983,1379.715 22.317225,36.897014,1380.968 22.317296,36.897043,1382.034 22.317363,36.897074,1383.301 22.317424,36.897102,1384.438 22.317479,36.897128,1385.518 22.317538,36.897156,1386.313 22.3176,36.897185,1387.015 22.317656,36.897216,1388.145 22.317717,36.897243,1389.017 22.317779,36.897263,1389.317 22.317848,36.897287,1388.06 22.317911,36.897319,1387.967 22.317986,36.897343,1386.81 22.318059,36.897371,1386.328 22.318107,36.897396,1386.784 22.318177,36.897427,1386.588 22.318247,36.897455,1385.759 22.318307,36.897482,1384.988 22.318368,36.897511,1385.802 22.318435,36.897533,1387.218 22.318502,36.897565,1389.485 22.318563,36.897589,1390.602 22.31862,36.897614,1391.657 22.318676,36.897647,1393.451 22.318742,36.897682,1394.939 22.318811,36.897708,1395.242 22.318876,36.89774,1396.039 22.318934,36.897761,1396.555 22.318995,36.897793,1398.062 22.319054,36.897819,1398.911 22.319109,36.897846,1399.709 22.319175,36.897868,1399.652 22.31923,36.897891,1400.183 22.319279,36.897927,1401.577 22.319323,36.897962,1402.81 22.319375,36.897987,1402.993 22.319422,36.898015,1403.332 22.319463,36.898046,1404.182 22.319515,36.89807,1404.738 22.31957,36.898093,1405.092 22.319622,36.898117,1405.478 22.319683,36.898139,1405.555 22.319754,36.898161,1405.907 22.319827,36.898177,1406.636 22.3199,36.898183,1406.912 22.31996,36.898176,1406.523 22.320017,36.89817,1406.511 22.320067,36.898122,1404.852 22.320125,36.898107,1405.111 22.320179,36.898074,1404.261 22.320245,36.898036,1402.886 22.320308,36.898002,1401.608 22.320358,36.897976,1400.927 22.320407,36.89795,1400.185 22.320455,36.897927,1399.627 22.320529,36.897895,1398.996 22.320588,36.897878,1399.171 22.320646,36.897861,1399.464 22.320724,36.897827,1399.387 22.320779,36.897814,1400.309 22.320864,36.8978,1402 22.320928,36.897793,1403.15 22.320985,36.897788,1404.29 22.321063,36.897786,1406.114 22.321135,36.897783,1407.53 22.321205,36.897782,1408.499 22.321267,36.897777,1409.213 22.321334,36.89777,1409.896 22.321399,36.897764,1410.564 22.321458,36.897768,1411.359 22.321521,36.897773,1412.238 22.321585,36.897791,1413.446 22.321655,36.897827,1414.96 22.321698,36.897874,1416.113 22.321728,36.897921,1417.087 22.32176,36.89798,1418.215 22.32179,36.898042,1419.307 22.321829,36.8981,1420.029 22.321857,36.898141,1420.431 22.321905,36.898192,1420.755 22.321955,36.89824,1421.018 22.322003,36.898283,1421.533 22.322052,36.898325,1421.933 22.322109,36.898361,1422.48 22.322168,36.898396,1422.99 22.322243,36.898404,1423.186 22.322291,36.898377,1423.163 22.322357,36.898364,1423.466 22.322414,36.898341,1423.51 22.322469,36.898298,1423.763 22.322507,36.89825,1424.161 22.322545,36.898199,1424.977 22.322566,36.898139,1425.331 22.322588,36.89808,1425.64 22.322605,36.898021,1425.019 22.322643,36.897966,1424.317 22.322646,36.89792,1423.212 22.322656,36.897871,1422.157 22.322674,36.897828,1421.398 22.322694,36.897774,1420.379 22.322717,36.897727,1419.404 22.322749,36.897671,1418.367 22.322789,36.897612,1417.524 22.322838,36.897557,1417.415 22.32288,36.897521,1417.806 22.322923,36.897488,1418.637 22.322985,36.897443,1420.255 22.323068,36.897405,1422.243 22.323098,36.897355,1422.351 22.32312,36.89731,1422.34 22.323157,36.897253,1422.524 22.323196,36.897201,1423.301 22.323228,36.897151,1424.591 22.323289,36.897124,1426.16 22.323363,36.897131,1427.768 22.323396,36.897168,1428.209 22.323422,36.897213,1428.345 22.323432,36.897259,1428.837 22.323432,36.897308,1429.303 22.323423,36.897358,1429.568 22.323414,36.897409,1429.855 22.323406,36.897464,1430.215 22.323402,36.897518,1430.742 22.323391,36.897566,1431.196 22.323383,36.897615,1431.729 22.323367,36.897664,1432.089 22.323345,36.897714,1432.334 22.323331,36.897764,1432.751 22.32331,36.897815,1433.323 22.3233,36.897865,1434.239 22.323288,36.897918,1435.214 22.323282,36.897968,1436.253 22.323275,36.898017,1437.269 22.32327,36.898063,1438.278 22.323265,36.898114,1439.492 22.323269,36.898165,1440.861 22.323265,36.89822,1442.169 22.323259,36.898274,1443.379 22.323253,36.898322,1444.407 22.32324,36.898374,1445.043 22.323229,36.898424,1445.586 22.323216,36.89847,1445.949 22.323203,36.898516,1446.266 22.323185,36.89856,1446.317 22.323166,36.898627,1446.957 22.323148,36.898675,1448.038 22.323131,36.898723,1449.2 22.323114,36.898769,1450.328 22.323093,36.898812,1451.243 22.323071,36.898858,1452.29 22.323048,36.898907,1453.405 22.323023,36.898954,1454.262 22.322995,36.898998,1454.88 22.322963,36.899044,1455.399 22.322935,36.899086,1455.882 22.322899,36.899128,1456.05 22.322864,36.899174,1456.297 22.322831,36.89922,1456.297 22.32279,36.899262,1455.858 22.322737,36.899306,1455.851 22.322677,36.899341,1455.899 22.322608,36.899352,1455.227 22.322535,36.899351,1454.141 22.322466,36.899339,1453.461 22.322406,36.899323,1453.242 22.322355,36.899298,1452.44 22.322302,36.899274,1451.528 22.322247,36.899258,1450.875 22.322188,36.899246,1451.129 22.32213,36.899234,1451.869 22.322049,36.89922,1452.981 22.32197,36.899203,1453.766 22.321891,36.899184,1455.047 22.321835,36.899177,1456.61 22.321755,36.899156,1458.164 22.321698,36.899138,1458.981 22.321643,36.89912,1459.277 22.321565,36.899098,1459.405 22.321513,36.899079,1459.293 22.321459,36.899065,1459.605 22.321406,36.899049,1459.836 22.321351,36.899036,1459.939 22.321295,36.899023,1459.925 22.321233,36.899011,1460.099 22.321169,36.899,1460.408 22.321102,36.898995,1460.88 22.321031,36.89899,1459.972 22.320963,36.898991,1459.375 22.320897,36.899,1459.196 22.320831,36.89901,1459.061 22.320765,36.899025,1458.625 22.320703,36.899046,1458.634 22.320636,36.899069,1458.736 22.32057,36.899091,1458.878 22.320502,36.899115,1459.325 22.320432,36.899144,1459.988 22.320368,36.899176,1460.68 22.320307,36.899206,1460.993 22.320257,36.899234,1461.46 22.320207,36.899255,1461.815 22.320149,36.899271,1461.915 22.32009,36.899278,1461.652 22.320011,36.899287,1461.3 22.319951,36.899327,1463.808 22.319957,36.899385,1466.206 22.320009,36.89943,1467.442 22.320076,36.899442,1468.444 22.320141,36.899447,1469.213 22.320209,36.899429,1468.879 22.320273,36.899405,1468.401 22.320342,36.899386,1468.793 22.320417,36.899365,1469.217 22.320489,36.899346,1469.634 22.32056,36.89933,1470.12 22.320633,36.899313,1470.437 22.320711,36.899307,1471.301 22.320788,36.899298,1472.021 22.320867,36.899293,1472.755 22.32094,36.89929,1473.266 22.321021,36.899289,1473.934 22.321095,36.899297,1474.956 22.321172,36.899311,1475.658 22.321246,36.899324,1476.217 22.321313,36.899345,1477.292 22.321385,36.899374,1478.939 22.321455,36.899401,1479.709 22.321524,36.899436,1481.025 22.321572,36.899464,1482.078 22.321635,36.899507,1483.72 22.321675,36.89954,1484.881 22.321741,36.899581,1484.961 22.321786,36.899612,1485.27 22.321828,36.899645,1485.861 22.321874,36.899673,1486.106 22.321922,36.899699,1486.239 22.321967,36.89973,1486.287 22.322032,36.89977,1485.129 22.322093,36.899815,1484.591 22.322134,36.899847,1484.439 22.322188,36.899893,1484.596 22.32224,36.899944,1485.58 22.322279,36.899977,1486.395 22.322318,36.900011,1487.208 22.322363,36.900039,1487.701 22.322433,36.90007,1487.851 22.322511,36.900088,1487.586 22.322585,36.900087,1488.873 22.322647,36.900074,1489.281 22.322715,36.900056,1489.603 22.322778,36.90003,1489.52 22.322838,36.900003,1490.112 22.322896,36.899966,1489.961 22.322955,36.899919,1489.101 22.323,36.899891,1488.765 22.323042,36.89986,1488.067 22.323082,36.899825,1487.718 22.323143,36.899779,1488.197 22.3232,36.899732,1488.398 22.323259,36.899687,1489.566 22.323304,36.899656,1490.631 22.323362,36.899613,1491.793 22.323419,36.899569,1492.603 22.323458,36.899533,1492.621 22.323498,36.899501,1492.688 22.323539,36.899455,1491.769 22.323589,36.899403,1491.483 22.323643,36.899353,1491.796 22.323699,36.899304,1492.232 22.323742,36.899266,1492.454 22.323785,36.899235,1492.9 22.323824,36.8992,1492.934 22.323875,36.899149,1492.566 22.323925,36.899128,1492.961 22.323996,36.899113,1493.994 22.32407,36.899105,1495.456 22.324149,36.899112,1497.8 22.324228,36.899117,1500.303 22.324299,36.899107,1501.906 22.324362,36.899085,1502.716 22.324421,36.899064,1503.489 22.324471,36.899028,1503.514 22.324518,36.898983,1503.313 22.324551,36.898945,1502.997 22.324567,36.898897,1501.635 22.324577,36.898849,1500.509 22.324574,36.898799,1498.857 22.324599,36.898742,1498.152 22.324622,36.898691,1497.516 22.324646,36.898639,1496.858 22.324692,36.898595,1497.642 22.32474,36.898549,1499.154 22.324795,36.898505,1501.022 22.324849,36.898466,1502.63 22.324911,36.898427,1504.274 22.324968,36.898381,1505.237 22.325019,36.898338,1505.956 22.325071,36.898289,1507.986 22.325108,36.89823,1509.376 22.325118,36.898184,1509.641 22.325098,36.898123,1508.699 22.325046,36.898079,1506.684 22.325009,36.898034,1505.397 22.324975,36.897996,1504.385 22.324962,36.897947,1504.106 22.324942,36.897888,1503.598 22.324942,36.897841,1503.732 22.324961,36.897792,1504.552 22.324998,36.897744,1505.196 22.325059,36.897718,1506.545 22.325119,36.897694,1508.005 22.325172,36.897672,1509.376 22.325242,36.897636,1511.241 22.325311,36.897605,1513.062 22.325367,36.897571,1514.179 22.325422,36.897536,1515.158 22.325476,36.897495,1515.933 22.32553,36.897467,1517.064 22.325581,36.89743,1518.664 22.325624,36.897394,1520.346 22.325662,36.897351,1521.703 22.325694,36.897309,1522.761 22.325726,36.897264,1523.756 22.325754,36.897215,1524.599 22.325765,36.897167,1525.247 22.325777,36.897121,1525.931 22.325793,36.89707,1526.806 22.325805,36.897018,1527.511 22.325817,36.896967,1528.213 22.325822,36.896906,1529.474 22.32581,36.89685,1530.343 22.325778,36.896797,1530.219 22.325733,36.896755,1529.193 22.325693,36.896696,1528.747 22.325654,36.896644,1528.27 22.325608,36.896597,1527.243 22.325561,36.89656,1525.604 22.325516,36.896532,1524.062 22.325476,36.896487,1523.074 22.325432,36.896438,1521.869 22.3254,36.896388,1521.178 22.325367,36.89633,1520.617 22.325336,36.89627,1520.005 22.325316,36.896206,1519.922 22.325299,36.896156,1519.679 22.325286,36.896106,1519.586 22.325283,36.896054,1519.94 22.325279,36.895997,1520.304 22.32528,36.895936,1521.015 22.325285,36.895884,1521.836 22.325294,36.895829,1522.897 22.325311,36.89578,1524.657 22.325331,36.895735,1526.52 22.325347,36.895686,1528.273 22.32536,36.895638,1529.868 22.325382,36.895589,1531.981 22.325398,36.89554,1533.923 22.325412,36.895495,1535.894 22.325427,36.895451,1537.839 22.325396,36.895403,1537.626 22.325359,36.895362,1537.046 22.325309,36.895319,1536.063 22.325261,36.895286,1535.067 22.325214,36.895261,1533.758 22.325165,36.895225,1532.525 22.325119,36.895182,1531.683 22.32507,36.895143,1530.802 22.32502,36.895087,1530.451 22.324977,36.895026,1530.734 22.324952,36.894978,1531.479 22.324927,36.894928,1532.506 22.324907,36.894877,1533.792 22.324887,36.894823,1535.287 22.324866,36.894776,1536.63 22.324838,36.894723,1538.221 22.324808,36.894676,1539.578 22.324782,36.894634,1540.709 22.324739,36.894576,1542.014 22.324699,36.894521,1543.223 22.324661,36.894465,1544.64 22.324629,36.894412,1545.655 22.324598,36.89436,1546.346 22.324567,36.894301,1547.133 22.324535,36.894243,1547.84 22.324514,36.8942,1548.372 22.324495,36.894155,1548.579 22.324482,36.89411,1547.846 22.324467,36.894066,1547.149 22.324459,36.894019,1546.531 22.324461,36.893958,1545.85 22.324477,36.893905,1545.312 22.324478,36.893853,1543.927 22.324531,36.893826,1543.133 22.32459,36.893826,1543.249 22.324665,36.893815,1542.978 22.324721,36.893805,1542.676 22.324777,36.893795,1543.065 22.324842,36.89379,1543.75 22.324906,36.893786,1544.425 22.324985,36.893781,1545.199 22.325042,36.893777,1544.94 22.325098,36.893768,1544.095 22.325178,36.893753,1542.729 22.325258,36.893738,1541.332 22.325318,36.893735,1540.222 22.325382,36.893742,1539.317 22.325455,36.893754,1538.358 22.325516,36.893769,1537.616 22.32551,36.893821,1539.875 22.325542,36.893877,1541.043 22.325573,36.893935,1542.376 22.325595,36.893991,1543.826 22.325636,36.894041,1544.176 22.325648,36.894085,1545.125 22.325663,36.894131,1545.907 22.325685,36.89418,1546.172 22.3257,36.894233,1546.463 22.325719,36.894284,1546.687 22.325746,36.894334,1546.77 22.32577,36.894387,1547.225 22.325794,36.894443,1547.954 22.325814,36.894503,1548.845 22.325838,36.894563,1549.848 22.325869,36.894623,1550.546 22.325907,36.894682,1551.242 22.325947,36.894736,1551.786 22.326004,36.894772,1551.443 22.326062,36.894798,1551.178 22.32612,36.894813,1550.822 22.326194,36.894837,1550.791 22.326247,36.894855,1551.004 22.326327,36.89487,1551.019 22.3264,36.894884,1551.312 22.326471,36.894902,1552.268 22.326549,36.894906,1552.399 22.326622,36.894916,1552.83 22.326701,36.894923,1553.669 22.326757,36.894929,1554.881 22.326818,36.894935,1556.193 22.326876,36.894935,1557.139 22.326954,36.894928,1558.032 22.327036,36.894931,1559.758 22.327096,36.894936,1561.21 22.327158,36.894936,1562.395 22.32722,36.894933,1563.375 22.327282,36.894922,1564.662 22.32734,36.894918,1566.332 22.327396,36.894915,1568.008 22.327453,36.894908,1569.46 22.327527,36.894887,1570.167 22.327605,36.894869,1570.537 22.327675,36.894845,1570.604 22.327741,36.894823,1570.897 22.327808,36.8948,1570.749 22.327881,36.894794,1570.731 22.327963,36.894798,1571.213 22.328021,36.894807,1571.843 22.328075,36.894822,1572.81 22.328126,36.894846,1574.3 22.328178,36.894871,1575.844 22.328247,36.894894,1577.418 22.328313,36.894908,1578.548 22.328388,36.894916,1580.268 22.328466,36.894915,1581.927 22.328521,36.894904,1582.536 22.328574,36.894885,1582.607 22.328633,36.894853,1582.043 22.328688,36.894821,1581.449 22.328741,36.894785,1580.527 22.328786,36.894744,1579.081 22.328834,36.894717,1578.499 22.328911,36.894704,1579.916 22.328975,36.894702,1582.6 22.329053,36.894692,1585.477 22.329128,36.894655,1586.874 22.329184,36.894604,1586.656 22.329232,36.894555,1585.972 22.329273,36.894502,1584.953 22.3293,36.894444,1583.258 22.329333,36.894397,1582.264 22.32937,36.894351,1581.433 22.329402,36.894311,1580.667 22.329436,36.894273,1580.044 22.329478,36.89424,1579.599 22.329538,36.89419,1578.814 22.329581,36.894153,1578.292 22.329625,36.89412,1578.066 22.329671,36.894087,1577.977 22.329717,36.894054,1577.967 22.329771,36.894022,1578.155 22.329828,36.893985,1578.198 22.329897,36.893951,1578.717 22.329967,36.89392,1579.394 22.33004,36.893892,1580.288 22.330113,36.893864,1580.751 22.330191,36.893838,1581.581 22.330265,36.893806,1582.115 22.330335,36.893776,1582.681 22.330393,36.893752,1583.329 22.330472,36.893731,1584.958 22.33054,36.893706,1586.218 22.330608,36.893686,1587.338 22.330669,36.893656,1587.702 22.330734,36.893627,1588.163 22.330798,36.893599,1588.423 22.330861,36.893569,1588.142 22.330923,36.893532,1587.196 22.330981,36.893511,1587.04 22.331041,36.89349,1586.858 22.3311,36.893465,1586.334 22.331158,36.893437,1585.287 22.33122,36.893407,1584.054 22.331284,36.893376,1582.728 22.331352,36.89335,1581.734 22.331425,36.893326,1580.764 22.331502,36.893314,1580.461 22.331582,36.893315,1580.817 22.33166,36.893326,1581.632 22.331735,36.893344,1584.017 22.331807,36.893357,1586.316 22.331875,36.893367,1588.356 22.331941,36.893374,1590.155 22.33201,36.893374,1591.907 22.332082,36.893373,1593.679 22.33216,36.893369,1595.356 22.332241,36.893358,1596.504 22.332322,36.893338,1596.889 22.332404,36.893311,1596.945 22.332485,36.893279,1596.699 22.332564,36.893241,1595.888 22.332639,36.893204,1595.156 22.332708,36.893158,1593.814 22.332779,36.893113,1592.735 22.332857,36.893073,1590.968 22.332944,36.893027,1589.192 22.333022,36.892986,1587.661 22.333098,36.892957,1586.072 22.333166,36.89292,1583.591 22.333233,36.892896,1581.899 22.333311,36.892888,1581.064 22.333377,36.892888,1581.359 22.333433,36.892882,1581.525 22.333497,36.892869,1581.289 22.333555,36.892868,1581.707 22.333612,36.892868,1582.146 22.333616,36.892814,1578.348 22.333664,36.892849,1579.392 22.333673,36.892909,1583.1 22.333665,36.89296,1586.724 22.333646,36.893013,1590.891 22.333617,36.893079,1595.469 22.333598,36.893147,1597.537 22.333601,36.893218,1599.688 22.333615,36.893288,1601.59 22.333665,36.893368,1602.491 22.333733,36.893446,1602.59 22.33383,36.89353,1601.882 22.333883,36.893579,1601.474 22.33399,36.893683,1599.832 22.334107,36.893785,1597.204 22.334227,36.893882,1595.498 22.334304,36.89393,1597.893 22.334463,36.894005,1598.274 22.334551,36.89404,1597.5 22.334707,36.894112,1596.809 22.334861,36.894175,1595.709 22.334943,36.894205,1595.173 22.335025,36.89423,1594.489 22.335102,36.894261,1595.524 22.33525,36.894324,1598.71 22.335405,36.894364,1599.107 22.335493,36.894371,1597.642 22.335648,36.894389,1593.35 22.335792,36.8944,1587.162 22.335872,36.894399,1584.683 22.336023,36.894403,1583.47 22.336095,36.894406,1582.944 22.336224,36.894399,1581.163 22.336348,36.894399,1579.824 22.336483,36.894349,1576.947 22.336629,36.894246,1571.063 22.336702,36.894197,1568.898 22.336824,36.894094,1565.779 22.336881,36.894052,1564.796 22.336943,36.894012,1564.055 22.337073,36.893945,1564.865 22.337224,36.893893,1566.343 22.3374,36.893839,1564.875 22.337497,36.893818,1565.068 22.337591,36.893797,1564.369 22.337794,36.893766,1564.44 22.337893,36.893754,1563.519 22.337981,36.893734,1562.281 22.338072,36.893725,1561.597 22.338242,36.893754,1561.514 22.338412,36.893826,1562.705 22.338483,36.893872,1563.548 22.338559,36.893922,1564.607 22.33873,36.894007,1565.385 22.338919,36.894075,1564.73 22.339021,36.8941,1563.786 22.339122,36.894127,1562.966 22.339304,36.894164,1561.879 22.339483,36.8942,1561.315 22.339644,36.894219,1559.735 22.339803,36.894248,1559.977 22.339874,36.894266,1561.04 22.33993,36.894287,1562.28 22.339896,36.894327,1564.226 22.339951,36.894258,1560.816 22.340011,36.894303,1563.263 22.339955,36.894274,1561.671 22.339981,36.894329,1564.686 22.340045,36.89435,1565.469 22.340099,36.894378,1566.428 22.340155,36.894406,1567.327 22.340219,36.894428,1567.793 22.340304,36.894438,1566.909 22.340387,36.894442,1564.714 22.340459,36.894433,1562.07 22.340519,36.894424,1559.703 22.340577,36.89441,1557.162 22.340643,36.894409,1555.606 22.340777,36.89438,1550.439 22.340845,36.894382,1549.228 22.340996,36.894386,1548.873 22.34107,36.894396,1549.337 22.341148,36.8944,1549.368 22.341302,36.894428,1551.051 22.341381,36.894444,1551.995 22.341522,36.894474,1553.119 22.341684,36.894509,1553.998 22.341757,36.894531,1553.665 22.341831,36.894549,1552.934 22.341987,36.894571,1550.44 22.342125,36.894609,1549.963 22.342259,36.894638,1549.701 22.342397,36.89467,1550.9 22.342497,36.894698,1551.798 22.342626,36.894736,1553.029 22.342702,36.894745,1552.959 22.342842,36.894791,1552.694 22.342918,36.894813,1551.938 22.343051,36.894833,1550.073 22.343107,36.894855,1549.375 22.343242,36.894905,1547.492 22.343312,36.894938,1546.551 22.343375,36.894969,1545.837 22.34343,36.894997,1545.224 22.343485,36.895012,1544.439 22.343537,36.895043,1543.881 22.343633,36.895065,1542.591 22.343739,36.895081,1542.069 22.34383,36.895075,1541.533 22.34392,36.895061,1541.267 22.344015,36.895048,1541.246 22.344176,36.895023,1541.464 22.344347,36.894978,1541.798 22.344432,36.894959,1541.924 22.3446,36.894919,1540.999 22.344761,36.894891,1539.804 22.344841,36.894876,1538.834 22.344931,36.894855,1537.973 22.345071,36.89481,1536.56 22.345145,36.894793,1535.154 22.345208,36.894779,1533.914 22.345336,36.894682,1534.16 22.345432,36.894627,1533.906 22.345602,36.894537,1532.496 22.345682,36.894494,1531.086 22.345849,36.894419,1527.118 22.345836,36.894405,1528.032 22.346107,36.894249,1522.485 22.346169,36.894206,1521.701 22.346216,36.89416,1521.407 22.34626,36.8941,1521.431 22.346584,36.893444,1520.578 22.346678,36.893324,1517.614 22.346756,36.893256,1514.914 22.346979,36.893146,1508.855 22.347174,36.893079,1508.044 22.347387,36.893027,1506.687 22.347579,36.893,1506.112 22.347556,36.893055,1507.389 22.347533,36.893081,1507.297 22.347502,36.8931,1507.171 22.347095,36.893248,1508.952 22.347052,36.893269,1509.413 22.346977,36.893334,1510.643 22.346945,36.893387,1510.606 22.34692,36.893471,1510.668 22.346828,36.894219,1502.683 22.346783,36.894492,1499.15 22.346783,36.894563,1498.02 22.34682,36.894793,1493.642 22.346816,36.894867,1492.65 22.346802,36.894933,1492.061 22.346729,36.895088,1490.354 22.346681,36.89516,1489.403 22.346634,36.895204,1489.362 22.34658,36.895245,1489.595 22.346351,36.895336,1494.094 22.346301,36.895366,1494.958 22.346268,36.89541,1494.915 22.346254,36.895456,1494.228 22.34625,36.895516,1492.926 22.346328,36.895794,1486.882 22.34633,36.895846,1485.888 22.346318,36.895891,1484.764 22.346289,36.89593,1484.123 22.346248,36.895969,1483.641 22.346192,36.896001,1483.568 22.345933,36.896101,1483.311 22.34586,36.896123,1483.447 22.345575,36.896188,1485.129 22.345514,36.896212,1485.474 22.345467,36.896239,1485.66 22.345437,36.896274,1485.439 22.345422,36.89631,1484.971 22.345414,36.896357,1484.178 22.345462,36.896653,1481.733 22.34545,36.89671,1481.239 22.345415,36.896772,1481.018 22.345344,36.896827,1481.801 22.344821,36.897033,1485.128 22.344609,36.897153,1487.202 22.344704,36.89717,1484.428 22.344778,36.897161,1482.918 22.345023,36.897053,1481.728 22.345086,36.897033,1481.475 22.34549,36.896963,1475.917 22.346072,36.896943,1464.735 22.346116,36.896924,1464.336 22.346133,36.896907,1464.336 22.346141,36.896885,1464.638 22.346134,36.896523,1471.1 22.346141,36.896455,1471.722 22.346169,36.896415,1471.656 22.346214,36.896389,1471.147 22.346275,36.896375,1470.48 22.346702,36.896406,1458.752 22.346847,36.896397,1454.728 22.346917,36.896372,1453.167 22.346959,36.896335,1452.882 22.346971,36.896297,1453.444 22.346977,36.89626,1454.089 22.346957,36.896052,1459.812 22.346967,36.896017,1460.82 22.346985,36.895986,1461.482 22.347016,36.895966,1461.421 22.347061,36.895949,1460.899 22.347744,36.895749,1449.631 22.347816,36.895714,1448.628 22.347869,36.895663,1448.563 22.347978,36.895502,1449.948 22.348033,36.895404,1451.007 22.348093,36.895247,1453.697 22.348128,36.895201,1453.848 22.348167,36.895175,1453.38 22.348223,36.89516,1452.146 22.348333,36.895161,1448.952 22.348588,36.895182,1445.063 22.348651,36.895207,1444.075 22.348705,36.895244,1443.014 22.349221,36.895835,1430.909 22.349312,36.895905,1428.956 22.349419,36.895962,1426.544 22.349759,36.896104,1427.878 22.349992,36.896252,1429.061 22.350034,36.896294,1428.142 22.350149,36.896465,1423.647 22.350205,36.896533,1422.305 22.350263,36.89658,1421.687 22.350842,36.896851,1420.312 22.351113,36.896919,1415.281 22.351276,36.896936,1414.39 22.351447,36.896915,1415.392 22.351607,36.896856,1417.606 22.351745,36.896781,1419.375 22.352068,36.89647,1423.469 22.352175,36.896325,1426.097 22.352243,36.89625,1427.551 22.352286,36.896226,1427.407 22.352334,36.896221,1426.462 22.352374,36.896238,1425.059 22.352395,36.896269,1423.754 22.352444,36.89655,1417.716 22.352406,36.896838,1415.304 22.352335,36.896991,1414.846 22.351846,36.897574,1411.022 22.351774,36.897694,1408.488 22.35173,36.897905,1402.222 22.351757,36.898164,1395.501 22.352135,36.899056,1382.483 22.352951,36.900212,1378.211 22.353063,36.900339,1377.025 22.353179,36.90044,1376.641 22.353231,36.900474,1376.728 22.353313,36.900501,1377.816 22.353533,36.900519,1381.797 22.353659,36.900537,1383.08 22.353789,36.900581,1382.64 22.354066,36.900653,1382.149 22.354195,36.900665,1381.918 22.354306,36.90066,1381.55 22.354399,36.900637,1381.986 22.354537,36.900564,1383.979 22.354631,36.900541,1384.181 22.354709,36.900544,1383.511 22.354965,36.900628,1378.317 22.355193,36.90075,1372.397 22.355281,36.900785,1370.73 22.355381,36.900799,1369.91 22.355519,36.900797,1369.553 22.355606,36.900815,1368.726 22.35568,36.900861,1367.059 22.3559,36.90105,1360.814 22.355952,36.901081,1360.273 22.356007,36.901091,1360.509 22.356073,36.901085,1361.366 22.356318,36.901043,1363.721 22.356407,36.901039,1364.038 22.356515,36.901052,1363.851 22.356637,36.901094,1363.246 22.357307,36.901484,1358.603 22.35737,36.90152,1359.495 22.357408,36.901551,1359.984 22.357441,36.9016,1360.257 22.357509,36.9018,1359.242 22.357545,36.90186,1359.026 22.357588,36.901898,1359.253 22.357658,36.901933,1360.009 22.35794,36.901982,1364.3 22.358664,36.902076,1377.792 22.358807,36.902104,1378.415 22.359126,36.902212,1375.431 22.359242,36.902232,1375.332 22.359353,36.902238,1375.746 22.359435,36.902224,1375.973 22.359619,36.902158,1379.278 22.359682,36.902157,1379.657 22.359895,36.90218,1381.704 22.360034,36.902167,1384.3 22.360074,36.902171,1385.024 22.360115,36.902186,1385.473 22.360185,36.902234,1385.855 22.360292,36.902283,1387.37 22.360419,36.902358,1388.338 22.360456,36.902392,1388.371 22.360476,36.902424,1388.144 22.360484,36.902462,1387.618 22.360468,36.902592,1386.948 22.360403,36.90277,1386.871 22.360327,36.902854,1388.501 22.360214,36.902901,1389.395 22.360088,36.902939,1390.466 22.359631,36.903062,1396.912 22.359499,36.903092,1399.05 22.359419,36.903095,1399.47 22.35935,36.903082,1398.707 22.359297,36.903058,1397.566 22.359132,36.902957,1392.332 22.359069,36.902929,1390.447 22.359015,36.902925,1389.689 22.358953,36.902931,1389.232 22.358902,36.902953,1389.462 22.358528,36.903318,1394.75 22.358437,36.903474,1397.105 22.35829,36.903844,1404.693 22.35806,36.904237,1410.427 22.357952,36.904392,1411.573 22.357918,36.904456,1412.381 22.357897,36.90453,1413.712 22.357846,36.904654,1415.107 22.357805,36.90472,1415.118 22.357748,36.904779,1414.928 22.357513,36.904971,1411.717 22.357427,36.905094,1414.956 22.357248,36.905467,1423.244 22.357076,36.905905,1429.595 22.35695,36.9063,1437.253 22.356923,36.906354,1438.503 22.356892,36.90638,1438.78 22.356847,36.9064,1438.3 22.356787,36.906415,1437.313 22.356692,36.906475,1436.048 22.356653,36.90653,1435.991 22.356645,36.906592,1436.405 22.356652,36.906643,1436.781 22.356703,36.906718,1436.736 22.356975,36.907002,1433.837 22.357025,36.907033,1433.883 22.357077,36.907048,1434.451 22.357252,36.907082,1436.862 22.357325,36.907113,1437.454 22.357571,36.907261,1437.346 22.357899,36.907538,1435.527 22.35796,36.907609,1435.305 22.35816,36.907874,1432.974 22.358221,36.907926,1433.329 22.358492,36.908077,1434.995 22.358775,36.908244,1436.692 22.358829,36.908306,1436.46 22.358853,36.908397,1435.134 22.358872,36.908551,1432.664 22.358894,36.908637,1432.625 22.359018,36.908824,1440.504 22.359041,36.908902,1442.375 22.359034,36.908974,1444.038 22.359002,36.909036,1444.5 22.358894,36.909132,1443.188 22.358662,36.909242,1438.719 22.358589,36.909299,1438.057 22.358547,36.909365,1438.47 22.358496,36.909472,1438.996 22.358489,36.909541,1439.104 22.358497,36.909583,1439.596 22.358535,36.909618,1441.056 22.358594,36.90964,1443.131 22.358809,36.909653,1448.203 22.358896,36.909671,1450.189 22.358943,36.9097,1451.395 22.358984,36.909758,1451.628 22.359144,36.910083,1449.818 22.360321,36.911771,1457.311 22.360411,36.911877,1456.851 22.360527,36.911962,1457.589 22.360773,36.912106,1461.065 22.360854,36.912139,1462.491 22.360907,36.91215,1463.215 22.360954,36.912149,1464.132 22.361019,36.912122,1466.109 22.361099,36.91206,1469.429 22.361221,36.912002,1472.843 22.361324,36.911988,1474.691 22.361404,36.911998,1475.461 22.361488,36.912025,1475.61 22.361657,36.912136,1473.323 22.362022,36.912455,1465.809 22.362081,36.91248,1466.071 22.362143,36.912478,1467.23 22.362194,36.912446,1469.067 22.362215,36.912403,1470.673 22.362243,36.912309,1473.851 22.362267,36.912277,1475.197 22.362321,36.912254,1476.822 22.362396,36.912258,1478.017 22.362452,36.912291,1477.95 22.362509,36.912355,1476.937 22.362537,36.912515,1473.217 22.362545,36.912866,1472.196 22.362576,36.913159,1475.653 22.36256,36.913352,1476.563 22.362497,36.913527,1478.075 22.362118,36.914117,1478.242 22.362011,36.91432,1476.92 22.361976,36.914477,1476.982 22.361992,36.914599,1477.255 22.362041,36.9147,1478.169 22.362161,36.914859,1480.895 22.362228,36.914983,1482.087 22.362253,36.915084,1483.35 22.362231,36.915208,1484.373 22.362097,36.915566,1485.234 22.362105,36.915803,1486.203 22.362096,36.915911,1486.081 22.36201,36.91631,1482.389 22.361982,36.916338,1481.423 22.361958,36.916344,1480.706 22.361935,36.916594,1478.235 22.361917,36.916702,1476.996 22.361878,36.916812,1475.449 22.361794,36.916977,1472.911 22.361771,36.917076,1473.07 22.361767,36.917183,1473.846 22.36178,36.917344,1475.584 22.361793,36.917425,1476.587 22.361861,36.917621,1479.238 22.361877,36.917825,1480.796 22.361866,36.917891,1480.943 22.361711,36.918234,1480.821 22.361687,36.918341,1481.22 22.361697,36.918439,1481.328 22.361728,36.918579,1481.662 22.361734,36.91864,1481.935 22.361725,36.918694,1482.227 22.361705,36.918743,1482.364 22.361318,36.919059,1488.812 22.361263,36.919089,1489.689 22.361214,36.919103,1490.205 22.361154,36.919105,1490.674 22.361106,36.919086,1491.005 22.361072,36.91906,1491.054 22.361037,36.919002,1491.158 22.360993,36.918556,1487.304 22.360938,36.918302,1486.154 22.360827,36.918017,1484.507 22.360763,36.917925,1483.642 22.3607,36.917877,1483.252 22.360604,36.917857,1483.437 22.360508,36.917847,1483.367 22.3604,36.917855,1483.264 22.360299,36.917896,1484.023 22.360183,36.917957,1484.614 22.360079,36.918064,1486.027 22.359989,36.918206,1488.106 22.359867,36.918436,1489.153 22.359829,36.918562,1489.252 22.359796,36.918801,1488.699 22.359645,36.919427,1489.937 22.359593,36.919553,1491.381 22.359523,36.919672,1492.689 22.35945,36.919763,1494.197 22.359397,36.919812,1495.646 22.35934,36.919837,1496.371 22.359291,36.919842,1496.526 22.359226,36.919829,1496.257 22.359212,36.919826,1496.2 22.359259,36.919882,1497.501 22.35931,36.919922,1498.541 22.359356,36.919944,1499.197 22.359413,36.919956,1499.655 22.359495,36.919952,1499.95 22.359915,36.919819,1498.976 22.359991,36.919807,1499.354 22.360115,36.919804,1499.891 22.360564,36.919936,1505.696 22.360745,36.920041,1509.429 22.360827,36.9201,1511.592 22.360997,36.920437,1522.248 22.36113,36.920564,1525.533 22.361107,36.920675,1530.611 22.360997,36.92068,1531.419 22.360955,36.920722,1533.688 22.361033,36.920825,1538.164 22.36113,36.92097,1546.96 22.361235,36.921001,1549.395 22.361346,36.92111,1555.938 22.361552,36.921199,1560.394 22.361524,36.921353,1565.657 22.361477,36.921474,1568.01 22.361369,36.921567,1568.893 22.361371,36.921671,1571.097 22.361505,36.921733,1572.632 22.361432,36.921898,1573.002 22.361429,36.922012,1572.073 22.361524,36.922151,1570.255 22.361595,36.922269,1567.463 22.361592,36.922373,1562.949 22.361686,36.922438,1560.771 22.361782,36.922523,1558.091 22.361775,36.922585,1556.011 22.361663,36.922603,1553.9 22.361638,36.922667,1551.242 22.36178,36.922727,1551.494 22.361812,36.922815,1549.661 22.361725,36.922831,1546.977 22.361631,36.922764,1547.411 22.361519,36.922742,1547.817 22.361455,36.922808,1545.368 22.361457,36.922895,1542.869 22.361542,36.923053,1538.625 22.36137,36.923135,1535.107 22.361299,36.923309,1528.963 22.361256,36.923477,1522.746 22.361323,36.923733,1512.866 22.361287,36.923832,1510.235 22.361378,36.923923,1506.174 22.3613,36.924121,1501.595 22.36146,36.924318,1493.925 22.36136,36.924413,1490.548 22.361401,36.924651,1480.864 22.361332,36.924841,1475.263 22.361383,36.925064,1467.985 22.361451,36.925313,1461.636 22.361556,36.925422,1457.34 22.361639,36.925426,1454.776 22.36168,36.925298,1454.707 22.361794,36.925265,1454.148 22.361849,36.925397,1451.891 22.361996,36.925419,1450.374 22.36195,36.925525,1449.281 22.36221,36.925474,1448.416 22.362302,36.925634,1441.291 22.362503,36.925656,1435.624 22.362618,36.925795,1427.342 22.362837,36.925901,1418.951 22.362636,36.925934,1421.446 22.362389,36.925963,1426.809 22.362256,36.926139,1424.02 22.36216,36.926304,1419.482 22.362361,36.926424,1408.734 22.362197,36.926512,1409.289 22.362261,36.926651,1400.533 22.36227,36.926739,1397.198 22.362384,36.926739,1393.718 22.362297,36.926914,1391.043 22.362334,36.92713,1386.104 22.362233,36.927455,1385.962 22.362297,36.927682,1375.377 22.362489,36.927718,1365.429 22.362444,36.928128,1358.555 22.362663,36.928303,1348.671 22.362727,36.928588,1343.58 22.36259,36.928961,1349.093 22.362489,36.929393,1347.347 22.362325,36.929788,1349.307 22.362334,36.929963,1347.322 22.362151,36.930183,1353.185 22.362235,36.93057,1347.05 22.362226,36.931008,1340.237 22.362089,36.931294,1345.097 22.361979,36.931703,1346.527 22.361796,36.932164,1350.835 22.361768,36.932566,1349.803 22.361887,36.932844,1346.893 22.362043,36.932924,1342.875 22.362241,36.933431,1338.155 22.362474,36.933596,1332.517 22.362387,36.933914,1332.263 22.362405,36.934115,1328.544 22.362245,36.934389,1328.473 22.362158,36.93459,1329.376 22.362195,36.934941,1327.78 22.362135,36.935347,1326.136 22.361884,36.935698,1327.572 22.361696,36.935851,1328.737 22.361568,36.936133,1321.828 22.361349,36.936319,1321.305 22.361006,36.936374,1327.518 22.360754,36.936597,1320.404 22.360603,36.936758,1315.52 22.360507,36.936827,1315.734 22.360379,36.936802,1319.845 22.360393,36.936857,1318.233 22.360507,36.936948,1312.548 22.360526,36.937091,1310.712 22.360992,36.937251,1296.987 22.361486,36.937405,1289.704 22.361879,36.937577,1281.859 22.36209,36.937573,1277.606 22.362465,36.937672,1268.882 22.362785,36.937844,1250.9 22.363004,36.938045,1241.375 22.363132,36.938337,1239.411 22.363184,36.938606,1236.841 22.363499,36.938741,1229.417 22.363641,36.938855,1226.894 22.36376,36.938884,1224.205 22.363789,36.93908,1224.205 22.363824,36.939179,1223.648 22.363722,36.939258,1225.942 22.363615,36.939295,1227.997 22.363414,36.939467,1229.351 22.363373,36.939536,1228.451 22.363392,36.939631,1226.126 22.363424,36.939714,1223.872 22.363407,36.939796,1222.221 22.363357,36.939872,1220.977 22.362985,36.940291,1221.746 22.362908,36.940421,1221.156 22.362812,36.940534,1221.48 22.362702,36.940621,1224.831 22.362649,36.940675,1226.598 22.362639,36.940763,1227.739 22.362652,36.940747,1227.367 22.362639,36.940763,1227.739 22.362577,36.940872,1230.862 22.3626,36.940928,1232.982 22.362717,36.940961,1232.554 22.362927,36.940979,1229.021 22.36316,36.940961,1222.588 22.363294,36.940989,1219.737 22.363387,36.941077,1220.782 22.363516,36.941268,1224.246 22.363586,36.941441,1227.957 22.363586,36.941636,1236.318 22.363574,36.941837,1244.598 22.363603,36.942042,1252.761 22.363638,36.942214,1260.424 22.363696,36.942265,1262.853 22.363749,36.942265,1262.471 22.36383,36.942195,1258.227 22.363959,36.942046,1252.144 22.364104,36.94186,1244.361 22.364198,36.941827,1243.329 22.364402,36.941949,1254.461 22.364536,36.941986,1260.39 22.364629,36.941958,1262.327 22.364734,36.941846,1258.903 22.364816,36.941725,1252.876 22.364921,36.941636,1249.354 22.365066,36.941562,1248.495 22.365393,36.941534,1253.314 22.36583,36.941483,1248.796 22.366063,36.941403,1238.756 22.366238,36.941413,1237.741 22.36643,36.941543,1241.12 22.366734,36.941697,1243.664 22.366926,36.941785,1243.056 22.367025,36.941953,1248.231 22.36713,36.942042,1250.659 22.367276,36.942098,1251.333 22.367427,36.942102,1250.651 22.36755,36.942093,1250.134 22.367701,36.942018,1248.509 22.367917,36.941962,1247.569 22.368407,36.942023,1248.804 22.368523,36.942088,1248.909 22.368593,36.942223,1252.213 22.368646,36.94241,1255.639 22.368692,36.942535,1258.118 22.368762,36.942591,1259.197 22.36885,36.942591,1258.558 22.368943,36.94255,1257.155 22.369036,36.942419,1253.864 22.369194,36.942312,1251.617 22.369369,36.942275,1250.658 22.369544,36.942289,1250.447 22.3698,36.942275,1248.03 22.36987,36.942391,1251.842 22.369975,36.942494,1255.747 22.370126,36.942503,1255.653 22.37037,36.942497,1253.889 22.370756,36.942494,1251.062 22.370925,36.942564,1252.084 22.371053,36.942671,1254.168 22.371211,36.94275,1255.74 22.371368,36.942787,1256.504 22.371543,36.942764,1256.581 22.371782,36.942657,1254.028 22.372336,36.942382,1253.155 22.372639,36.942317,1253.571 22.372896,36.942317,1253.365 22.373123,36.942368,1253.89 22.373269,36.94241,1254.743 22.373578,36.942475,1253.645 22.373863,36.942526,1252.979 22.37412,36.942545,1251.497 22.374178,36.942568,1251.602 22.374213,36.942582,1251.585 22.374417,36.942773,1252.42 22.374575,36.942946,1252.393 22.374755,36.943113,1251.809 22.374825,36.943211,1252.653 22.374878,36.943346,1254.277 22.375023,36.943495,1252.831 22.375053,36.943603,1253.738 22.375047,36.943747,1256.837 22.375134,36.943812,1256.096 22.375227,36.943915,1256.314 22.375321,36.944152,1262.904 22.375344,36.944278,1265.212 22.375461,36.944399,1264.526 22.375583,36.944567,1266.079 22.375653,36.944646,1267.305 22.37574,36.944707,1267.869 22.375775,36.944772,1268.774 22.375764,36.944856,1270.527 22.375676,36.944935,1273.529 22.375128,36.945312,1289.651 22.374994,36.945406,1292.646 22.374948,36.94549,1293.172 22.374994,36.945531,1292.196 22.37514,36.945531,1288.56 22.375647,36.945513,1282.576 22.375886,36.945559,1281.553 22.376114,36.945676,1282.87 22.376627,36.945825,1286.399 22.37714,36.945993,1291.619 22.377355,36.945993,1287.851 22.37753,36.946039,1285.954 22.378084,36.946272,1288.062 22.379402,36.946584,1289.105 22.380177,36.946831,1285.991 22.380532,36.946952,1280.226 22.380748,36.947055,1278.478 22.380894,36.947153,1278.371 22.381005,36.947283,1280.63 22.381139,36.947507,1285.781 22.381203,36.947717,1294.447 22.381314,36.947898,1296.535 22.381465,36.948085,1296.585 22.381663,36.948266,1295.99 22.381833,36.948443,1300.067 22.381949,36.948639,1304.685 22.382002,36.949021,1314.317 22.382031,36.949165,1317.832 22.382089,36.949291,1318.947 22.382211,36.949436,1319.082 22.382322,36.949543,1320.87 22.38245,36.94965,1322.146 22.382561,36.949753,1323.457 22.382585,36.949808,1324.166 22.382562,36.94998,1326.811 22.382878,36.950202,1323.743 22.383113,36.95041,1322.962 22.383428,36.95085,1325.098 22.383716,36.951582,1322.647 22.38405,36.951962,1312.191 22.384423,36.95233,1305.095 22.384718,36.952555,1300.353 22.384921,36.952664,1299.618 22.385034,36.952698,1300.485 22.385117,36.952776,1299.024 22.384965,36.952801,1294.178 22.384475,36.952665,1291.357 22.384204,36.952611,1291.474 22.383908,36.952676,1290.6 22.383584,36.95291,1285.012 22.383319,36.953122,1281.99 22.383116,36.953186,1281.753 22.382679,36.953155,1281.12 22.382604,36.95314,1281.291 22.382252,36.953034,1283.146 22.381884,36.953024,1281.701 22.381665,36.953172,1275.238 22.381597,36.953298,1271.833 22.381741,36.95348,1268.26 22.381959,36.953561,1266.092 22.382079,36.953599,1265.283 22.382321,36.953639,1264.117 22.382587,36.95379,1260.574 22.382859,36.953917,1256.904 22.383068,36.953963,1255.396 22.383254,36.954062,1253.037 22.383483,36.954128,1248.271 22.38366,36.954396,1244.983 22.383778,36.954663,1240.519 22.383816,36.954789,1239.127 22.383848,36.954929,1238.364 22.384036,36.955379,1235.295 22.384087,36.955466,1234.635 22.384165,36.955561,1233.125 22.384442,36.955801,1226.499 22.384604,36.955958,1226.121 22.384765,36.956055,1224.6 22.385004,36.956169,1221.881 22.385085,36.956228,1219.609 22.385185,36.956355,1217.479 22.385222,36.956415,1216.898 22.385289,36.956558,1217.354 22.385403,36.956699,1217.479 22.385513,36.956803,1216.942 22.385598,36.956871,1216.456 22.386024,36.957171,1215.966 22.386253,36.957323,1217.762 22.386349,36.957403,1219.176 22.386422,36.957477,1220.447 22.386557,36.957638,1222.043 22.386608,36.957685,1222.07 22.386772,36.957801,1221.33 22.386956,36.957966,1220.816 22.387078,36.958116,1222.3 22.387142,36.958226,1224.61 22.387223,36.958395,1227.529 22.387357,36.958591,1228.576 22.38742,36.95867,1228.213 22.38751,36.958764,1226.838 22.387676,36.958956,1222.514 22.387928,36.959338,1217.393 22.388165,36.959654,1215.687 22.388254,36.959778,1214.368 22.38831,36.959825,1213.133 22.388376,36.959862,1212.184 22.388782,36.960014,1210.262 22.388822,36.96004,1209.751 22.388837,36.96006,1209.301 22.388841,36.960078,1208.862 22.38883,36.960092,1208.47 22.388811,36.960102,1208.149 22.388775,36.960108,1207.868 22.388688,36.960107,1207.58 22.388208,36.960083,1207.924 22.387911,36.960051,1211.267 22.38774,36.960056,1212.919 22.387601,36.960089,1211.836 22.387484,36.960132,1210.284 22.387416,36.960178,1208.616 22.387353,36.960231,1206.637 22.387248,36.960347,1202.949 22.387158,36.960475,1200.477 22.387092,36.960612,1196.495 22.387058,36.960659,1195.22 22.386964,36.960739,1194.068 22.386649,36.960951,1190.701 22.386609,36.960992,1188.934 22.386598,36.961019,1187.537 22.386601,36.961041,1186.136 22.38662,36.961059,1184.563 22.386649,36.961073,1182.935 22.386685,36.961081,1181.651 22.386769,36.961072,1180.801 22.387002,36.96099,1180.271 22.387125,36.960939,1179.194 22.387267,36.960871,1177.673 22.387506,36.960736,1175.36 22.387569,36.960733,1174.466 22.387589,36.960741,1173.938 22.387604,36.96076,1173.174 22.387602,36.960784,1172.538 22.387579,36.960842,1171.328 22.387501,36.96096,1169.334 22.387136,36.961462,1157.757 22.387099,36.961491,1157.216 22.387051,36.961516,1156.942 22.386988,36.961535,1157.069 22.386608,36.96161,1155.942 22.386358,36.961679,1152.507 22.386157,36.961722,1150.643 22.385965,36.96174,1151.768 22.385894,36.96175,1152.136 22.38586,36.96177,1151.375 22.385845,36.961799,1149.791 22.38586,36.961839,1147.271 22.385896,36.961866,1145.482 22.385955,36.96188,1144.436 22.386765,36.961895,1144.717 22.386824,36.961907,1144.272 22.386856,36.961927,1143.585 22.386881,36.961962,1142.592 22.386881,36.961994,1141.848 22.386853,36.96203,1140.949 22.386798,36.962049,1140.345 22.386561,36.962072,1139.295 22.386349,36.962107,1138.093 22.386152,36.962152,1134.752 22.385926,36.962214,1131.62 22.385808,36.962258,1129.272 22.385607,36.962347,1123.98 22.385444,36.962397,1121.45 22.385338,36.96242,1120.456 22.384954,36.962457,1119.141 22.384849,36.962474,1118.471 22.384781,36.962496,1117.244 22.384727,36.962524,1116.218 22.384598,36.96263,1113.026 22.384499,36.962699,1110.78 22.38442,36.962753,1108.9 22.384304,36.962817,1106.447 22.38414,36.962875,1104.212 22.384045,36.962901,1103.364 22.383924,36.96292,1102.794 22.383739,36.962931,1104 22.383504,36.962954,1106.033 22.383421,36.962974,1106.543 22.383385,36.962992,1106.443 22.38335,36.963021,1105.959 22.38337,36.96306,1104.18 22.383416,36.963117,1101.3 22.383469,36.96316,1098.798 22.383531,36.963194,1096.458 22.383624,36.963235,1093.461 22.383715,36.963264,1091.935 22.383907,36.963313,1089.404 22.384119,36.96334,1086.283 22.38422,36.963338,1085.627 22.38454,36.963301,1085.141 22.384609,36.963304,1084.085 22.384654,36.963316,1082.872 22.384689,36.963336,1081.352 22.384729,36.963393,1078.183 22.384722,36.963434,1076.292 22.3847,36.963455,1075.591 22.384659,36.963469,1075.45 22.384469,36.96356,1073.295 22.384369,36.963622,1071.966 22.38429,36.963694,1070.796 22.384231,36.963773,1069.014 22.383855,36.963785,1072.404 22.383722,36.963785,1073.061 22.383591,36.963774,1074.132 22.383331,36.963738,1075.14 22.383045,36.963728,1074.596 22.382927,36.963742,1072.788 22.382828,36.963763,1070.712 22.382403,36.963927,1061.011 22.382315,36.963953,1060.639 22.382175,36.963976,1061.167 22.381885,36.964001,1063.923 22.381776,36.964021,1064.25 22.381681,36.964053,1063.968 22.381189,36.964317,1053.152 22.381155,36.964326,1052.735 22.381044,36.964313,1052.556 22.380848,36.964221,1056.499 22.380438,36.96408,1055.918 22.380207,36.964019,1053.747 22.380124,36.964007,1052.921 22.380077,36.964008,1051.993 22.380046,36.964025,1050.481 22.380037,36.964056,1048.615 22.380048,36.96409,1046.927 22.380091,36.96413,1045.377 22.380215,36.964181,1044.488 22.380579,36.96428,1047.91 22.380758,36.964345,1047.165 22.380937,36.964426,1045.261 22.3811,36.96453,1042.857 22.381365,36.964674,1033.864 22.381546,36.964711,1029.567 22.381806,36.964739,1027.127 22.382168,36.964739,1025.106 22.382436,36.964711,1026.301 22.382847,36.964644,1028.27 22.382978,36.96464,1028.258 22.383084,36.964664,1026.939 22.383209,36.964707,1024.366 22.38343,36.964808,1016.261 22.383689,36.964886,1009.309 22.384268,36.964965,1004.322 22.384365,36.964983,1000.506 22.384487,36.964993,997.333 22.384636,36.964985,996.876 22.384925,36.964951,997.764 22.385723,36.964975,998.34 22.38579,36.964983,998.474 22.385833,36.965001,997.962 22.385866,36.965026,997.501 22.385883,36.96507,996.06 22.385879,36.965108,994.578 22.385861,36.965138,993.282 22.385816,36.965168,991.827 22.385714,36.965209,989.617 22.385568,36.965237,987.558 22.385389,36.965242,984.522 22.384104,36.965234,983.213 22.383702,36.965264,981.319 22.383345,36.965311,985.151 22.383125,36.965356,988.917 22.382973,36.965435,987.144 22.382488,36.96583,976.275 22.382628,36.965829,975.698 22.382739,36.965803,976.074 22.382844,36.965761,976.544 22.382963,36.965679,977.741 22.383048,36.965605,978.831 22.383175,36.965523,979.077 22.383288,36.965492,978.028 22.383426,36.965481,975.154 22.384255,36.965482,966.601 22.384475,36.965492,964.746 22.384622,36.965523,963.439 22.384743,36.965585,961.043 22.384831,36.965641,959.55 22.384908,36.965703,957.458 22.384973,36.965863,950.962 22.385026,36.965979,947.271 22.385085,36.966048,944.711 22.385154,36.966093,942.623 22.385282,36.966128,940.705 22.385379,36.966122,941.068 22.385502,36.966082,943.17 22.38573,36.965958,950.985 22.385831,36.965922,953.467 22.385913,36.965917,954.461 22.386005,36.965925,955.02 22.386159,36.965987,953.534 22.386352,36.966074,950.47 22.38693,36.966277,945.733 22.387412,36.966423,940.716 22.387673,36.966487,938.169 22.387782,36.966506,937.689 22.387891,36.966513,937.662 22.388015,36.966501,938.635 22.388136,36.966473,939.713 22.388271,36.96645,940.457 22.388379,36.96644,940.305 22.388518,36.96644,938.58 22.388688,36.966455,935.903 22.388912,36.966465,933.461 22.389103,36.96647,933.429 22.389366,36.966464,932.126 22.389596,36.966477,930.703 22.389854,36.966511,928.58 22.390222,36.966588,925.134 22.390434,36.966638,923.789 22.390516,36.966677,922.269 22.390534,36.966697,921.534 22.390538,36.966728,920.224 22.390526,36.966747,919.317 22.390506,36.966757,918.741 22.390459,36.966761,918.23 22.390062,36.966744,917.443 22.389874,36.966759,916.98 22.389657,36.966803,915.951 22.389289,36.966941,912.697 22.389131,36.966989,910.874 22.388936,36.967004,909.857 22.388625,36.966994,909.205 22.388367,36.966996,908.315 22.388137,36.967021,908.474 22.387886,36.967061,907.027 22.387306,36.967181,897.384 22.387225,36.967214,895.375 22.387186,36.967254,894.965 22.387186,36.96731,893.983 22.387198,36.967366,892.806 22.387258,36.967417,891.39 22.387337,36.967441,890.587 22.387439,36.967435,890.34 22.387776,36.967326,895.505 22.387874,36.967305,895.974 22.388002,36.967296,895.791 22.388131,36.967309,894.039 22.388301,36.967367,889.113 22.388495,36.967418,885.312 22.389025,36.967578,879.544 22.389168,36.967603,879.452 22.389307,36.967607,880.738 22.389445,36.9676,882.592 22.389768,36.967563,880.001 22.390023,36.967548,879.545 22.390247,36.967553,880.577 22.390731,36.967604,876.983 22.391236,36.967648,873.284 22.39168,36.967656,871.006 22.391861,36.967643,868.006 22.391992,36.96762,866.085 22.392126,36.967566,864.94 22.392473,36.967365,867.199 22.392718,36.967256,868.525 22.392881,36.967206,868.426 22.393011,36.967178,868.055 22.39316,36.967175,866.734 22.393303,36.967163,866.226 22.393435,36.967144,864.906 22.393573,36.967109,863.689 22.393806,36.967016,863.762 22.393871,36.966981,863.989 22.393963,36.9669,865.682 22.39408,36.966756,869.508 22.394142,36.966725,870.096 22.394228,36.96671,869.812 22.39436,36.966709,868.494 22.394465,36.966715,867.36 22.394568,36.966733,866.406 22.394915,36.966817,863.186 22.395194,36.966876,862.595 22.395305,36.966911,862.171 22.395402,36.966967,861.136 22.395663,36.967168,853.525 22.395724,36.967206,851.5 22.39582,36.967227,849.955 22.395952,36.967203,849.618 22.396504,36.966947,857.705 22.396563,36.966933,858.82 22.396621,36.96693,859.364 22.396668,36.966935,859.456 22.396726,36.966956,859.05 22.396785,36.966997,857.549 22.396836,36.967056,854.962 22.39691,36.967114,852.548 22.396972,36.967132,852.001 22.397034,36.967133,852.232 22.397172,36.967109,854.45 22.39725,36.967103,855.455 22.397318,36.967104,856.121 22.397391,36.967119,855.883 22.397448,36.967152,854.242 22.397534,36.967216,850.912 22.39761,36.967289,847.978 22.397706,36.96736,845.526 22.397832,36.967413,844.284 22.397996,36.967465,843.247 22.398254,36.967503,843.281 22.398803,36.967557,843.954 22.398948,36.967578,843.436 22.399066,36.967612,841.685 22.399192,36.967661,839.314 22.399361,36.967754,835.365 22.399512,36.967848,833.361 22.399688,36.968002,827.912 22.400021,36.968242,814.895 22.400092,36.968255,814.146 22.400172,36.968246,814.348 22.400253,36.968224,815.171 22.400434,36.968155,817.061 22.400507,36.968138,817.156 22.400581,36.968138,816.589 22.400763,36.968151,814.96 22.400858,36.968136,815.184 22.400973,36.96809,817.263 22.401279,36.967986,823.205 22.401444,36.967962,824.805 22.401579,36.967982,823.337 22.40169,36.96801,820.809 22.401797,36.96805,816.57 22.401992,36.968144,810.823 22.402236,36.968253,807.393 22.402319,36.968284,805.395 22.402545,36.968323,800.972 22.402749,36.968331,797.542 22.402903,36.968322,796.618 22.40309,36.968282,796.361 22.403281,36.968198,795.46 22.403657,36.967992,793.776 22.403844,36.967829,794.517 22.403926,36.967775,794.586 22.404009,36.967745,794.686 22.404119,36.967735,793.534 22.404233,36.967739,792.642 22.404386,36.96776,791.717 22.40454,36.967791,790.835 22.40482,36.967834,788.306 22.404925,36.967836,786.871 22.405075,36.967827,784.608 22.405179,36.96779,783.694 22.405303,36.967725,782.859 22.40546,36.967591,782.986 22.405606,36.967438,782.358 22.405709,36.967254,781.301 22.405747,36.967215,780.451 22.405781,36.967193,779.336 22.405821,36.967178,778.051 22.405844,36.967233,777.617 22.405838,36.967296,777.339 22.405818,36.967365,777.385 22.405624,36.967729,776.532 22.405562,36.967812,775.875 22.405451,36.967916,774.527 22.405327,36.968008,773.12 22.405212,36.968067,772.866 22.405053,36.96814,772.411 22.404896,36.968191,771.982 22.404768,36.968225,772.049 22.404627,36.968245,773.094 22.404308,36.968251,776.699 22.404196,36.968289,776.817 22.40412,36.968348,776.365 22.404039,36.968478,773.611 22.40397,36.968605,770.738 22.403963,36.96867,767.755 22.403974,36.968715,765.347 22.403997,36.96874,763.739 22.404039,36.968754,762.374 22.404086,36.968742,762.19 22.404122,36.968708,763.214 22.404157,36.968666,764.598 22.404229,36.968553,768.032 22.404306,36.968473,769.718 22.40437,36.968445,769.892 22.404449,36.968429,769.463 22.40453,36.96843,767.766 22.404808,36.968466,760.43 22.404991,36.968473,756.155 22.405114,36.968466,754.672 22.405274,36.968446,753.376 22.405394,36.968462,751.035 22.405716,36.96854,742.736 22.405783,36.968538,741.759 22.405857,36.96852,741.268 22.405924,36.968482,741.384 22.40603,36.968393,742.71 22.406788,36.967791,745.34 22.406853,36.967752,745.296 22.40688,36.967745,744.986 22.406905,36.967748,744.46 22.406933,36.967757,743.73 22.406958,36.967774,742.948 22.406964,36.967795,742.173 22.406942,36.967842,740.732 22.406895,36.967902,739.418 22.406803,36.967997,737.654 22.406663,36.968127,735.527 22.406487,36.968312,732.748 22.406426,36.968364,732.124 22.406397,36.968403,731.331 22.40639,36.968441,730.103 22.406401,36.96848,728.504 22.406434,36.968499,727.255 22.406481,36.9685,726.408 22.406846,36.968292,726.81 22.40693,36.968253,726.826 22.406979,36.968241,726.66 22.407166,36.96822,725.605 22.407394,36.968211,723.821 22.407674,36.968219,721.643 22.407776,36.968236,720.513 22.407874,36.96826,719.457 22.407995,36.968313,717.618 22.408223,36.968477,713.691 22.408334,36.9686,711.24 22.408389,36.968692,709.602 22.408427,36.968806,707.729 22.408517,36.969192,699.581 22.408573,36.96934,694.049 22.408657,36.969458,690.522 22.408735,36.969525,689.352 22.408845,36.969593,688.942 22.408994,36.969639,688.69 22.40914,36.969651,689.35 22.409374,36.969639,690.072 22.40946,36.969624,690.36 22.409631,36.969565,690.15 22.409794,36.969472,689.621 22.409858,36.969449,688.995 22.409935,36.969427,687.806 22.409998,36.969421,686.778 22.410068,36.969428,685.08 22.41013,36.969449,683.714 22.410208,36.96949,681.799 22.410396,36.969641,677.728 22.410509,36.969709,675.126 22.41056,36.969728,673.853 22.410615,36.969732,673.011 22.41073,36.969722,671.485 22.410794,36.969723,670.558 22.410853,36.969732,669.545 22.410945,36.96976,667.691 22.411002,36.969785,666.56 22.411179,36.969914,663.99 22.411301,36.969972,663.348 22.411453,36.970027,662.842 22.411522,36.970058,662.644 22.411589,36.970093,662.381 22.411656,36.970137,661.989 22.411747,36.970208,661.511 22.411875,36.970268,661.614 22.412091,36.970345,660.561 22.412229,36.970361,660.451 22.412394,36.970371,659.089 22.412745,36.970424,658.411 22.413282,36.970484,660.678 22.41344,36.970517,660.285 22.413493,36.970543,659.876 22.413737,36.970755,652.008 22.413826,36.97082,650.075 22.413875,36.970848,649.166 22.413939,36.970875,648.207 22.414008,36.970895,647.559 22.414219,36.970941,645.829 22.414385,36.970985,643.765 22.414682,36.971094,639.551 22.415135,36.971213,634.758 22.415211,36.971248,633.672 22.415403,36.971367,630.86 22.415498,36.971389,630.786 22.415958,36.971382,622.8 22.41607,36.971404,620.025 22.416172,36.971442,616.67 22.416253,36.971458,614.974 22.416342,36.971459,613.822 22.41638,36.97145,613.578 22.416426,36.971423,613.922 22.41656,36.9713,612.734 22.416613,36.971269,611.827 22.416667,36.971267,611.238 22.416712,36.971281,610.567 22.416754,36.971312,610.234 22.416792,36.971353,610.169 22.416827,36.971404,609.991 22.416861,36.971469,608.954 22.417001,36.971825,604.718 22.417033,36.971885,604.335 22.417078,36.971941,604.45 22.417183,36.972035,605.718 22.417329,36.972143,607.32 22.417487,36.972219,609.793 22.417665,36.972261,610.528 22.418099,36.972356,614.209 22.418298,36.972431,615.828 22.418481,36.972546,619.061 22.418649,36.972677,620.925 22.418732,36.972725,620.992 22.418822,36.972749,620.44 22.41905,36.972746,618.81 22.41916,36.972755,618.124 22.419239,36.972802,617.52 22.419386,36.973019,614.102 22.419641,36.973241,609.15 22.419876,36.973534,603.081 22.420031,36.973631,601.69 22.420275,36.973719,600.614 22.420484,36.973736,598.657 22.420732,36.973732,595.818 22.420933,36.973706,593.932 22.42112,36.973709,592.6 22.421546,36.973808,590.676 22.422046,36.973878,586.09 22.422159,36.973908,584.724 22.422634,36.974156,571.533 22.422814,36.974229,568.674 22.422962,36.974266,568.301 22.423131,36.974294,567.42 22.42368,36.974351,561.381 22.423771,36.974344,560.808 22.423836,36.97431,561.491 22.424092,36.973976,567.245 22.424184,36.973924,566.056 22.42431,36.973899,564.238 22.424452,36.973912,561.446 22.424584,36.973915,558.971 22.424733,36.973892,556.739 22.424921,36.973853,553.551 22.424976,36.973856,552.55 22.425008,36.973889,551.854 22.424995,36.973941,551.149 22.424957,36.973989,550.916 22.424879,36.974052,550.986 22.424593,36.974209,552.969 22.424535,36.974286,552.457 22.424521,36.974395,550.272 22.424556,36.97452,546.947 22.424606,36.974634,543.987 22.424674,36.974736,541.586 22.424776,36.974809,539.682 22.424875,36.974833,539.468 22.425136,36.974865,539.206 22.425203,36.974879,538.954 22.425356,36.974944,537.558 22.425413,36.974954,536.871 22.425542,36.974959,535.442 22.425772,36.974986,533.464 22.426048,36.975129,529.28 22.426333,36.975302,528.856 22.426392,36.975364,528.156 22.426451,36.97545,526.781 22.426499,36.975507,526.099 22.426955,36.975813,523.138 22.427046,36.975895,520.731 22.42713,36.976037,517.885 22.427191,36.976115,516.25 22.428116,36.976673,509.316 22.428256,36.976797,507.913 22.428569,36.977099,506.05 22.428575,36.977156,505.963 22.428557,36.97721,505.831 22.428432,36.977266,504.308 22.428085,36.977266,501.968 22.427789,36.977218,503.076 22.427651,36.97716,502.751 22.427532,36.977071,503.068 22.427287,36.97681,502.109 22.427205,36.976774,501.22 22.427117,36.976775,500.008 22.426708,36.976886,495.262 22.426577,36.976883,495.004 22.426404,36.976842,495.267 22.426194,36.976773,495.569 22.426118,36.976778,495.036 22.42608,36.976809,494.607 22.426086,36.976856,493.744 22.426594,36.977255,486.969 22.427217,36.977674,480.991 22.427446,36.977793,476.103 22.428152,36.978053,469.829 22.428746,36.978342,464.223 22.428877,36.978387,462.873 22.429373,36.978456,454.949 22.429742,36.978532,445.204 22.429821,36.978535,444.221 22.429907,36.978502,444.718 22.430258,36.978249,448.485 22.43034,36.978201,447.876 22.430455,36.97817,445.289 22.431359,36.978085,431.571 22.431566,36.978037,430.907 22.431674,36.977984,430.357 22.432112,36.977722,422.582 22.432238,36.977688,420.203 22.432372,36.977686,418.904 22.432873,36.977784,416.344 22.43326,36.977904,415.173 22.433364,36.977922,414.822 22.433496,36.977927,413.947 22.434106,36.977928,408.682 22.43423,36.977953,408.101 22.434993,36.978186,406.301 22.435146,36.978215,406.268 22.435315,36.978226,405.239 22.435445,36.978247,403.504 22.435562,36.978301,402.906 22.435689,36.978372,401.261 22.436049,36.978528,393.981 22.436151,36.978589,391.745 22.436209,36.978665,389.632 22.436234,36.978781,387.116 22.436218,36.978941,383.916 22.436222,36.978996,381.979 22.436241,36.979037,380.326 22.43628,36.979058,379.136 22.436329,36.979064,378.337 22.436374,36.979036,378.501 22.436387,36.978974,379.888 22.436367,36.978794,383.866 22.436356,36.978607,386.771 22.436326,36.978387,384.54 22.436338,36.978333,383.456 22.436392,36.978321,381.544 22.436452,36.978333,379.946 22.436501,36.978395,379.166 22.436528,36.978488,379.441 22.436549,36.978617,380.176 22.436562,36.979037,374.611 22.436581,36.979121,372.93 22.436609,36.979162,371.895 22.436654,36.979177,370.919 22.436722,36.979163,369.839 22.43676,36.979108,369.476 22.436801,36.978747,370.659 22.436848,36.978628,369.43 22.436893,36.978482,366.458 22.436902,36.978344,364.643 22.436872,36.978209,363.137 22.436778,36.978082,363.384 22.436543,36.977888,366.546 22.43646,36.977787,367.118 22.436437,36.977676,365.05 22.436442,36.977516,360.874 22.436491,36.977449,357.841 22.436553,36.97743,355.658 22.436622,36.977452,354.222 22.436697,36.977725,358.578 22.436757,36.977795,358.098 22.436982,36.977891,352.206 22.437055,36.977948,350.603 22.437365,36.978341,344.97 22.437398,36.978431,344.985 22.437424,36.978691,346.858 22.437453,36.978807,346.441 22.437523,36.97901,343.098 22.437521,36.979154,342.112 22.437428,36.979482,342.068 22.437396,36.979639,339.594 22.43738,36.979775,336.368 22.437331,36.979935,331.682 22.437188,36.980254,324.075 22.437178,36.980294,322.964 22.43721,36.980324,321.764 22.437255,36.980337,321.016 22.437306,36.980333,320.685 22.437364,36.980291,321.161 22.437455,36.980168,323.316 22.437556,36.980022,325.252 22.437666,36.979887,326.103 22.437724,36.979845,325.384 22.437766,36.979836,324.307 22.437806,36.979854,322.505 22.437834,36.979907,320.514 22.437823,36.979954,320.146 22.437684,36.980236,317.641 22.437546,36.980444,316.279 22.437547,36.980495,315.376 22.437556,36.980525,314.721 22.437591,36.98054,313.951 22.43763,36.980529,313.561 22.437712,36.980436,313.771 22.438024,36.980014,311.923 22.438048,36.979946,311.866 22.438087,36.979779,312.458 22.438129,36.979685,312.117 22.438259,36.979495,309.178 22.438326,36.979409,307.241 22.438358,36.979318,306.29 22.438352,36.978965,308.64 22.438379,36.978839,308.835 22.438525,36.97871,304.68 22.438614,36.978687,301.935 22.43868,36.978694,300.438 22.438747,36.978731,298.854 22.43876,36.978806,298.408 22.438735,36.978997,298.058 22.438762,36.979195,296.173 22.438755,36.979342,295.756 22.438702,36.979575,296.24 22.438704,36.979631,295.988 22.43872,36.979655,295.498 22.438777,36.979674,293.993 22.438998,36.979678,289.651 22.43907,36.979687,288.601 22.439098,36.9797,288.129 22.439115,36.979732,287.645 22.439124,36.97978,287.022 22.43912,36.979815,286.726 22.43902,36.980264,284.237 22.439011,36.980313,284.044 22.439041,36.980359,283.385 22.439112,36.980379,282.351 22.439164,36.98037,281.703 22.439352,36.980291,279.284 22.439416,36.980291,278.362 22.439586,36.980383,276.602 22.439239,36.981195,279.297 22.439278,36.981198,278.923 22.439215,36.9814,279.612 22.439171,36.981491,279.601 22.439021,36.981743,279.63 22.438955,36.981786,279.767 22.438928,36.981829,279.632 22.438896,36.981941,278.999 22.438853,36.982001,279.258 22.4388,36.982048,279.64 22.438741,36.982082,280.065 22.438714,36.982133,280.259 22.438714,36.982211,280.259 22.438692,36.982292,280.166 22.438628,36.982408,280.21 22.438816,36.982502,278.51 22.438891,36.982528,277.784 22.439095,36.982575,276.176 22.439154,36.982596,275.73 22.439194,36.982618,275.435 22.43914,36.982624,275.703 22.439068,36.98266,275.93 22.439036,36.982695,275.909 22.438983,36.982775,275.678 22.438827,36.983136,275.381 22.438767,36.983342,275.425 22.43872,36.983466,275.318 22.438659,36.983545,275.197 22.43858,36.983605,275.134 22.43824,36.983799,276.672 22.438078,36.983913,277.766 22.437917,36.984043,278.443 22.437713,36.984234,279.233 22.437559,36.984391,279.788 22.437399,36.984598,281.632 22.43728,36.984779,282.792 22.437142,36.985034,283.289 22.437008,36.985241,283.771 22.436807,36.985516,284.99 22.436715,36.985614,285.652 22.436297,36.985968,286.16 22.436212,36.986074,286.552 22.43609,36.986293,287.731 22.435906,36.98658,288.738 22.435613,36.987011,288.603 22.435196,36.987447,291.207 22.435106,36.987566,293.187 22.434999,36.987791,297.007 22.434804,36.988248,298.207 22.434618,36.988712,299.989 22.43424,36.989405,301.878 22.434186,36.989462,301.808 22.43381,36.989889,300.797 22.433744,36.989989,300.582 22.433645,36.990183,300.878 22.433552,36.990356,301.153 22.433366,36.990898,299.65 22.433349,36.99097,299.452 22.433399,36.99101,299.128 22.433676,36.991194,297.468 22.432973,36.992016,295.04 22.432882,36.992163,294.838 22.432695,36.992481,293.435 22.43265,36.992601,292.9 22.432643,36.99269,292.449 22.432656,36.992933,291.877 22.432732,36.993287,292.163 22.432765,36.993691,293.393 22.432785,36.993754,293.462 22.432809,36.99381,293.491 22.432926,36.993977,292.933 22.433084,36.994229,291.693 22.433243,36.994542,289.976 22.433267,36.994629,289.716 22.433282,36.994726,289.554 22.433326,36.995679,287.176 22.433326,36.996004,286.063 22.433283,36.996519,285.713 22.433264,36.996621,285.414 22.433238,36.99669,285.259 22.433198,36.996757,285.162 22.433006,36.997013,284.685 22.432978,36.997059,284.454 22.432962,36.997107,284.166 22.432958,36.997169,283.734 22.432996,36.998106,274.637 22.432979,36.998322,273.082 22.432947,36.998502,272.393 22.432884,36.998747,270.532 22.432803,36.998955,268.07 22.432771,36.999038,266.877 22.432525,36.999736,262.946 22.432396,36.999962,261.814 22.432331,37.000101,261.028 22.432302,37.000176,260.654 22.432266,37.000368,259.508 22.432275,37.000543,258.28 22.43227,37.000604,257.793 22.432251,37.000673,257.214 22.432213,37.000758,256.542 22.432151,37.000858,255.822 22.432022,37.00099,254.872 22.431988,37.001032,254.57 22.431958,37.001088,254.166 22.431668,37.001964,246.93 22.431637,37.00204,246.619 22.431533,37.002202,245.627 22.4315,37.002269,245.164 22.431468,37.002375,244.578 22.431411,37.002674,242.797 22.431368,37.002765,242.013 22.431312,37.002849,241.723 22.431242,37.00293,241.471 22.431161,37.002994,241.18 22.431064,37.003048,240.665 22.430839,37.003115,239.032 22.430711,37.003171,238.817 22.430609,37.003238,238.47 22.430533,37.003304,238.097 22.430429,37.003425,237.67 22.429842,37.004245,234 22.428963,37.005383,234.166 22.428561,37.006017,233.542 22.428642,37.005993,233.575 22.428706,37.005988,233.557 22.428745,37.005994,233.578 22.429019,37.006093,233.527 22.429069,37.006101,233.362 22.429123,37.006101,233.182 22.42928,37.006075,233.13 22.429528,37.006013,233.247 22.429953,37.005968,232.597 22.43004,37.005971,232.36 22.430143,37.005984,231.943 22.430231,37.006008,231.54 22.430552,37.006156,230.838 22.430582,37.006162,230.834 22.430625,37.006164,230.857 22.430669,37.006156,230.904 22.430905,37.00608,231.341 22.430946,37.006078,231.476 22.431036,37.006098,231.742 22.43161,37.006423,231.081 22.431989,37.006693,229.08 22.432095,37.006758,229.151 22.432194,37.006816,229.055 22.4325,37.006962,229.063 22.432573,37.007004,229.421 22.432658,37.007081,229.781 22.432772,37.007296,229.74 22.432827,37.007368,229.391 22.432994,37.007477,229.018 22.433287,37.007626,227.258 22.433457,37.007724,226.555 22.433532,37.007783,226.285 22.433682,37.008528,225.745 22.433792,37.008878,225.349 22.433802,37.008926,225.313 22.433803,37.009052,225.309 22.433811,37.009097,225.28 22.433835,37.009164,225.194 22.43388,37.009257,225.042 22.434089,37.009592,226.062 22.434322,37.010047,226.831 22.434432,37.010226,226.186 22.434474,37.010368,225.172 22.43449,37.010521,224.064 22.434538,37.010705,223.663 22.43469,37.011142,224.103 22.434712,37.011315,224.01 22.434724,37.01136,223.994 22.435032,37.012085,223.391 22.435055,37.012154,223.556 22.435081,37.012243,223.783 22.435095,37.012333,224.057 22.435135,37.012691,224.514 22.435175,37.012856,224.088 22.435277,37.013134,222.721 22.435594,37.01389,219.999 22.435639,37.014056,219.819 22.43567,37.014337,219.227 22.435661,37.014593,219 22.435653,37.014685,219 22.435663,37.014747,219.055 22.435699,37.014789,219.116 22.435739,37.014817,219.116 22.435753,37.014844,219.127 22.435732,37.015116,219.63 22.435748,37.015518,220 22.435755,37.015668,220 22.435805,37.015996,219.414 22.435899,37.016344,217.887 22.435956,37.01649,218.083 22.436074,37.016755,219.318 22.436247,37.017187,218.576 22.436464,37.017775,216.732 22.436599,37.018248,215.72 22.436642,37.018578,215.98 22.436674,37.018715,216.348 22.436751,37.018922,216.613 22.436753,37.018968,216.493 22.436733,37.019053,216.311 22.436733,37.019091,216.207 22.436741,37.019113,216.141 22.436799,37.019222,215.905 22.436984,37.020217,213.889 22.43702,37.020543,213.728 22.437051,37.020951,214 22.437047,37.021121,213.978 22.436983,37.021629,213.019 22.436923,37.021894,213.077 22.436845,37.022116,213.137 22.43665,37.022565,213.294 22.436349,37.023075,213.93 22.436258,37.023279,213.196 22.436239,37.023345,212.981 22.436239,37.023377,212.928 22.436258,37.023426,212.824 22.4363,37.023471,212.663 22.436362,37.023517,212.403 22.436444,37.023556,212.159 22.436393,37.023654,212 22.436375,37.023692,212.05 22.436252,37.023967,212.493 22.436336,37.023977,212.19 22.436367,37.023991,212.079 22.436391,37.024023,212 22.436408,37.024129,212 22.436414,37.024227,211.98 22.43641,37.024277,211.97 22.436373,37.02433,212.057 22.436319,37.024435,212.252 22.436276,37.024481,212.275 22.43618,37.024553,212.361 22.435993,37.024665,212.294 22.435463,37.024943,212.538 22.435366,37.025001,212.679 22.435056,37.025266,212.042 22.434964,37.02536,211.834 22.434878,37.025427,211.902 22.434887,37.025467,211.726 22.434884,37.02556,211.418 22.434755,37.026172,212 22.434673,37.026194,212.124 22.434593,37.026233,212.261 22.434552,37.02626,212.284 22.434492,37.026317,212.214 22.434394,37.026454,211.723 22.434278,37.026659,210.445 22.434199,37.026762,210.076 22.43416,37.02681,210 22.433868,37.027194,209.094 22.433743,37.027327,208.623 22.433554,37.027599,207.644 22.433265,37.028057,206.003 22.432997,37.02842,205.246 22.432859,37.02859,205.27 22.432602,37.028849,205 22.432416,37.029047,204.431 22.432313,37.029176,204.034 22.432113,37.02946,205 22.432037,37.029549,205 22.431924,37.029651,204.981 22.431842,37.029747,204.822 22.43174,37.02988,203.864 22.431619,37.030083,202.333 22.431547,37.030183,201.819 22.431345,37.030445,202.063 22.431037,37.030819,202.014 22.431005,37.030885,201.814 22.430974,37.031039,201.26 22.430932,37.03111,201.004 22.43072,37.031428,199.451 22.430606,37.031624,198.335 22.430454,37.031828,198.366 22.430383,37.031976,198.621 22.430228,37.032266,199.309 22.430013,37.032524,200 22.429935,37.032645,199.878 22.429903,37.032758,199.676 22.429906,37.032827,199.367 22.429934,37.032885,199.082 22.429993,37.032939,198.829 22.430052,37.032972,198.602 22.430221,37.033109,197.615 22.430321,37.033239,196.732 22.43031,37.033355,195.931 22.430252,37.033434,195.638 22.430111,37.033471,195.504 22.429984,37.033466,195.522 22.429835,37.033431,195.648 22.429716,37.03339,195.818 22.429655,37.033379,196.078 22.429583,37.033401,196.258 22.429487,37.033464,196.376 22.428999,37.033967,196.492 22.42859,37.034336,197.03 22.428291,37.034594,197.609 22.427792,37.034938,198.949 22.427369,37.035091,200.799 22.426846,37.035218,202.354 22.426076,37.035435,203.379 22.425937,37.035488,203.091 22.425693,37.035642,203 22.42604,37.035869,203 22.426103,37.035943,203 22.426097,37.035996,203 22.425774,37.036437,203.04 22.425679,37.036644,202.637 22.425525,37.037095,202.05 22.425454,37.037265,202 22.425388,37.037349,202 22.42528,37.037392,202 22.425113,37.03741,202.785 22.425008,37.037459,203.115 22.424905,37.037526,203.404 22.42468,37.037711,204.115 22.424631,37.037722,204.262 22.424631,37.037806,204.43 22.424621,37.037872,204.704 22.424604,37.037918,204.93 22.424453,37.038164,205.969 22.424416,37.038216,206.102 22.424378,37.038245,206.239 22.424324,37.038269,206.434 22.424235,37.038289,206.754 22.424206,37.038318,206.858 22.424075,37.038563,206.116 22.424034,37.038616,205.982 22.424012,37.038621,205.964 22.423958,37.038619,205.972 22.423801,37.038602,206 22.42374,37.038604,206 22.423767,37.038782,205.655 22.423766,37.038954,205.442 22.423747,37.039141,205.511 22.423724,37.039214,205.594 22.423656,37.039374,205.838 22.423604,37.039476,205.915 22.423568,37.039525,205.91 22.423439,37.039606,206.398 22.423397,37.039641,206.609 22.423362,37.039684,206.808 22.423328,37.039747,207.038 22.423296,37.03983,207.269 22.423277,37.039929,207.406 22.423273,37.04003,207.303 22.423285,37.040075,207.031 22.423313,37.040128,206.652 22.423364,37.040196,206.184 22.423396,37.040262,205.831 22.423454,37.040481,205.152 22.423445,37.040821,205 22.423449,37.040973,204.707 22.423475,37.041268,203.945 22.423673,37.041354,204.154 22.423977,37.041457,203.432 22.424088,37.041502,202.894 22.424174,37.041544,202.298 22.424263,37.041598,201.395 22.424307,37.041639,200.794 22.42434,37.041683,200.317 22.424348,37.041748,200.054 22.424343,37.041808,199.856 22.424227,37.042152,199.198 22.424142,37.042375,199 22.424131,37.042445,199 22.424135,37.04251,198.964 22.424149,37.04254,198.856 22.424113,37.042634,198.518 22.424061,37.042862,197.697 22.424032,37.043033,197.081 22.424039,37.043182,197.455 22.424057,37.043292,197.851 22.424077,37.043387,198.324 22.424109,37.043464,198.843 22.424263,37.043722,199.392 22.424299,37.043793,199.181 22.424387,37.043933,198.682 22.42429,37.043955,198.524 22.424079,37.044044,197.707 22.423812,37.044149,196.432 22.423712,37.04417,196.629 22.42366,37.044249,196.58 22.423387,37.044585,195.592 22.422981,37.045072,195.268 22.422948,37.045133,195.387 22.422939,37.045182,195.42 22.422961,37.045228,195.34 22.422993,37.045267,195.225 22.423028,37.045291,195.094 22.423215,37.045364,195 22.423401,37.045469,194.832 22.423461,37.045521,194.598 22.42347,37.04557,194.508 22.423471,37.045921,194.345 22.423481,37.046257,193.475 22.423534,37.046612,192.197 22.42357,37.046952,192.027 22.423565,37.0471,192.56 22.42353,37.047222,192.999 22.423511,37.047323,193.131 22.423506,37.047855,193.378 22.423511,37.047919,193.36 22.423525,37.04796,193.31 22.423552,37.047991,193.213 22.423595,37.048013,193.058 22.423646,37.048025,192.874 22.423693,37.048018,192.705 22.423758,37.047988,192.471 22.423844,37.047935,192.162 22.423899,37.047918,192.018 22.424005,37.047913,192.215 22.424127,37.047925,192.403 22.424293,37.047955,192.652 22.424336,37.04797,192.73 22.424365,37.047997,192.774 22.424375,37.048032,192.771 22.424375,37.048073,192.703 22.42434,37.048206,192.286 22.42426,37.048454,192.434 22.424238,37.048572,192.859 22.424245,37.048623,192.988 22.424504,37.049044,192 22.424591,37.049168,191.997 22.424637,37.049197,191.924 22.424725,37.04922,191.808 22.424853,37.049225,191.79 22.424906,37.049233,191.761 22.424957,37.049265,191.646 22.424979,37.049303,191.509 22.424982,37.049342,191.369 22.42496,37.049448,190.989 22.424893,37.049658,190.527 22.424713,37.050661,191.654 22.424694,37.050862,191.194 22.424704,37.050993,191.603 22.424964,37.050866,191.015 22.425169,37.050742,191.329 22.425312,37.050664,191.534 22.425546,37.050549,191.034 22.425821,37.050433,190.466 22.425961,37.05038,190.632 22.426187,37.050306,190.926 22.426415,37.050249,190.99 22.42686,37.05017,189.916 22.427216,37.050065,189.005 22.427439,37.050029,188.301 22.427943,37.049993,188 22.428022,37.049992,188 22.42811,37.049998,188.001 22.428148,37.050012,188.043 22.428194,37.050054,188.194 22.428201,37.050075,188.27 22.428187,37.050137,188.493 22.428039,37.05049,189.718 22.428002,37.050609,189.844 22.428011,37.050643,189.89 22.428044,37.050674,189.976 22.42835,37.050884,189.951 22.428289,37.05105,190 22.428097,37.051715,189 22.42809,37.05175,189 22.428094,37.051805,189 22.428113,37.051863,189 22.428152,37.051943,189 22.42816,37.052006,189.222 22.428144,37.05211,189.596 22.428058,37.0523,190.28 22.427958,37.052465,190.874 22.427807,37.052693,191.695 22.427645,37.052967,192 22.427633,37.053019,192 22.427637,37.053223,192 22.427626,37.053286,192 22.427521,37.05345,191.968 22.427395,37.053689,191.826 22.427344,37.053837,191.643 22.427302,37.05404,192.257 22.427226,37.054227,192.986 22.427114,37.054456,193.39 22.427092,37.054552,193.469 22.4271,37.054661,193.44 22.427172,37.054929,191.827 22.427242,37.055262,191.805 22.42728,37.055516,191.941 22.427304,37.055606,192.182 22.427453,37.055819,192.948 22.427496,37.055892,192.792 22.42751,37.055932,192.609 22.427513,37.056022,192.274 22.427504,37.056094,192.047 22.427477,37.05615,192.083 22.427293,37.05644,192.745 22.42712,37.056676,192.933 22.42701,37.056807,191.99 22.426898,37.057041,190.761 22.426228,37.056758,194.533 22.426131,37.056723,194.783 22.426079,37.056722,194.824 22.42592,37.056754,194.902 22.425581,37.056846,195.586 22.425465,37.056883,195.779 22.425386,37.056917,195.901 22.42534,37.056942,195.991 22.425289,37.05698,196 22.425217,37.057054,195.867 22.425138,37.057149,195.867 22.425083,37.057297,196 22.424988,37.057442,195.991 22.424899,37.057658,196.569 22.424827,37.057801,197 22.424703,37.058018,196.991 22.424591,37.058182,196.76 22.42454,37.058248,196.762 22.424451,37.058432,197.323 22.424159,37.058989,201.055 22.423959,37.059389,201.096 22.423918,37.059438,200.939 22.423856,37.059461,200.94 22.423756,37.059469,200.912 22.423297,37.060671,200.377 22.42327,37.06073,200.059 22.423183,37.060809,199.499 22.423348,37.061057,201.621 22.423522,37.06128,202.803 22.423806,37.061577,202.274 22.42389,37.061698,201.992 22.423939,37.061782,201.564 22.423976,37.061914,201.094 22.423986,37.062035,200.739 22.423986,37.062172,200.418 22.423976,37.062342,200.077 22.423964,37.062587,199.645 22.42394,37.063381,200.816 22.423961,37.063596,200.74 22.424007,37.063716,200.197 22.424068,37.063796,199.69 22.424182,37.063909,199.072 22.424403,37.064102,199.767 22.42445,37.064134,199.882 22.424543,37.064179,200.029 22.424662,37.064211,200.035 22.424727,37.064218,199.98 22.424776,37.064214,199.773 22.424805,37.064322,199.535 22.424864,37.064462,199.044 22.424974,37.064697,199.835 22.425126,37.064989,201.467 22.425167,37.065081,201.69 22.425187,37.065154,201.881 22.425189,37.0652,202.04 22.425169,37.065284,202.414 22.42497,37.065633,204 22.425247,37.065714,203.111 22.425569,37.065851,202.015 22.425682,37.06591,201.821 22.425786,37.06598,201.698 22.425868,37.066055,201.798 22.425916,37.066125,202.1 22.42598,37.066252,203.014 22.425719,37.066393,204.015 22.425143,37.066645,203.962 22.425032,37.066707,203.872 22.424983,37.066741,203.794 22.42473,37.066941,203.984 22.424608,37.06703,204.822 22.424585,37.067043,204.988 22.424542,37.067055,205.298 22.424485,37.067058,205.708 22.424096,37.067021,206.46 22.423762,37.067005,207 22.423446,37.066974,206.469 22.42306,37.066926,205.935 22.423114,37.066993,206.175 22.423538,37.067439,207.78 22.423639,37.06757,207.975 22.423985,37.068058,205.648 22.424137,37.068267,205.026 22.424531,37.068685,205.312 22.424616,37.068805,205.618 22.424832,37.069155,206.395 22.424919,37.069281,205.885 22.425124,37.069549,204.694 22.425248,37.069674,204.24 22.425578,37.069929,205 22.425828,37.070092,205.656 22.425876,37.070143,206.03 22.425932,37.070237,206.706 22.425855,37.070603,211.761 22.425827,37.070677,212.693 22.425711,37.071589,220.318 22.425642,37.072133,224.589 22.425596,37.072495,224.015 22.426581,37.072578,221.336 22.426772,37.072597,220.157 22.426895,37.072618,219.63 22.42803,37.07291,215.184 22.42769,37.073797,214.963 22.42767,37.07385,214.916 22.427476,37.074388,211.678 22.427327,37.074762,210.232 22.42852,37.075027,210.639 22.429689,37.075303,210.79 22.429776,37.075324,210.866 22.429912,37.074966,211.194 22.43009,37.074502,208.023 22.430108,37.074453,207.661 22.430131,37.074393,207.245 22.430203,37.074411,207.116 22.430102,37.074467,207.765 22.43009,37.074502,208.023 22.429912,37.074966,211.194 22.430035,37.074995,210.73 22.430664,37.075146,207.476 22.430957,37.075217,206.453 22.431301,37.075302,204.72 22.432332,37.075578,207.952 22.432178,37.07592,208.994 22.432855,37.076095,212.622 22.432927,37.076129,212.497 22.43369,37.076458,215.929 22.434393,37.076752,211.621 22.43503,37.077012,207.784 22.436103,37.077446,200.241 22.436176,37.077475,200.069 22.437279,37.077921,200.212 22.437463,37.07763,198.196 22.438329,37.077945,196.822 22.43892,37.078108,194.776 22.439096,37.078105,193.509 22.43929,37.078073,191.696 22.439615,37.078123,188.866 22.439768,37.078126,187.506 22.439834,37.078108,186.793 22.439908,37.078088,185.994 22.439981,37.078056,185.205 22.44031,37.077882,182.259 22.440562,37.078006,181.822 22.440931,37.078205,182.352 22.4413,37.078437,182.881 22.44136,37.078455,182.954 22.441408,37.078443,183 22.441457,37.078399,183 22.441528,37.078304,183 22.44158,37.078274,183 22.441655,37.078277,183 22.441718,37.078295,182.815 22.441826,37.078369,182.5 22.441957,37.078464,182.449 22.442046,37.078488,182.353 22.442158,37.078479,182.121 22.442267,37.078437,181.94 22.442356,37.078378,181.923 22.442449,37.078304,182 22.442535,37.078265,181.874 22.442636,37.078247,181.51 22.442737,37.078259,181.147 22.442845,37.078297,180.758 22.443061,37.078402,179.985 22.443254,37.078516,179.755 22.443326,37.078571,179.859 22.443378,37.078634,179.922 22.443441,37.078689,179.893 22.44356,37.078778,179.785 22.44386,37.079058,179.104 22.444086,37.079294,179.458 22.444255,37.079456,180.373 22.444404,37.079637,182.14 22.444533,37.079826,183.438 22.444616,37.07999,184.213 22.444669,37.080135,184.524 22.444766,37.080142,185.081 22.444842,37.080135,185.21 22.444934,37.080154,185.423 22.445013,37.080191,185.72 22.445129,37.080264,186.392 22.445401,37.080488,188.093 22.445477,37.080532,188.572 22.445553,37.080554,188.98 22.445716,37.080583,189 22.445909,37.080599,189.272 22.445927,37.080678,189.337 22.445999,37.080809,189.596 22.446084,37.080882,189.569 22.446417,37.080959,189.141 22.446596,37.081031,189.107 22.446773,37.08109,189.401 22.446837,37.081101,189.605 22.446908,37.081105,189.853 22.44699,37.081103,190.135 22.447236,37.081162,191.282 22.447173,37.081268,191.288 22.447049,37.081437,190.753 22.446974,37.081512,190.213 22.446855,37.081614,189.939 22.446827,37.081645,189.967 22.446816,37.081685,190.101 22.446838,37.081723,190.328 22.446882,37.081756,190.571 22.446912,37.081825,191.073 22.44696,37.081869,191.528 22.4471,37.081879,192.221 22.447312,37.081916,193.254 22.447433,37.081966,193.855 22.447607,37.082023,194.559 22.447714,37.08205,194.858 22.447895,37.082085,195.208 22.447981,37.082093,195.34 22.448076,37.082084,195.424 22.448475,37.081837,196.16 22.448697,37.081717,198.075 22.448746,37.081685,198.773 22.448814,37.081655,199.472 22.44897,37.081655,200.304 22.449203,37.081705,200.993 22.449315,37.081702,201.407 22.449424,37.08169,201.842 22.449568,37.081689,202.329 22.450148,37.081717,205.321 22.45022,37.081739,205.909 22.450269,37.081769,206.18 22.450445,37.081931,206.874 22.450764,37.082066,208.079 22.450912,37.082119,208.964 22.451023,37.082167,209.645 22.451126,37.082227,210.073 22.451222,37.082338,209.965 22.451301,37.0824,210.087 22.451386,37.082488,210.066 22.45141,37.082547,209.894 22.451452,37.082597,209.799 22.451556,37.082658,209.691 22.451622,37.082715,209.416 22.451683,37.082931,208.448 22.451649,37.083018,208.08 22.451269,37.083338,207.602 22.451165,37.083463,208.128 22.451118,37.08355,208.585 22.451257,37.083589,209.366 22.451406,37.083644,210.417 22.45175,37.083854,213.623 22.451917,37.084014,215.307 22.451997,37.084051,215.94 22.452112,37.084074,216.602 22.452221,37.08412,217.492 22.45233,37.084179,218.46 22.45245,37.084266,219.242 22.452571,37.084372,219.928 22.452645,37.084427,220.426 22.452737,37.084459,220.861 22.453001,37.084587,221.021 22.453133,37.084678,221.682 22.45326,37.084747,222.155 22.453363,37.084793,222.616 22.453506,37.084843,223.491 22.453644,37.084871,224.135 22.453805,37.084889,224.62 22.453943,37.084884,224.974 22.454086,37.084848,225.001 22.454247,37.084784,224.112 22.454649,37.084709,222.156 22.454861,37.084677,222.255 22.455607,37.084604,227.519 22.455802,37.084576,228.722 22.45594,37.084535,229.42 22.456066,37.084517,230.198 22.456233,37.084517,231.076 22.456382,37.084526,231.849 22.456508,37.084544,232.933 22.456933,37.08454,236.908 22.457122,37.084572,239.002 22.457272,37.084572,240.374 22.457421,37.084581,241.778 22.45757,37.084604,243.293 22.457748,37.084645,245.004 22.457863,37.084691,245.76 22.457914,37.084759,245.586 22.457949,37.08483,244.978 22.458151,37.084715,247.405 22.458377,37.084551,250.103 22.458624,37.084485,252.562 22.458706,37.084447,253.991 22.458848,37.084417,255.968 22.458919,37.084414,256.74 22.45905,37.08445,257.715 22.459261,37.084572,260.826 22.459272,37.084612,261.203 22.459259,37.084749,261.648 22.459134,37.08507,261.668 22.459123,37.085221,262.847 22.459171,37.085359,264.843 22.459254,37.085448,267.024 22.459281,37.085587,267.153 22.459325,37.085681,267.788 22.459416,37.085777,269.034 22.459839,37.086104,273.702 22.459991,37.086153,276.032 22.460106,37.086143,278.628 22.460439,37.085889,287.476 22.460461,37.08588,287.758 22.460513,37.085876,288.209 22.460639,37.085911,288.546 22.460682,37.08591,288.753 22.460711,37.085903,288.948 22.460731,37.085891,289.14 22.461063,37.085465,295.345 22.461075,37.085441,295.74 22.461058,37.08539,295.986 22.460914,37.085198,295.026 22.460555,37.084813,291.993 22.460547,37.084771,291.882 22.460562,37.084731,292.115 22.460596,37.084682,292.562 22.460617,37.084595,292.547 22.460643,37.084548,292.749 22.460678,37.084512,293.114 22.460923,37.084367,295.644 22.46107,37.084319,297.12 22.461262,37.084277,298.821 22.461367,37.084238,299.534 22.461628,37.084116,301.608 22.461702,37.084072,302.338 22.461752,37.08399,302.726 22.46179,37.083953,302.99 22.461841,37.083936,303.362 22.462113,37.083877,305.188 22.462308,37.083817,306.668 22.463305,37.083375,321.963 22.463844,37.083189,317.497 22.464041,37.083063,312.931 22.464163,37.08296,310.704 22.464462,37.08248,309.189 22.464657,37.082093,310 22.464686,37.082002,310 22.464734,37.081981,310.09 22.464852,37.081872,310.413 22.464952,37.08179,310.542 22.465164,37.08154,310.269 22.465349,37.081412,310.978 22.465472,37.081361,311.656 22.465638,37.081348,313.067 22.465767,37.081378,315.028 22.466022,37.081538,319.099 22.466387,37.081838,325.091 22.466837,37.082332,331.516 22.467065,37.082535,333.525 22.467529,37.082835,334.923 22.467926,37.083054,335.902 22.468141,37.083199,337.473 22.468221,37.083302,338.671 22.468256,37.08341,339.541 22.468261,37.083485,340.158 22.46824,37.083586,341.438 22.46824,37.083866,344.433 22.468252,37.08406,349.647 22.468275,37.084119,351.158 22.468316,37.08415,351.655 22.468375,37.084176,352.274 22.468472,37.084172,352.163 22.468563,37.084142,351.054 22.468841,37.084005,345.598 22.468932,37.083988,345.235 22.469076,37.084001,346.787 22.469267,37.084106,351.755 22.469358,37.084171,354.145 22.469449,37.084273,357.396 22.469532,37.084449,362.218 22.469603,37.084529,364.332 22.469683,37.084577,365.196 22.469921,37.084661,364.533 22.470004,37.084716,364.778 22.470132,37.084841,367.872 22.470184,37.08487,368.16 22.470243,37.084884,367.763 22.470439,37.084874,364.859 22.470544,37.084861,363.142 22.470651,37.084876,362.515 22.470782,37.08493,362.339 22.470869,37.084996,362.679 22.470988,37.085049,362.67 22.471351,37.085157,362.172 22.472129,37.085291,367.247 22.472566,37.085353,373.717 22.472833,37.085433,378.279 22.473036,37.085464,380.518 22.473244,37.085471,381.667 22.473604,37.085439,382.15 22.473705,37.08544,382.309 22.473897,37.085473,382.72 22.474486,37.085482,385.564 22.474764,37.085495,387.754 22.474943,37.085518,390.099 22.475076,37.085523,391.704 22.475207,37.085494,393.014 22.475283,37.085442,393.636 22.475301,37.08539,393.621 22.475304,37.085328,393.447 22.475263,37.085186,393.849 22.475266,37.085125,394.546 22.475309,37.085091,395.354 22.475341,37.085074,395.884 22.475473,37.085073,397.32 22.475645,37.085113,398.877 22.475805,37.085129,400.718 22.475933,37.085174,401.914 22.475919,37.085234,401.452 22.475935,37.085359,401.97 22.475887,37.085669,403.542 22.475662,37.086346,406.453 22.47564,37.086478,407.734 22.475742,37.086624,410.316 22.475844,37.086838,411.623 22.475925,37.086975,411.634 22.476064,37.087167,410.504 22.476499,37.087617,406.486 22.4768,37.088079,406.604 22.476874,37.088267,405.954 22.476874,37.088387,406.208 22.476912,37.088524,406.154 22.477057,37.088776,405.595 22.477234,37.089183,404.158 22.477378,37.08941,405.822 22.477443,37.089392,405.772 22.477523,37.08932,405.783 22.477573,37.089162,406.331 22.477711,37.088472,408.917 22.477819,37.088246,408.586 22.478001,37.088104,409.856 22.478092,37.08801,409.858 22.478129,37.087933,409.233 22.478157,37.087724,406.346 22.478269,37.087565,405.958 22.478474,37.087429,407.125 22.478564,37.087313,406.227 22.478662,37.087236,405.664 22.478753,37.087206,405.583 22.478897,37.087206,406.505 22.479056,37.087247,406.934 22.479128,37.087266,407.085 22.479245,37.08733,407.2 22.479354,37.087485,408.978 22.479476,37.087796,411.742 22.479627,37.088032,412.117 22.479767,37.088272,410.812 22.47982,37.088405,411.087 22.480103,37.088614,407.821 22.480206,37.088703,407.119 22.480319,37.088862,408.071 22.480753,37.089234,409.618 22.480989,37.08938,410.081 22.481317,37.089491,410.714 22.481821,37.089697,412.081 22.48197,37.089765,412.418 22.482159,37.090026,413.964 22.482308,37.090334,415.574 22.4824,37.090556,417.448 22.48254,37.090673,417.887 22.482646,37.090749,418.797 22.482727,37.090766,418.773 22.482925,37.090775,418.629 22.483204,37.090817,419.651 22.483592,37.090946,424.148 22.484089,37.091053,427.547 22.48461,37.091215,428.05 22.484776,37.091322,428.371 22.485533,37.091922,435.744 22.485635,37.09208,436.718 22.485655,37.092277,436.378 22.485635,37.092483,435.096 22.485489,37.092927,437.127 22.485532,37.09338,438.674 22.485516,37.093937,441.625 22.485587,37.09416,442.202 22.485566,37.095076,445.855 22.485598,37.095183,446.879 22.485786,37.095461,446.341 22.486,37.095683,445.584 22.486085,37.095734,445.154 22.486197,37.095738,445.415 22.48639,37.095704,446.476 22.487132,37.095461,452.786 22.487373,37.095337,452.804 22.487534,37.095268,452.346 22.487678,37.09525,453.518 22.487839,37.095285,454.728 22.488804,37.09549,458.166 22.489165,37.095623,461.231 22.489427,37.095772,461.256 22.489604,37.095982,461.763 22.489711,37.096162,462.773 22.489732,37.096277,464.438 22.489716,37.096389,466.024 22.489577,37.096521,468.177 22.489491,37.096761,470.34 22.48948,37.096928,470.941 22.489496,37.097086,471 22.48962,37.097287,471.086 22.489947,37.097501,472.615 22.490097,37.097689,473.018 22.490221,37.098036,473.591 22.49025,37.098076,473.807 22.490694,37.097989,479.375 22.490929,37.097916,482.033 22.491366,37.097712,484.681 22.491449,37.0976,484.066 22.491547,37.097509,483.445 22.491669,37.097413,482.675 22.491874,37.097216,481.989 22.491998,37.097069,482.02 22.492513,37.096526,484.977 22.492831,37.096181,486.21 22.492888,37.096099,486.267 22.49301,37.095858,487.001 22.493073,37.095784,486.479 22.493352,37.095615,483.866 22.493426,37.095561,483.333 22.493473,37.09549,482.76 22.493567,37.095299,482.024 22.493663,37.095056,482.761 22.493734,37.094919,483 22.493824,37.094671,482.957 22.493832,37.0945,482.836 22.493734,37.094305,481.438 22.493627,37.094162,480.055 22.493541,37.094064,480.093 22.493345,37.093938,480.789 22.493197,37.093868,480.963 22.493077,37.093803,480.715 22.492987,37.093707,480.184 22.492943,37.093626,479.67 22.49293,37.093539,479.146 22.492931,37.093437,478.579 22.492936,37.09338,478.264 22.492966,37.09334,478.04 22.493007,37.093334,478.004 22.493403,37.093338,479.276 22.493529,37.093327,479.659 22.493714,37.09323,479.394 22.493867,37.093136,479.234 22.493921,37.093079,478.959 22.493955,37.093028,478.512 22.494001,37.092985,478.039 22.494162,37.092919,477.509 22.494304,37.092869,476.177 22.494359,37.092832,475.675 22.494475,37.092707,474.16 22.494581,37.09264,472.533 22.494825,37.092523,468.316 22.494881,37.092507,467.192 22.494957,37.092502,465.788 22.494996,37.092511,465.151 22.495022,37.092532,464.975 22.495071,37.092624,464.898 22.495108,37.092659,464.533 22.495147,37.092675,464.006 22.495181,37.092676,463.487 22.49523,37.092666,462.722 22.495275,37.09263,462.039 22.49536,37.092536,461.15 22.495437,37.092436,460.182 22.495456,37.092421,459.973 22.495485,37.092417,459.686 22.495517,37.092421,459.377 22.49554,37.09243,459.154 22.495559,37.092455,458.973 22.49555,37.092544,459.215 22.49553,37.092618,459.662 22.495538,37.092662,459.736 22.495574,37.092727,459.684 22.495682,37.092823,459.726 22.495761,37.092866,459.943 22.495828,37.092866,459.614 22.49588,37.092846,459.437 22.496219,37.092549,456.666 22.496399,37.09243,455.46 22.496535,37.092366,454.509 22.496647,37.092351,453.998 22.49681,37.09235,452.847 22.497229,37.092401,450.534 22.497498,37.092466,449.646 22.49759,37.092494,448.97 22.497675,37.09252,448.326 22.497882,37.092642,447.408 22.49794,37.092694,447.343 22.498011,37.092767,447.365 22.498042,37.092851,447.937 22.498057,37.092934,448.684 22.498043,37.093145,450.78 22.498051,37.093246,451.42 22.498116,37.093587,453.609 22.49814,37.093659,453.748 22.498158,37.093683,453.727 22.498198,37.0937,453.651 22.498243,37.093699,453.539 22.498282,37.093671,453.361 22.49833,37.093612,453.015 22.498361,37.093556,452.922 22.498389,37.093381,452.11 22.498412,37.093308,451.95 22.498692,37.092862,452.163 22.498728,37.092815,452.142 22.498762,37.092793,452.367 22.498877,37.092763,453.776 22.499073,37.092758,455.917 22.499285,37.092745,457.734 22.49938,37.092721,458.332 22.499462,37.092681,458.819 22.499647,37.092563,459.851 22.499732,37.092525,460.247 22.499836,37.092492,460.877 22.499889,37.092466,461.446 22.500014,37.092367,463.008 22.500074,37.092323,463.541 22.500468,37.092138,466.387 22.500692,37.091975,468.325 22.500901,37.091857,468.614 22.501094,37.091737,468.445 22.501243,37.091685,468.163 22.501416,37.091666,467.993 22.501646,37.091664,467.971 22.501792,37.091678,468.555 22.501985,37.091737,469.506 22.502031,37.09177,469.744 22.502085,37.091824,470.133 22.502135,37.091947,471.009 22.502169,37.091998,471.193 22.502225,37.092045,471.348 22.502272,37.092072,471.198 22.502403,37.092064,470.499 22.50258,37.092076,469.712 22.502714,37.092114,469.23 22.503069,37.092233,467.913 22.503276,37.092166,467.004 22.504895,37.091661,459.317 22.505149,37.091602,457.354 22.506076,37.091419,452.829 22.506623,37.09131,449.608 22.507208,37.091194,442.665 22.507479,37.091131,438.367 22.507675,37.091051,436.326 22.507812,37.090965,435.092 22.508697,37.090322,426.494 22.509031,37.090036,423.674 22.509993,37.088776,413.974 22.510053,37.088689,413.539 22.510211,37.08848,411.787 22.510607,37.087936,404.961 22.511064,37.087215,402.709 22.511362,37.086721,399.211 22.511421,37.086653,398.526 22.511506,37.086578,397.665 22.511659,37.086467,396.275 22.51199,37.086242,392.027 22.512151,37.086168,390.125 22.51224,37.086142,389.175 22.51243,37.086112,389.751 22.512555,37.086115,390.614 22.512604,37.086124,391.204 22.512659,37.086148,392.002 22.512692,37.08618,392.664 22.512736,37.086276,394.151 22.512731,37.08635,394.785 22.512707,37.086418,395.511 22.512559,37.086731,399.231 22.512544,37.086789,399.5 22.512539,37.086861,400.18 22.512565,37.087088,401.355 22.512628,37.087382,401.361 22.512657,37.087437,401.337 22.512698,37.087478,401.421 22.512766,37.087515,401.934 22.51283,37.087532,402.47 22.512905,37.087537,402.988 22.512975,37.087525,403.446 22.513058,37.087491,404.236 22.513472,37.08728,409.753 22.513764,37.087149,412.586 22.514249,37.086966,414.513 22.514425,37.086922,414.319 22.514539,37.086911,415.325 22.514647,37.086909,416.152 22.5148,37.086927,416.919 22.514937,37.086959,417.621 22.515081,37.087017,418.906 22.515494,37.08723,423.056 22.515597,37.087274,424.021 22.515667,37.087296,424.05 22.515746,37.087299,424.626 22.515819,37.087291,425.398 22.515945,37.087262,426.485 22.516457,37.087069,431.445 22.516549,37.087045,432.196 22.516763,37.087023,434.015 22.517212,37.087026,434.41 22.517327,37.087011,433.893 22.518087,37.086759,436.711 22.518205,37.08673,437.527 22.518325,37.086709,438.081 22.518618,37.086679,440.808 22.519087,37.086699,443.468 22.519888,37.086721,442.401 22.520301,37.086746,444.06 22.520679,37.086801,445.391 22.521135,37.08689,449.44 22.521379,37.086976,453.344 22.521601,37.087081,454.966 22.521964,37.087272,455.955 22.52215,37.087358,455.983 22.522548,37.087504,456.967 22.522773,37.087564,457.215 22.523008,37.087616,458.456 22.523254,37.087649,459.86 22.523924,37.087685,462.792 22.524136,37.08771,463.646 22.524385,37.087752,464.62 22.524507,37.087803,465.512 22.524607,37.08786,466.69 22.524688,37.087918,468.081 22.52476,37.087978,469.63 22.524817,37.088046,471.238 22.524859,37.088121,472.676 22.524923,37.088462,475.841 22.524952,37.088569,476.571 22.524986,37.088654,476.817 22.525058,37.088797,476.117 22.525121,37.088894,476.424 22.525202,37.088995,477.22 22.525283,37.08907,477.809 22.525406,37.089166,477.857 22.525571,37.089279,479.358 22.525796,37.089414,480.816 22.525987,37.089492,481.669 22.526113,37.089534,482.049 22.526222,37.089556,482.672 22.526345,37.089574,483.341 22.526988,37.089625,485.802 22.527191,37.089651,486.173 22.527483,37.089709,486.003 22.527687,37.089775,487.057 22.528422,37.090292,497.154 22.528535,37.090385,498.158 22.528634,37.09049,499.273 22.528851,37.090802,501.774 22.529048,37.091019,502.478 22.529099,37.091185,504.064 22.529163,37.091312,505.893 22.52945,37.091706,511.685 22.529545,37.091872,514.066 22.52959,37.092013,515.951 22.529616,37.092165,518.128 22.529647,37.092275,519.38 22.529679,37.092354,519.949 22.529722,37.092421,520.431 22.529812,37.092496,521.285 22.529922,37.092556,522.122 22.530056,37.092609,523.066 22.530218,37.092655,524.339 22.53072,37.092751,531.329 22.530804,37.092759,532.57 22.530955,37.092743,534.807 22.531039,37.092719,536.118 22.53112,37.092681,537.456 22.531189,37.092638,538.485 22.531295,37.09256,540.289 22.53148,37.092447,543.64 22.531609,37.092566,545.299 22.531679,37.092653,545.525 22.531704,37.09268,545.594 22.531718,37.092686,545.73 22.531816,37.092674,547.271 22.531893,37.09267,548.423 22.53197,37.092674,549.339 22.532052,37.092684,549.918 22.532273,37.092738,550.991 22.532311,37.092732,551.404 22.532334,37.092714,551.908 22.53236,37.092664,553.037 22.532497,37.092675,554.19 22.532572,37.092675,554.575 22.532624,37.092665,555.064 22.532652,37.092636,555.889 22.532683,37.092585,557.28 22.532715,37.092553,558.256 22.53276,37.092546,558.723 22.532871,37.092569,557.84 22.532931,37.092596,557.049 22.533015,37.092678,555.448 22.533064,37.092717,554.818 22.533111,37.092732,554.328 22.533363,37.092729,552.874 22.533507,37.092736,552.281 22.533564,37.092746,552.075 22.533626,37.092765,552.003 22.533803,37.092845,552.207 22.534042,37.092893,553.408 22.534527,37.092986,560.242 22.534726,37.093037,562.745 22.534895,37.093098,563.602 22.53504,37.093169,564.729 22.535342,37.093339,570.059 22.535578,37.09346,572.573 22.536074,37.093677,577.793 22.536236,37.09374,578.651 22.53643,37.093815,580.537 22.536506,37.093918,581.328 22.536546,37.093985,581.506 22.536634,37.09417,583.234 22.536673,37.094235,582.827 22.536713,37.094284,582.363 22.536756,37.094317,582.285 22.53682,37.094343,582.631 22.537109,37.094368,586.299 22.537273,37.094367,588.995 22.537329,37.094358,590.067 22.53738,37.094335,590.96 22.53754,37.094151,592.543 22.537611,37.094056,592.644 22.537683,37.093978,592.809 22.537774,37.093894,593.019 22.538055,37.093757,594.666 22.538285,37.093665,597.314 22.538502,37.093603,599.312 22.538653,37.093572,600.76 22.538802,37.093563,601.801 22.538938,37.093566,602.718 22.53906,37.093579,603.34 22.53916,37.093608,603.953 22.539245,37.093658,605.65 22.539469,37.093852,610.359 22.539546,37.093904,611.361 22.53964,37.093942,612.204 22.539707,37.093955,612.441 22.539769,37.093953,612.773 22.539833,37.093933,612.959 22.539873,37.093887,612.619 22.539887,37.093837,612.552 22.539867,37.093691,611.54 22.53975,37.093389,609.4 22.539734,37.093303,609.254 22.539736,37.093218,609.298 22.539764,37.09314,609.902 22.539816,37.093056,611.026 22.539889,37.092962,612.13 22.539984,37.092857,612.675 22.540097,37.092758,614.234 22.540496,37.092456,622.154 22.540522,37.092406,622.816 22.540516,37.09236,622.936 22.540483,37.092319,622.686 22.540044,37.092025,621.447 22.540004,37.091984,621.602 22.539972,37.091938,621.897 22.539953,37.091881,621.792 22.539956,37.091808,621.764 22.539983,37.091737,621.893 22.540029,37.091676,622.31 22.540103,37.091607,622.977 22.540197,37.091552,624.008 22.540596,37.091375,628.28 22.540709,37.091337,628.994 22.540994,37.091259,630.902 22.541145,37.09121,631.581 22.541443,37.091101,633.488 22.541484,37.091098,633.992 22.54152,37.091108,634.798 22.54154,37.091123,635.39 22.54155,37.091145,635.93 22.541546,37.091173,636.376 22.541528,37.091196,636.531 22.54135,37.091349,636.842 22.541325,37.091392,637.33 22.541315,37.091441,637.527 22.541316,37.091496,637.883 22.541339,37.091541,638.458 22.541389,37.091581,639.385 22.541634,37.091672,643.487 22.541703,37.091707,644.271 22.541758,37.091745,644.937 22.541826,37.091811,645.851 22.541929,37.091939,647.669 22.54201,37.092104,649.552 22.542043,37.092237,650.609 22.542057,37.092398,652.358 22.542041,37.092589,653.84 22.541993,37.092723,654.329 22.541933,37.092837,654.378 22.541781,37.093029,654.191 22.541744,37.093087,654.114 22.541732,37.093134,653.941 22.541749,37.093168,654.186 22.541788,37.09318,654.747 22.541832,37.093182,655.381 22.541889,37.093157,656.202 22.542267,37.092808,661.024 22.542522,37.092545,662.882 22.542817,37.092259,664.999 22.542897,37.092196,665.528 22.543008,37.092123,666.601 22.543485,37.091843,672.165 22.543631,37.09173,673.703 22.54371,37.091646,673.871 22.544086,37.091124,674.964 22.544143,37.091056,674.899 22.544195,37.09101,674.905 22.544236,37.09099,675.069 22.544276,37.090986,675.457 22.544305,37.090991,675.899 22.54433,37.091007,676.559 22.544348,37.091033,677.405 22.544358,37.091072,678.493 22.544335,37.091401,683.952 22.544381,37.091806,688.017 22.544383,37.091906,688.504 22.544374,37.091996,689.082 22.544346,37.092099,689.74 22.544191,37.09247,692.976 22.543955,37.092972,695.597 22.543957,37.093016,696.079 22.543986,37.093045,696.997 22.544034,37.093053,698.112 22.544077,37.09304,698.933 22.544124,37.092997,699.624 22.544209,37.092898,700.628 22.544278,37.092829,701.373 22.544766,37.092451,705.896 22.544867,37.092361,706.406 22.544944,37.092282,706.722 22.54501,37.092188,706.982 22.545088,37.092035,707.719 22.545193,37.0918,709.717 22.545248,37.091626,710.68 22.54531,37.091383,708.548 22.545336,37.091323,707.597 22.545382,37.091284,707.608 22.545424,37.091275,708.288 22.545462,37.091283,709.311 22.545484,37.091301,710.24 22.545502,37.091333,711.435 22.5455,37.091371,712.349 22.545452,37.091499,713.846 22.54543,37.091591,714.996 22.545418,37.091687,716.186 22.545414,37.091894,717.529 22.545411,37.092324,724.349 22.545419,37.092363,725.121 22.545445,37.092392,726.535 22.545483,37.092398,728.201 22.545523,37.092387,729.802 22.545552,37.092358,730.824 22.545634,37.09212,730.616 22.54568,37.092018,730.069 22.545739,37.091918,730.097 22.545804,37.091825,730.455 22.545938,37.091669,730.691 22.546033,37.091583,730.923 22.546145,37.091506,731.51 22.546277,37.091434,732.026 22.54638,37.091401,733.103 22.546482,37.091391,733.386 22.546598,37.091397,733.972 22.546909,37.091429,736.028 22.54703,37.091432,737.118 22.547143,37.091417,737.882 22.547265,37.091384,738.745 22.547373,37.091341,739.439 22.547483,37.091279,739.305 22.547672,37.091134,738.758 22.547722,37.091118,739.627 22.547764,37.091127,741.124 22.547787,37.091148,742.399 22.547785,37.091189,743.687 22.547757,37.091224,744.12 22.547389,37.091576,745.913 22.547099,37.09187,748.912 22.546881,37.092105,752.24 22.546767,37.092247,754.604 22.546679,37.092389,755.299 22.54662,37.092543,756.089 22.546584,37.09267,757.373 22.546553,37.092902,759.969 22.546525,37.09339,763.858 22.546482,37.09366,765.439 22.546433,37.094148,771.832 22.546388,37.094544,774.331 22.546385,37.094679,774.73 22.546393,37.094761,775.102 22.546422,37.094845,775.782 22.546459,37.094912,776.594 22.546951,37.095567,782.135 22.547008,37.095716,783.361 22.54703,37.095818,783.886 22.547031,37.095936,785.298 22.547015,37.096046,786.63 22.546974,37.096149,787.622 22.546895,37.096308,788.897 22.546857,37.0964,789.778 22.54683,37.096488,790.449 22.546827,37.096571,791.166 22.546842,37.09665,791.858 22.546885,37.096749,792.889 22.546949,37.096857,794.066 22.547034,37.096925,794.835 22.547098,37.096962,795.126 22.547205,37.097003,795.422 22.547461,37.097079,795.996 22.547531,37.097108,795.843 22.547614,37.097152,795.486 22.548066,37.097464,794.67 22.548399,37.097712,793.29 22.54853,37.097827,792.938 22.548661,37.097959,792.766 22.548765,37.09808,792.504 22.549035,37.098423,789.523 22.549106,37.098536,788.251 22.549168,37.098693,786.984 22.549201,37.098814,786.539 22.549228,37.099027,786.614 22.549264,37.099368,788.773 22.549299,37.099449,789.135 22.54941,37.099603,789.138 22.549575,37.099804,788.691 22.549751,37.099959,788.35 22.549935,37.100096,788.424 22.550109,37.100195,788.831 22.550298,37.100267,788.92 22.550588,37.100366,789.434 22.550853,37.100438,790.607 22.551051,37.100489,790.948 22.551226,37.100518,791.056 22.551363,37.100523,791.106 22.551476,37.100504,791.186 22.551658,37.10045,791.38 22.551798,37.100417,792.444 22.551926,37.100401,793.424 22.55209,37.100397,793.796 22.552203,37.100399,793.97 22.552492,37.100429,795.414 22.553045,37.100427,799.924 22.553187,37.100437,800.744 22.553306,37.100468,801.519 22.553383,37.100506,802.358 22.553697,37.100756,805.928 22.553845,37.100919,807.575 22.553969,37.10104,809.154 22.554254,37.101256,812.886 22.554623,37.101491,818.345 22.554694,37.101558,819.554 22.55474,37.101612,820.269 22.554768,37.101665,820.66 22.554777,37.101751,821.336 22.554752,37.10209,823.781 22.554753,37.102487,827.123 22.554744,37.10261,828.345 22.554704,37.102773,829.686 22.554667,37.102881,830.022 22.55446,37.103351,830.235 22.554444,37.103423,830.316 22.55444,37.10351,830.572 22.554449,37.103597,831.014 22.554488,37.103701,832.224 22.554553,37.103834,833.854 22.554631,37.103918,834.979 22.554721,37.10398,835.662 22.555291,37.104306,837.549 22.555841,37.104554,841.439 22.555948,37.104593,842.14 22.556069,37.104627,842.796 22.556326,37.104655,843.374 22.557818,37.104471,843.557 22.558461,37.10437,845.094 22.558826,37.10433,844.781 22.558976,37.104319,844.978 22.559073,37.104323,845.122 22.559178,37.104345,845.182 22.559269,37.104396,845.564 22.559324,37.104455,845.661 22.559357,37.10455,845.676 22.559391,37.104791,845.128 22.559417,37.104913,844.949 22.559454,37.105029,844.929 22.55951,37.105154,844.835 22.559589,37.105271,845.13 22.559698,37.105399,845.38 22.559819,37.105511,846.516 22.559923,37.10559,847.82 22.560052,37.105669,848.818 22.5602,37.105724,850.131 22.560352,37.105761,851.097 22.560712,37.105819,852.436 22.560959,37.105844,853.334 22.561203,37.105834,853.996 22.561302,37.10581,854.305 22.561401,37.105754,854.813 22.561672,37.105532,856.216 22.561801,37.105438,856.302 22.5619,37.105386,856.151 22.562029,37.105322,856.266 22.562141,37.10529,856.192 22.562278,37.105265,855.937 22.562428,37.105224,855.84 22.562514,37.105209,855.73 22.562605,37.105168,856.036 22.562718,37.10511,856.338 22.562839,37.105038,856.757 22.562914,37.104963,857.201 22.563056,37.104794,857.742 22.563249,37.104589,857.186 22.563539,37.104257,856.482 22.563598,37.10419,856.16 22.563676,37.104099,855.933 22.563968,37.10384,854.933 22.564097,37.103748,854.735 22.56418,37.103697,854.681 22.564405,37.10359,854.576 22.564641,37.103513,853.587 22.564963,37.103455,853.132 22.565242,37.103423,854.075 22.565612,37.103427,854.146 22.566018,37.103461,852.868 22.566197,37.103498,852.16 22.566872,37.103666,848.719 22.567036,37.103724,847.714 22.567179,37.103789,846.824 22.567499,37.103976,846.894 22.567636,37.104049,846.99 22.567743,37.104114,847.238 22.567946,37.104264,849.199 22.568063,37.104325,850.061 22.568211,37.104362,849.816 22.568358,37.104366,848.513 22.568663,37.104314,843.93 22.568809,37.104301,842.411 22.568989,37.104297,841.67 22.569411,37.104321,841.299 22.569564,37.10435,841.261 22.569716,37.104402,841.685 22.569838,37.104467,842.009 22.56994,37.104552,842.522 22.570296,37.105023,842.615 22.570377,37.105149,841.408 22.570428,37.105262,841.334 22.570456,37.105352,839.782 22.570435,37.10544,839.588 22.570387,37.105568,839.897 22.570314,37.105701,840.283 22.570277,37.105789,839.822 22.570212,37.106251,838.768 22.570207,37.106512,837.784 22.570226,37.106693,837.572 22.570261,37.106794,837.77 22.570301,37.106871,837.622 22.57036,37.106929,836.761 22.570644,37.107151,831.814 22.570749,37.10725,831.318 22.570963,37.107519,835.575 22.571013,37.10757,836.088 22.5711,37.107619,836.142 22.571191,37.107647,835.554 22.57136,37.107682,834.002 22.571695,37.107737,831.768 22.572003,37.107816,830.845 22.572432,37.10798,828.719 22.572707,37.108069,827.982 22.572834,37.10813,828.083 22.572956,37.108215,828.86 22.573083,37.108321,829.822 22.573187,37.108397,830.471 22.573414,37.108564,830.781 22.574239,37.109084,827.193 22.574386,37.109171,827.532 22.574748,37.109407,826.779 22.574898,37.109464,826.262 22.575012,37.109479,826.173 22.575129,37.109481,825.343 22.575279,37.109453,824.85 22.575651,37.109402,827.957 22.575965,37.109381,829.599 22.576422,37.109383,828.182 22.576656,37.109406,826.736 22.576878,37.109464,825.718 22.577306,37.109615,825.221 22.577578,37.109774,825.927 22.577989,37.11008,827.014 22.578369,37.110329,828.786 22.578524,37.110414,830.507 22.578833,37.110561,832.102 22.579174,37.11069,834.465 22.579926,37.110952,838.203 22.580069,37.111019,837.761 22.580199,37.111116,836.559 22.580316,37.111232,838.104 22.580443,37.111421,841.182 22.580641,37.111802,849.415 22.580775,37.112156,851.435 22.580824,37.112229,851.289 22.580893,37.112272,851.643 22.580971,37.112288,851.571 22.581071,37.112288,851.126 22.581126,37.112273,850.829 22.581294,37.112237,851.495 22.581432,37.112234,851.83 22.581526,37.112255,851.483 22.581679,37.112366,852.476 22.581796,37.112536,854.052 22.581832,37.112621,854.78 22.58183,37.112685,855.626 22.581786,37.112794,857.316 22.581649,37.112946,859.957 22.581566,37.113087,862.427 22.581561,37.113196,863.658 22.581593,37.113271,864.122 22.581778,37.113414,863.378 22.58188,37.113513,862.99 22.581905,37.11356,863.058 22.581915,37.113611,863.317 22.581872,37.113739,865.504 22.581714,37.114041,871.397 22.581703,37.114131,873.096 22.581735,37.114251,875.106 22.581826,37.114347,875.631 22.582245,37.114655,876.032 22.582435,37.114824,878.918 22.582572,37.115012,881.675 22.582883,37.115649,888.337 22.582988,37.11578,889.573 22.583081,37.115865,890.396 22.583175,37.115932,891.449 22.583267,37.115972,892.376 22.583403,37.116002,893.761 22.583554,37.116015,895.381 22.583661,37.11601,895.812 22.583801,37.115971,894.631 22.584109,37.115863,892.743 22.584315,37.115816,892.382 22.58453,37.115797,892.561 22.584766,37.115812,892.998 22.584975,37.115855,894.097 22.585373,37.115992,899.279 22.585841,37.116111,901.856 22.586458,37.116308,904.303 22.586729,37.116411,907.93 22.58693,37.116443,908.056 22.587124,37.116441,908.582 22.587521,37.116338,905.966 22.587703,37.11631,903.31 22.587832,37.116314,902.772 22.588347,37.116456,905.712 22.588473,37.116513,905.114 22.588607,37.116652,905.77 22.589076,37.11738,905.078 22.589099,37.117443,905.377 22.589103,37.117506,906.149 22.589094,37.117656,908.601 22.589102,37.117763,909.882 22.589148,37.11785,909.42 22.589245,37.11797,908.384 22.58935,37.118124,908.109 22.589419,37.118314,909.356 22.58944,37.118473,909.623 22.589403,37.11862,911.13 22.589309,37.118743,912.951 22.589085,37.118974,918.363 22.589023,37.119093,919.297 22.588851,37.119726,918.891 22.588792,37.119838,918.648 22.588728,37.119916,919.374 22.588579,37.120062,922.586 22.588427,37.120227,925.822 22.588385,37.120345,926.591 22.588393,37.120499,926.213 22.588467,37.120746,926.802 22.588563,37.12091,927.474 22.588666,37.121038,929.119 22.588762,37.12111,930.428 22.588862,37.121143,930.9 22.589067,37.121198,932.831 22.590273,37.121352,937.231 22.590468,37.121392,936.742 22.590679,37.121456,937.757 22.590851,37.121579,940.388 22.591225,37.121975,947.59 22.591556,37.122249,950.93 22.59169,37.122398,951.43 22.591752,37.122539,952.923 22.59177,37.122716,953.199 22.591758,37.122922,954.395 22.591513,37.123533,962.336 22.591371,37.123982,965.472 22.591276,37.124338,964.274 22.591251,37.124396,963.689 22.591203,37.12447,962.97 22.591134,37.124556,962.229 22.591078,37.124611,962.221 22.590918,37.124736,964.038 22.590752,37.124846,967.136 22.589897,37.125328,974.895 22.589596,37.125586,972.934 22.589485,37.12566,973.871 22.589305,37.125747,974.774 22.58891,37.125864,975.541 22.588731,37.125887,976.8 22.588431,37.125903,980.824 22.588302,37.125916,983.162 22.588198,37.125942,985.656 22.588131,37.125979,986.645 22.5881,37.126009,986.703 22.587979,37.126147,986.687 22.587962,37.126185,986.15 22.587864,37.126276,986.738 22.587759,37.12644,987.001 22.587695,37.126511,989.659 22.587536,37.126618,994.55 22.587459,37.126686,996.031 22.587242,37.12709,998.454 22.587205,37.127124,999.119 22.587163,37.127145,999.989 22.587132,37.127202,1000.396 22.587119,37.127252,1000.506 22.587126,37.127355,999.966 22.58724,37.127529,995.842 22.587288,37.127643,995.446 22.587321,37.127681,994.997 22.587353,37.127698,994.494 22.587197,37.127811,997.607 22.587159,37.127899,998.384 22.587081,37.128003,1000.256 22.587046,37.128064,1001.045 22.587024,37.128121,1001.473 22.587002,37.128149,1002.006 22.58694,37.128186,1003.651 22.586862,37.128246,1005.485 22.586815,37.128322,1006.322 22.58678,37.12843,1006.448 22.5867,37.1285,1007.96 22.586602,37.128561,1010.731 22.586484,37.128654,1013.906 22.586343,37.128808,1016.817 22.58625,37.128883,1019.085 22.58621,37.128896,1020.294 22.58618,37.128884,1021.59 22.586168,37.128872,1022.195 22.586168,37.128853,1022.469 22.586199,37.128732,1023.095 22.58626,37.128576,1022.961 22.586092,37.128737,1026.875 22.585754,37.129099,1031.237 22.585721,37.129134,1031.698 22.585653,37.129183,1032.97 22.585464,37.129235,1036.779 22.585237,37.129279,1040.886 22.585034,37.12933,1043.706 22.584874,37.129388,1044.788 22.584712,37.129508,1044.644 22.584653,37.129568,1044.714 22.584602,37.129662,1044.131 22.584538,37.129863,1044.633 22.584361,37.130098,1048.416 22.584282,37.130161,1049.414 22.584254,37.130184,1049.598 22.584103,37.130211,1052.977 22.583932,37.130218,1058.207 22.583728,37.130235,1064.328 22.583368,37.130286,1075.276 22.58325,37.130316,1077.562 22.583181,37.130348,1078.643 22.583132,37.130414,1079.018 22.583108,37.130506,1078.673 22.583242,37.130975,1074.308 22.583285,37.131197,1076.4 22.583272,37.131272,1078.9 22.583159,37.131467,1087.336 22.583149,37.131543,1089.301 22.583199,37.131621,1089.366 22.583319,37.131723,1087.874 22.58369,37.131939,1086.373 22.583913,37.132052,1084.856 22.584007,37.132125,1083.702 22.584042,37.1322,1084.898 22.584098,37.132442,1088.725 22.584162,37.13251,1088.386 22.584428,37.132653,1090.492 22.584541,37.132743,1092.216 22.584608,37.132874,1094.839 22.584675,37.133175,1099.976 22.584708,37.1334,1103.519 22.584763,37.133656,1107.037 22.584809,37.13378,1109.221 22.584864,37.133862,1110.69 22.585068,37.134091,1113.371 22.585375,37.134335,1120.598 22.585574,37.134347,1124.853 22.585802,37.134312,1127.675 22.586013,37.134249,1128.958 22.586489,37.133931,1126.766 22.586962,37.133717,1124.461 22.587145,37.133708,1124.576 22.587225,37.133738,1125.26 22.587271,37.133853,1126.72 22.587365,37.134354,1127.59 22.587392,37.134606,1129.207 22.587308,37.135136,1131.355 22.587228,37.135384,1133.224 22.587215,37.135615,1134.396 22.587276,37.135889,1134.394 22.58729,37.136161,1135.943 22.587252,37.136371,1138.863 22.587048,37.136534,1141.241 22.586873,37.136787,1139.816 22.586811,37.137133,1135.797 22.586777,37.137401,1134.356 22.586836,37.137651,1135.206 22.586987,37.137872,1137.815 22.587085,37.137997,1139.154 22.587175,37.138201,1143.665 22.587409,37.138432,1147.786 22.587603,37.138668,1149.783 22.587708,37.139093,1154.257 22.587766,37.139206,1155.609 22.587942,37.139275,1156.199 22.588071,37.139334,1157.034 22.588108,37.139444,1158.992 22.588102,37.139584,1161.93 22.588145,37.13968,1163.815 22.588269,37.139697,1163.757 22.58846,37.139601,1162.73 22.588663,37.139488,1162.315 22.588835,37.139456,1163.592 22.589214,37.139518,1163.747 22.589335,37.139614,1164.506 22.589439,37.139847,1170.192 22.58955,37.140026,1173.457 22.589889,37.140149,1172.954 22.590133,37.140326,1174.688 22.59024,37.140434,1176.268 22.59045,37.140486,1175.852 22.590595,37.140574,1176.906 22.590681,37.140709,1178.407 22.590884,37.141131,1180.701 22.591072,37.141424,1179.788 22.591257,37.141586,1181.948 22.591408,37.141691,1184.701 22.591769,37.142153,1195.565 22.592058,37.142576,1199.552 22.592567,37.143204,1206.792 22.592773,37.143555,1208.523 22.592899,37.143698,1210.411 22.593053,37.143828,1212.758 22.593066,37.143919,1213.33 22.592881,37.144248,1213.374 22.592862,37.144356,1213.653 22.593072,37.144533,1214.499 22.593432,37.144791,1215.951 22.593509,37.144901,1214.757 22.593565,37.145049,1212.137 22.59362,37.145142,1209.836 22.59387,37.145132,1207.399 22.59423,37.145081,1206.924 22.5944,37.145098,1206.969 22.594662,37.145152,1207.183 22.595164,37.145302,1206.331 22.595466,37.145373,1207.494 22.595796,37.145402,1209.259 22.595956,37.145442,1208.691 22.596039,37.145498,1207.68 22.595984,37.145596,1205.706 22.595786,37.145864,1203.167 22.595663,37.145953,1201.198 22.595574,37.146029,1199.99 22.595561,37.14612,1200.045 22.595657,37.14621,1200.715 22.595811,37.146242,1201.907 22.596575,37.146196,1206.305 22.596871,37.146154,1208.769 22.597222,37.146144,1210.342 22.597521,37.146186,1210.247 22.597746,37.146242,1210.84 22.597823,37.146328,1210.112 22.597832,37.146419,1208.799 22.597706,37.146544,1205.275 22.597484,37.146697,1199.297 22.597299,37.146874,1198.057 22.596677,37.147382,1195.142 22.596138,37.147797,1190.54 22.596091,37.147871,1190.118 22.596134,37.147993,1191.059 22.596362,37.148116,1192.622 22.597327,37.148305,1202.584 22.597934,37.148435,1206.642 22.598716,37.148649,1209.35 22.59887,37.14871,1212.616 22.598941,37.148811,1214.524 22.598861,37.148968,1213.979 22.598689,37.149057,1213.299 22.598581,37.149157,1214.54 22.598467,37.14929,1217.942 22.598143,37.149396,1215.613 22.597761,37.149671,1216.681 22.597521,37.149693,1213.318 22.597296,37.149725,1212.664 22.597145,37.149786,1213.238 22.59709,37.149886,1216.134 22.59709,37.149989,1220.23 22.597158,37.150099,1224.081 22.597165,37.150193,1225.889 22.597067,37.150292,1224.546 22.596927,37.150409,1219.87 22.596885,37.150588,1217.83 22.59692,37.150828,1220.821 22.596978,37.150949,1222.516 22.597207,37.151083,1229.846 22.597256,37.151161,1230.735 22.597186,37.151239,1227.835 22.59705,37.151357,1222.578 22.597018,37.151459,1221.636 22.597139,37.151584,1226.006 22.597422,37.151837,1235.539 22.597436,37.151906,1236.217 22.597373,37.151971,1235.226 22.597179,37.152038,1231.908 22.597064,37.152101,1231.363 22.596959,37.152205,1232.671 22.596896,37.152382,1236.582 22.596761,37.152492,1239.684 22.596602,37.152561,1242.648 22.596499,37.15255,1242.584 22.595932,37.152149,1239.354 22.595656,37.15201,1240.552 22.595252,37.151876,1241.973 22.595129,37.151891,1242.259 22.595019,37.151941,1243.931 22.594982,37.152019,1245.299 22.595017,37.152222,1250.118 22.595014,37.152391,1252.715 22.59493,37.152533,1253.914 22.594734,37.152652,1254.821 22.594283,37.152883,1259.308 22.594189,37.152958,1261.863 22.594099,37.15303,1263.951 22.594024,37.15308,1264.748 22.59373,37.153179,1263.999 22.593581,37.15329,1264.607 22.593403,37.153517,1265.254 22.593272,37.153709,1263.16 22.593104,37.154027,1257.186 22.593109,37.154115,1255.936 22.593186,37.154228,1255.145 22.59323,37.154351,1254.548 22.593221,37.154493,1253.334 22.59313,37.154798,1248.026 22.593079,37.155002,1243.984 22.593069,37.155176,1242.671 22.593118,37.155311,1241.816 22.593235,37.155464,1242.482 22.593426,37.155548,1242.603 22.59362,37.1556,1242.428 22.593788,37.155691,1244.28 22.593912,37.155818,1244.295 22.593985,37.156287,1233.993 22.59394,37.156711,1223.073 22.593931,37.156997,1220.019 22.593985,37.157076,1219.763 22.594202,37.157169,1220.172 22.594412,37.15728,1221.026 22.594526,37.157448,1221.03 22.594603,37.157844,1218.969 22.594713,37.157956,1218.69 22.594877,37.15806,1218.645 22.594928,37.158159,1218.395 22.595045,37.158223,1218.709 22.595144,37.158288,1218.78 22.595295,37.158339,1219.141 22.595617,37.158361,1220.801 22.595783,37.158333,1221.013 22.59596,37.158259,1223.944 22.596141,37.158195,1226.64 22.596361,37.158209,1227.414 22.596528,37.158319,1225.915 22.596592,37.158465,1223.824 22.596613,37.158792,1222.323 22.596715,37.158887,1222.823 22.596789,37.158925,1222.835 22.596875,37.158985,1222.769 22.596955,37.159075,1222.505 22.597021,37.15917,1221.394 22.597085,37.159246,1221.106 22.597312,37.15936,1217.718 22.597417,37.159438,1216.031 22.597451,37.15952,1216.371 22.597506,37.159697,1217.488 22.597569,37.159801,1216.332 22.597619,37.1599,1215.275 22.597635,37.159977,1215.044 22.597624,37.160052,1215.218 22.597537,37.160236,1216.464 22.597551,37.160283,1216.108 22.59758,37.16032,1215.8 22.597753,37.1604,1213.688 22.597856,37.160592,1215.206 22.598031,37.160851,1217.257 22.598098,37.16099,1217.019 22.598182,37.161189,1216.612 22.598204,37.161142,1216.025 22.598182,37.161189,1216.612 22.598219,37.161326,1216.738 22.598327,37.161516,1216.487 22.598607,37.1619,1217.552 22.598754,37.162043,1218.367 22.598854,37.162084,1218.194 22.599101,37.162121,1216.815 22.599229,37.162159,1216.401 22.599342,37.162215,1216.641 22.599607,37.162462,1214.212 22.599715,37.162527,1213.301 22.599829,37.162571,1212.014 22.599958,37.162591,1211.151 22.600235,37.162605,1208.906 22.600374,37.162589,1207.606 22.600502,37.162563,1206.289 22.600954,37.162403,1208.276 22.600999,37.1624,1208.556 22.601065,37.162417,1208.121 22.601169,37.162462,1207.016 22.601501,37.162656,1206.453 22.601531,37.162696,1206.217 22.601527,37.162734,1205.62 22.601483,37.162758,1204.663 22.601431,37.162759,1203.924 22.60139,37.16275,1203.515 22.601128,37.162594,1203.173 22.601071,37.162583,1203.02 22.601004,37.162593,1202.477 22.600962,37.162628,1201.451 22.600783,37.162892,1194.105 22.600714,37.162946,1192.924 22.600614,37.162969,1192.774 22.600243,37.162994,1195.466 22.600107,37.163103,1192.863 22.600061,37.163188,1190.746 22.599906,37.163614,1182.29 22.599882,37.163718,1180.664 22.59987,37.163901,1177.785 22.599943,37.164027,1175.817 22.600084,37.164055,1173.816 22.600216,37.163968,1172.814 22.600269,37.163887,1173.174 22.600368,37.163611,1178.703 22.600487,37.16354,1178.653 22.600631,37.163604,1175.643 22.601066,37.163869,1169.356 22.601128,37.16392,1168.906 22.601181,37.164013,1168.442 22.601209,37.164114,1166.91 22.60121,37.164263,1165.557 22.601187,37.164343,1164.905 22.601026,37.164588,1162.281 22.601001,37.16467,1161.979 22.600944,37.16495,1158.859 22.600919,37.165164,1155.671 22.600894,37.165491,1149.091 22.600897,37.165828,1145.341 22.60095,37.166135,1144.436 22.601088,37.166703,1143.644 22.601087,37.166778,1144.421 22.601041,37.166861,1143.827 22.600964,37.166907,1141.829 22.600476,37.167059,1131.294 22.599989,37.167135,1119.038 22.599854,37.167182,1114.687 22.599737,37.167236,1111.226 22.599645,37.167305,1111.05 22.599575,37.167386,1111.178 22.599521,37.167477,1111.285 22.599386,37.167767,1111.882 22.599267,37.167907,1111.675 22.59914,37.167965,1108.885 22.599086,37.16799,1107.803 22.598975,37.168025,1105.096 22.598878,37.168075,1102.994 22.598783,37.168135,1100.89 22.598704,37.168217,1099.529 22.598641,37.168315,1098.805 22.598603,37.168413,1098.905 22.598607,37.168514,1100.474 22.598623,37.168606,1102.27 22.598694,37.16879,1105.223 22.598693,37.168886,1105.64 22.598576,37.169071,1102.562 22.598416,37.169294,1099.834 22.59833,37.16937,1098.558 22.598204,37.169467,1096.925 22.598058,37.169549,1095.082 22.597441,37.169783,1090.455 22.597198,37.169921,1085.602 22.597092,37.169993,1084.101 22.597068,37.170035,1083.877 22.597062,37.170072,1083.872 22.597067,37.170453,1087.331 22.597054,37.170495,1087.592 22.597028,37.170531,1087.327 22.596962,37.170591,1086.462 22.596742,37.170742,1083.379 22.596666,37.170808,1082.426 22.596607,37.170894,1081.245 22.596562,37.170977,1080.212 22.596552,37.171051,1080.487 22.596574,37.171245,1081.676 22.596619,37.17139,1083.119 22.596643,37.171495,1084.762 22.596629,37.171554,1084.536 22.596605,37.171598,1083.729 22.596534,37.171683,1080.934 22.59642,37.171792,1077.109 22.596181,37.171959,1071.526 22.596101,37.172024,1070.016 22.596058,37.172077,1069.274 22.59602,37.172142,1069.087 22.595897,37.172487,1067.166 22.59588,37.172566,1065.559 22.595896,37.172696,1064.723 22.595943,37.172807,1065.023 22.596022,37.172924,1065.277 22.596208,37.173107,1066.692 22.596415,37.17325,1068.108 22.596533,37.17334,1068.091 22.596664,37.173451,1071.072 22.596683,37.17348,1071.439 22.596695,37.173562,1071.122 22.596641,37.173884,1061.037 22.596648,37.173955,1059.1 22.59667,37.174024,1057.778 22.596712,37.174073,1058.156 22.597002,37.174272,1062.95 22.597069,37.174346,1061.261 22.597126,37.174477,1055.384 22.597179,37.174572,1049.035 22.597254,37.174639,1045.266 22.597352,37.174696,1042.545 22.597454,37.174733,1041.435 22.597839,37.174857,1041.839 22.598209,37.174992,1035.319 22.598359,37.175054,1030.296 22.598469,37.175079,1026.316 22.598594,37.175076,1022.845 22.59875,37.175043,1023.839 22.598857,37.174993,1026.344 22.599018,37.174891,1035.755 22.599112,37.174853,1039.872 22.599202,37.174834,1041.527 22.599286,37.174816,1041.608 22.599796,37.174793,1036.562 22.600021,37.174817,1035.588 22.600199,37.174806,1035.605 22.600308,37.174791,1036.061 22.600443,37.174734,1038.547 22.600519,37.174727,1039.504 22.600567,37.17474,1039.704 22.600608,37.174771,1039.39 22.60063,37.174809,1038.829 22.600649,37.174976,1035.806 22.600695,37.174986,1036.26 22.600752,37.174949,1037.671 22.600807,37.174937,1038.571 22.600862,37.174936,1039.43 22.60093,37.174935,1040.654 22.600984,37.174956,1041.147 22.601052,37.174977,1041.741 22.601093,37.175009,1041.91 22.60136,37.175469,1049.832 22.601402,37.175502,1050.034 22.601406,37.175557,1050.969 22.601409,37.175611,1052.082 22.601439,37.175666,1052.99 22.601454,37.175698,1053.482 22.60147,37.175753,1054.35 22.601498,37.175785,1054.59 22.601514,37.175839,1055.321 22.601542,37.175871,1055.609 22.601583,37.175914,1055.947 22.601625,37.175957,1056.271 22.60168,37.175979,1056.233 22.601696,37.176033,1057.339 22.601752,37.176076,1057.938 22.601794,37.176119,1058.189 22.60181,37.176173,1058.73 22.601826,37.176226,1059.148 22.601894,37.176248,1058.303 22.601923,37.176301,1058.102 22.601978,37.176334,1058.26 22.602007,37.176387,1058.675 22.602062,37.17644,1060.225 22.60209,37.176504,1061.347 22.602104,37.176536,1061.752 22.602132,37.176579,1062.026 22.602147,37.176621,1062.224 22.602189,37.176696,1062.651 22.602189,37.176717,1063.319 22.602231,37.176759,1063.617 22.602246,37.176823,1065.31 22.602273,37.176865,1066.19 22.602301,37.176907,1066.94 22.602329,37.17695,1067.695 22.602343,37.176981,1068.783 22.602384,37.177013,1069.488 22.60244,37.177066,1070.772 22.602496,37.177108,1071.543 22.602551,37.177139,1072.502 22.602633,37.177181,1073.623 22.602714,37.177202,1073.827 22.602782,37.177222,1074.07 22.602876,37.177254,1077.517 22.602918,37.177285,1079.912 22.603012,37.177305,1082.481 22.603025,37.177316,1083.251 22.603106,37.177347,1085.181 22.603199,37.177368,1085.728 22.603266,37.177399,1086.325 22.603333,37.17743,1086.492 22.6034,37.177451,1086.546 22.603441,37.177471,1086.679 22.603509,37.177502,1086.799 22.603549,37.177533,1087.556 22.60359,37.177564,1088.403 22.603644,37.177584,1089.225 22.603738,37.177615,1090.864 22.603843,37.177614,1091.431 22.603896,37.177614,1091.764 22.603948,37.177614,1092.283 22.604001,37.177614,1092.811 22.604014,37.177593,1092.362 22.604014,37.177541,1090.931 22.604279,37.177529,1093.755 22.604346,37.177528,1094.411 22.604412,37.177548,1095.381 22.604464,37.17758,1096.172 22.604529,37.1776,1096.55 22.604595,37.177632,1097.158 22.604647,37.177663,1097.775 22.604712,37.177684,1098.288 22.604751,37.177705,1099.186 22.604817,37.177746,1100.91 22.604883,37.177777,1102.306 22.604922,37.177797,1103.419 22.604975,37.177817,1104.667 22.605027,37.177837,1105.722 22.605093,37.177867,1106.93 22.605132,37.177877,1107.417 22.605211,37.177906,1108.458 22.605276,37.177915,1108.966 22.605328,37.177935,1109.861 22.605406,37.177943,1110.864 22.605445,37.177963,1111.473 22.605484,37.177983,1112.022 22.605562,37.178002,1112.891 22.605614,37.178001,1113.563 22.605678,37.17802,1114.522 22.605781,37.178038,1116.081 22.605833,37.178058,1117.057 22.605871,37.178058,1117.332 22.605923,37.178057,1117.68 22.606012,37.178057,1118.319 22.606051,37.178057,1118.6 22.606115,37.178056,1119.038 22.606192,37.178056,1119.593 22.60623,37.178045,1119.769 22.606295,37.178014,1119.877 22.606346,37.177993,1119.895 22.606423,37.177972,1120.19 22.606512,37.177961,1121.128 22.606588,37.177961,1122.048 22.606652,37.17796,1122.822 22.606703,37.17796,1123.731 22.606741,37.177959,1124.49 22.606779,37.177989,1125.557 22.606817,37.178019,1126.831 22.606855,37.178049,1128.312 22.606918,37.178079,1130.793 22.606968,37.178109,1132.373 22.607044,37.178138,1133.817 22.607107,37.178158,1135.031 22.607145,37.178178,1136.044 22.607221,37.178197,1137.567 22.607271,37.178197,1138.02 22.607335,37.178197,1138.594 22.607411,37.178196,1139.246 22.607461,37.178196,1139.695 22.607512,37.178196,1140.217 22.607575,37.178185,1140.845 22.607625,37.178184,1141.567 22.607674,37.178173,1142.081 22.607736,37.178172,1143.027 22.607797,37.17817,1143.799 22.607835,37.17817,1144.096 22.607911,37.178169,1144.681 22.607973,37.178169,1145.168 22.608036,37.178169,1145.663 22.608087,37.178168,1145.58 22.608149,37.178168,1145.129 22.608212,37.178168,1144.67 22.608274,37.178167,1144.225 22.608322,37.178165,1143.898 22.608396,37.178195,1144.281 22.608435,37.178236,1144.058 22.608474,37.178276,1143.648 22.608501,37.178318,1142.936 22.60854,37.178369,1143.422 22.608592,37.17841,1144.13 22.608631,37.178461,1144.993 22.608694,37.178522,1146.1 22.608695,37.178542,1146.305 22.608732,37.178582,1146.763 22.60877,37.178633,1147.416 22.608795,37.178653,1147.756 22.608845,37.178683,1148.158 22.608895,37.178712,1148.523 22.608932,37.178742,1149.295 22.60897,37.178762,1149.84 22.609019,37.178792,1150.422 22.609069,37.178832,1150.845 22.609107,37.178851,1150.99 22.609144,37.178871,1151.038 22.609194,37.178921,1151.129 22.609233,37.178962,1151.1 22.609271,37.179003,1150.825 22.60931,37.179043,1150.314 22.609348,37.179094,1149.413 22.609374,37.179135,1148.525 22.609375,37.179176,1147.983 22.609376,37.179227,1147.875 22.609377,37.179268,1147.784 22.609365,37.179309,1147.925 22.609249,37.179514,1150.426 22.6092,37.179548,1151.847 22.609201,37.1796,1152.102 22.609202,37.179653,1152.356 22.609227,37.179694,1151.713 22.609265,37.179744,1151.11 22.609303,37.179774,1150.587 22.609414,37.17978,1146.598 22.609452,37.179799,1145.878 22.609515,37.179838,1146.24 22.609565,37.179868,1146.329 22.609603,37.179898,1146.414 22.609653,37.179948,1146.498 22.609654,37.179979,1146.927 22.609667,37.18001,1147.318 22.609729,37.180039,1147.068 22.609792,37.180058,1147.063 22.609829,37.180088,1147.522 22.60988,37.180138,1148.274 22.609931,37.180159,1148.216 22.609969,37.1802,1148.704 22.610007,37.180252,1149.377 22.61002,37.180293,1150.269 22.610046,37.180366,1152.256 22.610072,37.180407,1153.168 22.610073,37.180459,1154.74 22.610111,37.180521,1155.982 22.610136,37.180551,1156.42 22.610174,37.180592,1157.229 22.610212,37.180623,1157.669 22.610263,37.180643,1157.431 22.610326,37.180673,1157.367 22.610376,37.180704,1157.314 22.610426,37.180724,1156.732 22.610464,37.180744,1156.26 22.61054,37.180795,1155.036 22.610565,37.180826,1154.789 22.61059,37.180846,1154.766 22.610628,37.180897,1155.212 22.610666,37.180949,1155.577 22.610691,37.181,1156.064 22.610729,37.181041,1156.054 22.610779,37.181072,1155.555 22.610855,37.181122,1155.537 22.61088,37.181143,1156.53 22.61093,37.181183,1158.263 22.610942,37.181214,1159.606 22.61098,37.181245,1160.73 22.611018,37.181275,1161.691 22.611055,37.181306,1162.583 22.611105,37.181346,1163.53 22.611143,37.181366,1164.127 22.611205,37.181376,1164.308 22.611293,37.181375,1164.074 22.61133,37.181375,1163.988 22.611405,37.181375,1163.792 22.61148,37.181375,1163.522 22.611531,37.181375,1163.338 22.611593,37.181385,1163.223 22.611643,37.181406,1163.655 22.611693,37.181416,1163.765 22.611755,37.181447,1164.432 22.611792,37.181457,1164.534 22.611854,37.181488,1165.056 22.611904,37.181519,1165.561 22.611966,37.18155,1166.228 22.612028,37.18157,1167.257 22.612077,37.18157,1167.663 22.61214,37.18157,1168.186 22.612202,37.18157,1168.7 22.61224,37.18155,1168.429 22.612302,37.18151,1167.984 22.612327,37.1815,1168.033 22.612378,37.18143,1166.887 22.612391,37.181389,1166.041 22.612428,37.181339,1165.946 22.612466,37.181289,1165.722 22.612516,37.181259,1165.693 22.612579,37.181219,1165.052 22.612617,37.181189,1164.52 22.612642,37.181159,1163.95 22.612703,37.18113,1163.39 22.612753,37.181111,1163.003 22.612802,37.181102,1163.344 22.612865,37.181102,1163.556 22.612914,37.181102,1163.721 22.612964,37.181102,1163.889 22.613027,37.181122,1164.132 22.613114,37.181161,1165.423 22.613139,37.181181,1165.959 22.613581,37.181385,1171.765 22.613606,37.181405,1172.085 22.613654,37.181406,1172.848 22.613702,37.181427,1173.686 22.613739,37.181467,1174.217 22.613775,37.181507,1174.546 22.6138,37.181557,1174.553 22.613837,37.181597,1174.518 22.613885,37.181637,1174.313 22.613934,37.181697,1175.178 22.613982,37.181727,1176.254 22.614006,37.181757,1176.86 22.614031,37.181797,1177.475 22.61408,37.181826,1178.156 22.61413,37.181856,1178.7 22.614167,37.181876,1179.006 22.614215,37.181916,1179.749 22.614252,37.181955,1180.398 22.614276,37.181985,1181.163 22.6143,37.182025,1181.964 22.614337,37.182074,1182.821 22.614385,37.182124,1183.482 22.614397,37.182164,1183.782 22.614446,37.182193,1183.892 22.614507,37.182223,1183.795 22.614543,37.182253,1184.374 22.614592,37.182283,1184.754 22.614664,37.182313,1184.791 22.614739,37.182342,1184.586 22.614776,37.182362,1184.527 22.614826,37.182382,1184.283 22.614876,37.182391,1183.868 22.614952,37.182411,1183.205 22.615027,37.18244,1182.847 22.615064,37.18245,1182.944 22.615114,37.18246,1183.033 22.615177,37.18246,1183.131 22.615227,37.18247,1183.157 22.615277,37.182499,1183.007 22.615302,37.182538,1183.646 22.615326,37.182568,1184.195 22.61535,37.182608,1184.916 22.615396,37.182667,1186.086 22.615407,37.182707,1186.793 22.615417,37.182766,1187.812 22.61544,37.182806,1188.278 22.615474,37.182865,1188.56 22.61552,37.182934,1188.542 22.615542,37.182993,1188.317 22.61559,37.183032,1188.673 22.615601,37.183052,1188.825 22.615648,37.183101,1189.61 22.61567,37.18314,1189.863 22.615705,37.18318,1190.174 22.615704,37.183219,1190.003 22.615703,37.183277,1189.759 22.615691,37.183317,1189.543 22.615678,37.183366,1190.095 22.615666,37.183415,1191.045 22.615641,37.183454,1191.78 22.615641,37.183513,1192.989 22.615628,37.183562,1193.985 22.615603,37.183611,1194.998 22.615603,37.183669,1196.215 22.61559,37.183718,1197.261 22.615587,37.183776,1198.494 22.615612,37.183816,1199.276 22.615624,37.183845,1199.845 22.615662,37.183884,1200.518 22.615686,37.183933,1200.54 22.615711,37.183963,1200.409 22.616067,37.184337,1196.839 22.616091,37.184337,1196.68 22.616141,37.184376,1195.931 22.616166,37.184425,1195.11 22.616215,37.184493,1194.146 22.61624,37.184542,1193.508 22.616277,37.184591,1192.717 22.616302,37.18465,1191.816 22.616328,37.184708,1190.84 22.616341,37.184737,1190.614 22.616379,37.184786,1190.558 22.61638,37.184845,1190.966 22.616393,37.184874,1191.085 22.616406,37.184913,1191.331 22.616406,37.184962,1191.673 22.616419,37.185011,1191.975 22.616418,37.18507,1192.426 22.616431,37.185099,1192.615 22.61643,37.185129,1192.85 22.616456,37.185188,1193.276 22.616493,37.185256,1193.814 22.616493,37.185286,1194.048 22.616493,37.185315,1194.218 22.61653,37.185374,1194.517 22.616581,37.185433,1194.731 22.616581,37.185472,1194.915 22.61658,37.185521,1195.149 22.616592,37.18557,1195.165 22.616591,37.185619,1194.816 22.616591,37.185668,1194.463 22.616565,37.185707,1194.276 22.616552,37.185756,1193.97 22.616525,37.185825,1193.57 22.616512,37.185844,1193.595 22.616461,37.185903,1193.991 22.616435,37.185952,1194.261 22.616422,37.185991,1194.448 22.616409,37.186,1194.528 22.616382,37.186059,1194.936 22.616343,37.186107,1195.811 22.616304,37.186175,1197.467 22.61629,37.186204,1198.095 22.61629,37.186243,1198.647 22.616289,37.186273,1199.083 22.616288,37.186331,1199.911 22.616286,37.186379,1200.602 22.616285,37.186428,1201.54 22.616308,37.186486,1202.578 22.616331,37.186534,1203.442 22.616342,37.186592,1204.601 22.616378,37.186621,1205.059 22.616439,37.18666,1205.5 22.616476,37.18667,1205.425 22.61655,37.18669,1205.225 22.616612,37.186709,1205.126 22.616673,37.186739,1205.262 22.616723,37.186749,1205.137 22.616771,37.186768,1205.21 22.616819,37.186797,1205.507 22.61688,37.186826,1205.773 22.616952,37.186855,1206.068 22.616989,37.186865,1206.284 22.617025,37.186884,1206.694 22.61706,37.186922,1207.515 22.617108,37.186942,1207.947 22.617168,37.18698,1208.459 22.617203,37.187028,1208.965 22.617213,37.187076,1209.468 22.617223,37.187124,1209.945 22.617233,37.187172,1210.535 22.617244,37.18721,1211.025 22.617254,37.187268,1211.521 22.617265,37.187296,1211.757 22.617276,37.187335,1212.042 22.617285,37.187392,1212.398 22.617284,37.18742,1212.552 22.617307,37.187468,1212.84 22.617342,37.187497,1212.988 22.617353,37.187535,1213.497 22.617375,37.187573,1214.077 22.617374,37.187601,1214.488 22.617384,37.187649,1215.234 22.617383,37.187687,1215.799 22.617392,37.187744,1216.709 22.617146,37.188093,1221.27 22.617054,37.188434,1223.286 22.617167,37.188739,1224.325 22.617178,37.188749,1224.343 22.617177,37.188816,1224.177 22.617153,37.188855,1224.061 22.617117,37.188902,1224.135 22.617082,37.18894,1224.457 22.617046,37.188969,1224.605 22.616833,37.189168,1225.407 22.616743,37.189698,1227.438 22.616573,37.190145,1227.683 22.616383,37.190369,1230.013 22.616314,37.190572,1234.469 22.616093,37.190555,1234.32 22.615892,37.190786,1239.474 22.61598,37.191331,1245.519 22.615653,37.191898,1246.887 22.615368,37.192001,1246.477 22.615348,37.192321,1247.384 22.614978,37.192517,1250.788 22.614756,37.192685,1255.515 22.614736,37.192983,1258.113 22.614389,37.193064,1257.267 22.614065,37.193598,1261.833 22.613872,37.194041,1268.323 22.613596,37.194609,1270.197 22.613308,37.194679,1270.514 22.613058,37.194993,1275.898 22.613109,37.195324,1276.609 22.612963,37.19572,1279.504 22.612468,37.195949,1282.13 22.612262,37.196141,1285.175 22.612354,37.196472,1290.481 22.612525,37.196746,1297.768 22.612293,37.196821,1295.187 22.611952,37.197137,1298.649 22.612185,37.197411,1300.579 22.612136,37.197648,1304.411 22.611906,37.197869,1305.566 22.611815,37.198272,1307.21 22.61189,37.198561,1311.902 22.611744,37.19878,1316.365 22.611575,37.199042,1320.762 22.61137,37.199943,1324.96 22.610969,37.200219,1325.005 22.611467,37.200266,1330.11 22.611308,37.201342,1338.27 22.611024,37.201378,1338.088 22.61015,37.201418,1358.052 22.61015,37.201301,1356.28 22.610469,37.201057,1341.575 22.610564,37.200814,1333.602 22.609786,37.200676,1353.839 22.60911,37.200448,1367.116 22.60932,37.199965,1365.696 22.610041,37.199508,1361.643 22.609933,37.198969,1370.918 22.610022,37.198639,1369.311 22.609703,37.19839,1369.238 22.609384,37.198461,1371.2 22.608497,37.19903,1381.142 22.607981,37.199116,1379.543 22.607311,37.199294,1388.327 22.606985,37.199198,1386.141 22.60652,37.199452,1405.966 22.606182,37.199213,1401.566 22.605659,37.199396,1415.371 22.605569,37.199177,1414.577 22.605965,37.198217,1410.358 22.605646,37.197556,1410.392 22.605142,37.197409,1430.397 22.605155,37.197099,1423.727 22.604899,37.196794,1434.219 22.605384,37.196281,1428.638 22.605429,37.196052,1424.824 22.604931,37.195717,1433.169 22.604899,37.19529,1433.304 22.604332,37.194462,1443.63 22.603974,37.193491,1448.65 22.603706,37.193349,1450.111 22.603413,37.192988,1448 22.602852,37.192647,1442.147 22.602954,37.192297,1444.463 22.602826,37.192185,1444.191 22.602105,37.192337,1435.67 22.601486,37.192398,1429.792 22.601352,37.192099,1425.449 22.601582,37.191748,1427.781 22.601333,37.19155,1425.455 22.600823,37.192093,1419.642 22.600683,37.191997,1419.109 22.600689,37.191458,1415.151 22.600351,37.191082,1411.689 22.59977,37.191036,1407.771 22.59942,37.190767,1404.758 22.598807,37.190604,1405.169 22.598584,37.190838,1406.18 22.598341,37.191163,1408.119 22.597933,37.191433,1409.895 22.598112,37.192083,1406.305 22.597525,37.192917,1408.865 22.597627,37.193415,1408.004 22.597308,37.194182,1407.84 22.596664,37.194299,1410.963 22.596536,37.194955,1415.232 22.596236,37.195107,1418.091 22.595688,37.195117,1421.31 22.595279,37.194949,1422.805 22.595158,37.194685,1424.558 22.594967,37.194706,1427.888 22.594954,37.194909,1428.216 22.59512,37.195981,1436.529 22.595011,37.196311,1438.006 22.595145,37.196565,1440.093 22.595694,37.196581,1440 22.595911,37.19715,1437.106 22.595892,37.197455,1434.902 22.59614,37.198156,1434.61 22.595892,37.198578,1433.119 22.596007,37.198928,1428.952 22.59593,37.199188,1426.498 22.595554,37.199365,1426.157 22.595458,37.199762,1423.807 22.595075,37.20025,1418.74 22.594712,37.200371,1416.628 22.594118,37.201398,1418.279 22.593893,37.202497,1405.098 22.593565,37.202882,1398.334 22.59326,37.203125,1395.25 22.593179,37.203476,1395.486 22.593359,37.204367,1381.208 22.593449,37.205057,1374.747 22.593106,37.20552,1373.946 22.593142,37.206321,1366.346 22.59249,37.207512,1359.011 22.592324,37.208396,1352.265 22.591527,37.209117,1357.185 22.591386,37.209427,1356.146 22.590863,37.209605,1357.097 22.590308,37.210321,1357.068 22.589996,37.21051,1357.728 22.58953,37.210571,1365.31 22.589281,37.210814,1366.521 22.5893,37.211221,1363.943 22.589185,37.211373,1363.16 22.58842,37.211282,1363.424 22.587986,37.211013,1371.179 22.587438,37.211236,1367.196 22.585964,37.212059,1348.961 22.585709,37.211988,1347.426 22.585562,37.211531,1355.966 22.58523,37.211729,1346.222 22.58458,37.211993,1329.607 22.583948,37.211683,1336.331 22.58206,37.212313,1311.666 22.581773,37.212161,1318.276 22.581511,37.212328,1317.316 22.581282,37.212831,1304.549 22.580459,37.212913,1303.775 22.578979,37.213212,1291.101 22.578768,37.213538,1288.565 22.578513,37.213477,1287.294 22.577837,37.213177,1278.848 22.577428,37.212948,1274.412 22.577307,37.213101,1271.007 22.577288,37.213436,1270.08 22.577132,37.213479,1268.72 22.576976,37.213764,1268.84 22.57694,37.213928,1268.511 22.577227,37.21437,1263.915 22.577868,37.214488,1268.418 22.578214,37.214917,1255.339 22.578511,37.215025,1254.404 22.578853,37.215082,1257.85 22.57922,37.215027,1262.491 22.57956,37.215126,1261.523 22.579904,37.21525,1261.176 22.579948,37.215405,1258.23 22.579917,37.215565,1253.99 22.579838,37.215777,1247.85 22.579899,37.215926,1246.12 22.580165,37.216055,1247.746 22.580681,37.216203,1250.293 22.580971,37.216367,1245.67 22.5812,37.216537,1243.507 22.581717,37.21663,1245.022 22.581765,37.216868,1242.277 22.583181,37.217429,1254.546 22.58466,37.217943,1256.288 22.585539,37.218099,1258.113 22.58625,37.218108,1256.944 22.587349,37.217858,1262.449 22.588363,37.217438,1269.937 22.589586,37.21719,1275.606 22.590874,37.217378,1280.01 22.592118,37.217446,1282.239 22.593921,37.217344,1296.768 22.595466,37.217754,1296.879 22.597268,37.217617,1309.414 22.598641,37.218164,1317.412 22.600444,37.218335,1315.612 22.60248,37.218172,1328.88 22.602882,37.218074,1332.133 22.603105,37.218053,1330.342 22.603535,37.218205,1328.238 22.603864,37.218401,1329.684 22.6042,37.218683,1332.441 22.6044,37.218973,1337.473 22.604452,37.219079,1339.808 22.604548,37.219134,1341.264 22.604644,37.21914,1341.466 22.604723,37.219111,1341.006 22.604781,37.219061,1340.924 22.604829,37.218988,1340.789 22.604848,37.218898,1340.259 22.604853,37.218798,1339.968 22.604834,37.218671,1339.032 22.604798,37.218535,1338.856 22.604773,37.218397,1340.081 22.604774,37.218282,1341.37 22.6048,37.218151,1343.08 22.604921,37.21775,1342.964 22.60499,37.217638,1342.232 22.605337,37.217307,1349.938 22.605427,37.217212,1352.202 22.605488,37.217058,1351.452 22.605602,37.216897,1351.48 22.605803,37.216718,1354.126 22.606009,37.216378,1355.808 22.606264,37.216195,1360.496 22.606512,37.216078,1365.121 22.60712,37.215537,1370.06 22.607356,37.215445,1370.565 22.60758,37.215423,1371.228 22.607827,37.215525,1374.585 22.608033,37.215655,1378.071 22.60834,37.215737,1378.477 22.608567,37.215751,1377.011 22.608639,37.215801,1377.968 22.608638,37.215848,1379.373 22.608568,37.215894,1381.431 22.608472,37.215897,1382.565 22.607798,37.215818,1385.371 22.607657,37.215837,1385.225 22.607556,37.215913,1386.24 22.607482,37.216045,1388.263 22.607318,37.216874,1400.054 22.607104,37.217649,1400.983 22.607134,37.217801,1402.037 22.607206,37.217932,1403.127 22.607384,37.218097,1406.345 22.607477,37.218236,1407.854 22.607593,37.218478,1407.579 22.607722,37.218655,1408.025 22.608016,37.218888,1415.586 22.608085,37.218972,1417.549 22.608108,37.219048,1417.938 22.608099,37.219315,1418.77 22.60817,37.219562,1421.535 22.608246,37.219673,1422.671 22.608445,37.219768,1424.059 22.608674,37.219754,1427.16 22.608944,37.219618,1433.298 22.609175,37.219595,1436.602 22.60938,37.219714,1434.404 22.609547,37.219941,1432.696 22.609681,37.220065,1432.505 22.609821,37.220108,1433.67 22.610084,37.220082,1437.972 22.61024,37.2201,1439.818 22.610471,37.220246,1441.325 22.610674,37.220406,1441.598 22.610874,37.220457,1444.385 22.611069,37.220471,1446.225 22.611203,37.220432,1447.893 22.611343,37.220351,1449.618 22.611495,37.220199,1452.221 22.611627,37.21996,1457.582 22.611732,37.219874,1460.126 22.611843,37.219824,1461.363 22.612002,37.219807,1461.727 22.612197,37.219862,1462.314 22.612327,37.219985,1463.879 22.612387,37.220101,1463.795 22.612415,37.220251,1462.833 22.612446,37.220506,1464.609 22.612485,37.220638,1463.767 22.612586,37.220756,1462.673 22.612694,37.220782,1464.552 22.61286,37.220796,1467.65 22.613658,37.220722,1475.236 22.613905,37.220751,1473.785 22.614157,37.220807,1473.259 22.614447,37.220907,1475.697 22.614715,37.221069,1476.359 22.615123,37.221243,1481.388 22.615369,37.221418,1487.558 22.615492,37.221571,1490.158 22.615638,37.22177,1494.566 22.615667,37.221899,1497.154 22.615585,37.221995,1496.977 22.61541,37.222078,1495.746 22.615125,37.222169,1492.698 22.61494,37.222263,1492.535 22.614558,37.222562,1498.314 22.614391,37.222637,1499.246 22.614277,37.222721,1501.259 22.614184,37.222862,1503.235 22.61408,37.223061,1503.499 22.614037,37.223047,1502.559 22.61408,37.223061,1503.499 22.614067,37.223087,1503.546 22.614025,37.223275,1504.82 22.614042,37.223466,1506.974 22.614102,37.223769,1509.736 22.614226,37.22408,1513.397 22.614352,37.224346,1519.705 22.614394,37.22452,1523.454 22.614336,37.224674,1523.792 22.614243,37.224847,1525.393 22.614105,37.225037,1527.26 22.61399,37.225156,1528.045 22.613566,37.225522,1530.101 22.613247,37.225781,1530.879 22.61305,37.225897,1531.335 22.612843,37.225993,1531.918 22.612565,37.226109,1534.703 22.61239,37.226221,1536.105 22.612246,37.226299,1537.828 22.612132,37.226388,1539.64 22.612012,37.226521,1538.855 22.611882,37.226685,1538.875 22.611785,37.226883,1538.202 22.611704,37.227076,1537.645 22.61162,37.227213,1538.27 22.611518,37.227333,1538.994 22.611403,37.227404,1541.581 22.611353,37.227472,1542.426 22.611316,37.227553,1542.217 22.611302,37.227633,1540.942 22.611295,37.227757,1538.491 22.61127,37.227942,1533.531 22.611239,37.228033,1531.587 22.61118,37.2281,1531.368 22.610964,37.228225,1534.366 22.610786,37.228353,1535.154 22.61068,37.228463,1535.146 22.610397,37.228828,1532.11 22.610268,37.22894,1532.264 22.610098,37.229027,1534.03 22.609909,37.229097,1536.719 22.609778,37.229184,1536.921 22.609651,37.229288,1535.589 22.609529,37.229374,1534.787 22.609206,37.229572,1536.275 22.609157,37.229646,1535.117 22.609147,37.229719,1532.894 22.60916,37.22982,1530.496 22.609253,37.229988,1524.432 22.609289,37.230159,1523.036 22.609299,37.230283,1522.666 22.609269,37.230404,1522.608 22.609192,37.230588,1523.631 22.609047,37.230884,1523.245 22.608984,37.231149,1522.451 22.608983,37.231226,1522.098 22.60889,37.231331,1522.407 22.608803,37.231429,1521.791 22.608588,37.231818,1521.749 22.60854,37.232079,1521.112 22.608529,37.23239,1518.414 22.608609,37.232745,1515.42 22.608679,37.232924,1514.527 22.608701,37.233215,1512.858 22.608642,37.233403,1511.668 22.608599,37.233501,1511.342 22.608422,37.233736,1510.326 22.608277,37.233834,1509.638 22.608089,37.233928,1507.533 22.607912,37.233988,1505.188 22.607773,37.234043,1503.133 22.607596,37.234125,1501.128 22.607488,37.234197,1499.932 22.607333,37.234453,1498.08 22.607215,37.234688,1497.601 22.607107,37.234992,1497.619 22.607027,37.235192,1496.76 22.606979,37.235384,1496.09 22.606979,37.235504,1496.198 22.606995,37.235632,1496.294 22.60714,37.236166,1490.393 22.60722,37.236418,1486.442 22.607301,37.236649,1484.888 22.607386,37.236819,1485.661 22.607435,37.236943,1485.91 22.607445,37.237089,1485.28 22.607435,37.237234,1484.096 22.607338,37.237434,1481.017 22.607252,37.237652,1478.868 22.607209,37.237742,1477.762 22.607188,37.237956,1477.384 22.607166,37.238092,1476.91 22.607177,37.238306,1476.578 22.607204,37.238459,1475.476 22.607231,37.238524,1475.077 22.60736,37.238677,1474.916 22.607601,37.238882,1476.272 22.607612,37.238985,1477.111 22.607596,37.239109,1477.658 22.60752,37.239198,1477.004 22.607386,37.239335,1476.568 22.607117,37.239594,1476.76 22.607037,37.239629,1476.765 22.606929,37.239629,1475.912 22.606785,37.23956,1473.587 22.606659,37.239486,1470.898 22.606531,37.239446,1467.12 22.606399,37.239429,1463.994 22.60619,37.239463,1463.255 22.605997,37.23948,1462.048 22.605638,37.239484,1458.114 22.6053,37.239548,1454.039 22.604624,37.239916,1449.975 22.603808,37.240343,1442.286 22.603607,37.240461,1440.869 22.603398,37.240594,1439.504 22.603207,37.240747,1438.531 22.603064,37.240898,1435.791 22.602982,37.241038,1433.24 22.602884,37.241231,1428.54 22.602809,37.24144,1425.34 22.602757,37.241667,1427.257 22.602731,37.241819,1428.694 22.602691,37.241916,1429.027 22.602624,37.241995,1428.055 22.602388,37.242181,1424.181 22.602314,37.242251,1422.47 22.60225,37.242344,1419.967 22.602237,37.242413,1419.089 22.602247,37.242505,1418.692 22.602289,37.242592,1418.017 22.602402,37.242714,1418.205 22.602582,37.242821,1419.389 22.602855,37.242921,1421.005 22.603031,37.242998,1422.283 22.603148,37.243077,1423.481 22.603241,37.24315,1424.514 22.603306,37.243222,1424.439 22.603345,37.243296,1423.322 22.603348,37.243365,1422.533 22.603321,37.243418,1422.339 22.603261,37.243456,1421.405 22.603163,37.243469,1419.583 22.602829,37.243442,1414.828 22.602696,37.243446,1413.67 22.602565,37.243463,1412.86 22.602269,37.243528,1411.994 22.602147,37.243535,1411.144 22.60203,37.243514,1409.611 22.601881,37.243455,1407.115 22.601623,37.243331,1401.128 22.601523,37.243316,1401.233 22.601422,37.243322,1401.651 22.6013,37.243343,1402.952 22.601229,37.243343,1403.49 22.601171,37.243331,1403.505 22.6011,37.243296,1403.029 22.601018,37.243233,1401.753 22.600832,37.243042,1395.526 22.600637,37.242941,1393.413 22.600488,37.242892,1392.178 22.600327,37.242871,1391.85 22.600144,37.242876,1391.762 22.6,37.242901,1392.323 22.599823,37.242965,1392.747 22.59949,37.24317,1397.904 22.599313,37.243268,1399.382 22.5989,37.24341,1394.764 22.5988,37.243433,1394.384 22.598655,37.243439,1393.218 22.59856,37.243429,1392.749 22.598448,37.243406,1392.637 22.598324,37.243356,1391.861 22.598144,37.243266,1392.195 22.598035,37.243233,1393.034 22.597922,37.243223,1393.96 22.597814,37.243238,1395.277 22.597643,37.243311,1397.125 22.597491,37.243404,1398.157 22.597428,37.243468,1397.464 22.597406,37.24355,1397.047 22.597402,37.243676,1396.718 22.597443,37.243806,1397.481 22.597619,37.244093,1399.996 22.597679,37.24426,1401.036 22.59779,37.244593,1403.952 22.597794,37.244685,1403.819 22.597777,37.244759,1403.382 22.597743,37.244794,1403.121 22.597686,37.244815,1402.351 22.597611,37.244816,1401.018 22.597539,37.244798,1399.364 22.597315,37.244712,1398.136 22.597186,37.244677,1397.97 22.596982,37.24467,1398.386 22.59686,37.244697,1398.666 22.596713,37.244778,1399.773 22.596562,37.244889,1400.922 22.596351,37.245136,1403.836 22.596261,37.245315,1405.306 22.596142,37.245663,1407.484 22.596061,37.245872,1408.025 22.595935,37.246121,1411.994 22.595876,37.246183,1413.159 22.595787,37.246208,1413.275 22.595378,37.246226,1412.895 22.595018,37.246257,1412.25 22.594928,37.246272,1411.479 22.594874,37.246306,1411.578 22.594705,37.246552,1414.6 22.59456,37.246804,1415.769 22.59426,37.24741,1418.02 22.594128,37.247622,1416.405 22.594093,37.247662,1416.196 22.593787,37.248005,1418.218 22.593753,37.248058,1418.944 22.593741,37.248107,1418.846 22.593746,37.248158,1418.499 22.593761,37.248211,1418.024 22.593845,37.248365,1416.378 22.593883,37.24846,1415.617 22.593882,37.248585,1415.191 22.593799,37.248842,1413.239 22.59369,37.249021,1412.067 22.593463,37.249236,1413.819 22.593408,37.249304,1413.854 22.593388,37.249378,1412.604 22.593378,37.24951,1408.947 22.593384,37.249636,1404.349 22.593378,37.249754,1400.656 22.593353,37.249854,1398.601 22.593288,37.249945,1398.051 22.59309,37.250171,1397.16 22.593013,37.250269,1396.483 22.592848,37.250582,1399.254 22.592821,37.250723,1400.005 22.592844,37.250843,1399.447 22.592951,37.25103,1395.309 22.592985,37.251137,1393.736 22.592977,37.251241,1392.728 22.592936,37.251408,1391.682 22.592823,37.251761,1392.222 22.592797,37.251903,1391.16 22.592802,37.252044,1389.186 22.592824,37.252169,1386.966 22.592887,37.252283,1384.417 22.593036,37.252447,1381.372 22.59309,37.252531,1380.749 22.593114,37.252632,1379.85 22.593127,37.252948,1375.719 22.593109,37.253012,1374.918 22.593063,37.253078,1374.249 22.592978,37.253129,1373.649 22.592856,37.253164,1373.752 22.59267,37.2532,1374.08 22.592477,37.253247,1373.61 22.591945,37.253385,1370.325 22.591747,37.253419,1370.427 22.591572,37.253464,1370.779 22.591526,37.253492,1370.747 22.591298,37.253459,1375.491 22.591251,37.253457,1376.423 22.591222,37.253469,1376.841 22.591196,37.253498,1377.049 22.591176,37.253546,1376.998 22.591176,37.253598,1376.492 22.591225,37.253675,1375.861 22.591612,37.253993,1372.732 22.591715,37.254056,1373.599 22.592103,37.254233,1376.676 22.592235,37.254307,1377.937 22.59234,37.25437,1379.162 22.592426,37.254463,1381.236 22.592514,37.254583,1382.741 22.592873,37.2554,1387.416 22.592894,37.255523,1389.387 22.592894,37.255666,1391.43 22.592671,37.25617,1395.761 22.592493,37.256472,1394.057 22.592425,37.256546,1393.661 22.592295,37.256598,1395.158 22.592107,37.256627,1397.303 22.591404,37.256702,1399.921 22.59065,37.25677,1408.646 22.59061,37.256783,1409.212 22.590587,37.256801,1409.394 22.590584,37.256836,1408.902 22.590609,37.256896,1407.293 22.591237,37.257924,1385.131 22.591265,37.258083,1383.441 22.591243,37.258171,1381.746 22.591167,37.258236,1381.656 22.590821,37.258401,1382.388 22.590621,37.258505,1382.935 22.590493,37.258596,1382.016 22.590289,37.258784,1381.325 22.590225,37.258884,1381.397 22.59017,37.259089,1379.215 22.590109,37.259215,1378.909 22.590008,37.259332,1380.394 22.589856,37.259411,1382.323 22.58974,37.259432,1384.027 22.589533,37.259442,1386.807 22.589373,37.259417,1390.223 22.588981,37.259313,1400.48 22.588885,37.25931,1402.472 22.588838,37.259328,1403.063 22.588809,37.259356,1403.059 22.588791,37.259405,1402.361 22.5888,37.259458,1401.111 22.588943,37.259678,1396.15 22.588956,37.25972,1395.566 22.588952,37.259767,1395.029 22.588913,37.259815,1395.172 22.588848,37.259848,1395.858 22.588529,37.25992,1399.667 22.588373,37.259929,1401.726 22.588223,37.259922,1403.496 22.588062,37.259884,1405.873 22.587436,37.259647,1408.124 22.587351,37.259633,1408.07 22.587269,37.259636,1407.72 22.587207,37.259683,1406.683 22.587094,37.259817,1405.974 22.587014,37.259999,1406.497 22.586956,37.26019,1410.935 22.586909,37.260378,1415.908 22.586882,37.260745,1422.72 22.586779,37.261011,1423.508 22.586716,37.261067,1423.785 22.586635,37.261095,1424.23 22.586558,37.261102,1424.457 22.586439,37.261085,1425.008 22.586325,37.261048,1425.507 22.585895,37.260832,1427.986 22.585801,37.260798,1427.618 22.585729,37.260786,1427.489 22.585657,37.260791,1427.543 22.585555,37.260813,1427.779 22.585388,37.260872,1426.785 22.585316,37.260884,1426.383 22.585163,37.260894,1425.803 22.585115,37.260889,1425.73 22.585079,37.260872,1425.827 22.585036,37.26084,1426.054 22.584937,37.260744,1425.13 22.584896,37.260727,1424.86 22.584823,37.260708,1424.46 22.584702,37.260714,1424.12 22.584627,37.260725,1424.162 22.584232,37.260853,1425.164 22.584067,37.260881,1424.531 22.583975,37.260888,1424.249 22.583908,37.260886,1424.056 22.583786,37.260846,1423.259 22.583742,37.260841,1422.942 22.583672,37.260843,1422.438 22.58334,37.260915,1420.048 22.583317,37.260917,1419.941 22.582773,37.260977,1417.483 22.582726,37.260982,1417.465 22.582551,37.261019,1417.332 22.582417,37.261098,1416.734 22.582224,37.261191,1414.279 22.582009,37.261251,1412.222 22.581834,37.261307,1410.56 22.581618,37.261418,1408.197 22.581525,37.261432,1407.163 22.58128,37.261455,1404.978 22.581099,37.261455,1403.642 22.580924,37.261418,1401.945 22.580557,37.261307,1398.014 22.580283,37.261265,1393.532 22.579928,37.261186,1388.883 22.579741,37.261121,1387.134 22.579508,37.261056,1385.259 22.579315,37.261014,1384.044 22.578966,37.26088,1382.387 22.578558,37.260685,1375.667 22.578206,37.260865,1372.188 22.577984,37.261019,1367.111 22.577943,37.261071,1366.105 22.57757,37.26133,1355.579 22.57737,37.261509,1351.493 22.577125,37.261569,1346.707 22.576683,37.261527,1335.47 22.576498,37.261539,1330.093 22.575999,37.261693,1318.277 22.575831,37.261735,1315.482 22.575596,37.261765,1310.959 22.575381,37.261821,1306.468 22.575288,37.261895,1304.369 22.575203,37.262014,1300.094 22.575073,37.26201,1296.409 22.575062,37.262088,1294.997 22.574951,37.262166,1291.547 22.574875,37.262168,1289.896 22.574769,37.262181,1287.67 22.574691,37.262229,1286.143 22.574636,37.262417,1282.941 22.574604,37.262475,1281.678 22.574532,37.262495,1279.933 22.574475,37.262467,1278.911 22.574434,37.26243,1278.231 22.574395,37.262278,1278.21 22.574377,37.26206,1276.306 22.574414,37.261784,1272.594 22.574542,37.261523,1272.628 22.574566,37.261403,1271.505 22.574491,37.261316,1265.738 22.574367,37.261308,1260.312 22.574253,37.261308,1255.798 22.574048,37.261596,1256.483 22.573688,37.261828,1250.137 22.57355,37.262252,1250.145 22.573224,37.262634,1245.087 22.572915,37.262771,1239.915 22.572469,37.262825,1241.558 22.571954,37.263235,1244.375 22.571525,37.263713,1233.44 22.571216,37.264096,1223.965 22.570855,37.264014,1219.082 22.570787,37.263673,1224.866 22.570558,37.263567,1226.725 22.570257,37.263566,1225.311 22.569494,37.263506,1218.035 22.569396,37.263525,1214.853 22.569569,37.263637,1213.134 22.57037,37.264003,1210.821 22.570224,37.264021,1208.231 22.569714,37.26393,1201.866 22.568985,37.263781,1194.452 22.568736,37.263177,1198.338 22.568353,37.263035,1180.998 22.56817,37.262847,1176.796 22.568149,37.262659,1175.46 22.568117,37.262548,1173.702 22.567967,37.26254,1169.148 22.567827,37.262676,1167.55 22.567763,37.262941,1170.16 22.567752,37.263069,1171.4 22.568117,37.263223,1174.361 22.568278,37.263317,1179.008 22.568267,37.263505,1175.227 22.568138,37.263692,1165.987 22.568192,37.263872,1165.182 22.568085,37.264119,1156.823 22.568117,37.264375,1156.738 22.568117,37.264606,1154.174 22.568396,37.264922,1152.493 22.568814,37.265118,1151.096 22.569061,37.265076,1153.438 22.569179,37.265016,1156.453 22.569554,37.265007,1160.295 22.569833,37.265059,1164.066 22.569973,37.265298,1159.56 22.569909,37.265716,1142.897 22.569984,37.265878,1140.259 22.57022,37.266058,1143.921 22.570273,37.266228,1141.299 22.570155,37.266442,1132.567 22.56993,37.266689,1124.289 22.570016,37.266903,1127.322 22.570145,37.267125,1127.631 22.57022,37.267424,1124.197 22.570445,37.26762,1119.976 22.570324,37.267613,1120.152 22.570207,37.267647,1119.026 22.570146,37.267719,1116.733 22.570012,37.267837,1111.954 22.569868,37.267895,1106.929 22.569758,37.267913,1103.905 22.569546,37.26792,1099.089 22.569303,37.267879,1094.568 22.56918,37.267837,1092.287 22.569051,37.26773,1089.109 22.568962,37.267682,1085.861 22.568868,37.267665,1082.361 22.568722,37.267724,1077.004 22.568618,37.267846,1073.015 22.568572,37.267942,1071.225 22.568621,37.26805,1072.342 22.568729,37.268144,1074.141 22.568678,37.268202,1071.678 22.568578,37.268181,1069.563 22.568489,37.26819,1067.824 22.568375,37.268274,1066.065 22.568057,37.268161,1062.908 22.56786,37.267933,1059.138 22.567646,37.267789,1055.321 22.567489,37.267728,1054.169 22.567379,37.267699,1054.206 22.567227,37.267709,1055.241 22.5671,37.267827,1060.092 22.567002,37.267812,1060.61 22.566934,37.267756,1059.63 22.566881,37.267657,1057.8 22.566737,37.267563,1056.589 22.566555,37.267512,1056.655 22.566426,37.267512,1058.069 22.566329,37.267559,1060.768 22.566163,37.267682,1066.834 22.566011,37.26775,1070.693 22.565894,37.267748,1071.552 22.565786,37.267681,1070.776 22.565655,37.267667,1072.877 22.565579,37.267617,1072.899 22.565511,37.267379,1067.387 22.565414,37.267249,1065.78 22.565102,37.267123,1066.91 22.564892,37.267096,1067.612 22.56459,37.267222,1072.515 22.564401,37.267234,1072.636 22.564268,37.267269,1074.526 22.564124,37.267269,1074.474 22.563992,37.267227,1072.236 22.563882,37.267204,1071.282 22.563806,37.267217,1071.804 22.563683,37.267269,1074.189 22.563505,37.267306,1076.454 22.563196,37.267281,1077.392 22.56303,37.267333,1079.921 22.562838,37.267349,1081.115 22.562767,37.267349,1081.26 22.562719,37.267349,1080.771 22.562584,37.267406,1079.441 22.562488,37.267556,1077.401 22.562283,37.268129,1069.626 22.562315,37.268298,1071.008 22.562298,37.268648,1066.866 22.562376,37.268798,1064.962 22.562516,37.268884,1066.811 22.562637,37.269075,1065.735 22.562698,37.269215,1064.904 22.562677,37.269336,1063.541 22.562609,37.269498,1060.241 22.562509,37.269675,1056.33 22.562435,37.269864,1051.509 22.562442,37.270039,1049.337 22.562505,37.270174,1048.394 22.562666,37.270312,1049.444 22.562844,37.2704,1052.429 22.56291,37.270474,1052.513 22.56292,37.270587,1049.684 22.562893,37.270695,1045.717 22.562878,37.270824,1041.256 22.562908,37.270926,1040.353 22.562963,37.271028,1040.13 22.563225,37.271254,1040.083 22.563346,37.271295,1039.839 22.563535,37.271286,1041.987 22.563755,37.271244,1046.92 22.563918,37.271251,1048.414 22.564047,37.2713,1047.784 22.564102,37.271354,1045.749 22.564073,37.271436,1042.576 22.564024,37.271468,1040.993 22.563838,37.271623,1033.059 22.563721,37.271747,1028.735 22.563696,37.271851,1027.248 22.563694,37.272208,1023.541 22.563835,37.272471,1023.317 22.564045,37.272716,1021.186 22.564196,37.272854,1022.28 22.564191,37.272957,1020.915 22.564225,37.27308,1020.872 22.564215,37.27328,1020.425 22.564174,37.27339,1020.022 22.564119,37.273432,1019.906 22.564013,37.273429,1018.718 22.56396,37.273414,1017.93 22.56392,37.273404,1017.354 22.563738,37.273329,1016.504 22.563585,37.273221,1016.125 22.563439,37.273046,1015.774 22.563319,37.272932,1015.335 22.563168,37.272808,1013.694 22.562927,37.272658,1011.77 22.56267,37.272544,1009.915 22.562456,37.272382,1007.567 22.562348,37.272213,1005.447 22.56224,37.272089,1004.228 22.562079,37.27196,1003.112 22.561921,37.271935,1003.045 22.561757,37.27188,1003.13 22.561605,37.271777,1003.21 22.561541,37.271645,1002.173 22.561471,37.271472,1000.931 22.56138,37.271312,999.303 22.56134,37.271148,997.821 22.561391,37.270954,996.482 22.561353,37.270764,996.417 22.561258,37.2706,996.684 22.561077,37.270428,994.953 22.560904,37.270209,993.896 22.560734,37.270012,991.328 22.560715,37.269848,989.82 22.560671,37.269739,988.403 22.560491,37.269506,985.808 22.560239,37.269361,983.972 22.560099,37.26926,982.934 22.55966,37.26879,977.221 22.559531,37.268693,976.29 22.559462,37.268746,977.367 22.559402,37.268775,978.346 22.559315,37.268798,979.61 22.559219,37.268788,980.324 22.559131,37.268734,980.04 22.559056,37.268659,979.23 22.558986,37.268613,978.992 22.55894,37.268611,979.446 22.558908,37.268641,980.439 22.558916,37.268677,981.13 22.559217,37.269128,990.908 22.559335,37.26925,993.694 22.55948,37.269337,994.306 22.559552,37.269442,995.828 22.559619,37.269578,997.517 22.559678,37.269723,999.458 22.559689,37.26982,1002.286 22.559737,37.269924,1004.035 22.559831,37.270012,1003.379 22.559863,37.270069,1003.542 22.559826,37.270101,1005.765 22.559737,37.270071,1008.472 22.559227,37.269943,1020.749 22.558989,37.26986,1023.166 22.558801,37.269755,1021.423 22.558688,37.269709,1019.017 22.558578,37.269709,1017.886 22.55849,37.269753,1017.99 22.558409,37.269871,1020.864 22.558227,37.27024,1028.533 22.558081,37.270468,1030.605 22.557952,37.270912,1040.674 22.557912,37.271215,1040.769 22.557925,37.271459,1040.966 22.55788,37.271557,1039.886 22.557681,37.271837,1041.417 22.557595,37.272071,1045.459 22.557526,37.272323,1051.36 22.557528,37.272409,1053.092 22.557499,37.272447,1054.87 22.557324,37.272479,1058.129 22.556898,37.272541,1062.643 22.556812,37.272575,1064.177 22.556793,37.272626,1066.081 22.556817,37.272688,1068.227 22.55689,37.272729,1069.44 22.557134,37.272788,1068.6 22.557198,37.272833,1068.991 22.557247,37.272917,1070.429 22.557367,37.273181,1073.972 22.557327,37.273416,1081.609 22.557338,37.273514,1084.035 22.557397,37.273615,1084.75 22.557424,37.273693,1084.62 22.557413,37.273751,1085.643 22.557378,37.27376,1087 22.557035,37.273544,1093.785 22.556922,37.273508,1095.243 22.556823,37.273531,1096.878 22.556726,37.273593,1099.786 22.556691,37.273666,1102.086 22.556828,37.273903,1105.443 22.556866,37.274067,1108.621 22.556858,37.274165,1111.139 22.556825,37.274182,1112.199 22.556742,37.274165,1114.057 22.55653,37.274146,1116.844 22.556356,37.274176,1119.121 22.556254,37.274261,1121.057 22.556214,37.274466,1126.31 22.55612,37.27459,1128.096 22.556058,37.27475,1129.835 22.556069,37.274855,1132.262 22.556099,37.274991,1135.631 22.556077,37.275119,1137.809 22.556015,37.275292,1140.945 22.555986,37.275553,1146.396 22.556005,37.275664,1147.702 22.556096,37.275858,1149.469 22.556123,37.276018,1151.417 22.556115,37.276138,1153.689 22.555785,37.27627,1161.098 22.55567,37.276336,1162.558 22.555595,37.27643,1164.405 22.555442,37.276675,1169.161 22.555375,37.276791,1171.017 22.55537,37.276904,1173.928 22.55542,37.27704,1176.551 22.555539,37.277149,1177.733 22.555614,37.277267,1177.649 22.555603,37.277407,1178.802 22.555509,37.277495,1181.772 22.55501,37.277903,1195.516 22.554498,37.278011,1200.587 22.554439,37.278084,1202.884 22.554439,37.278146,1204.898 22.554522,37.278216,1206.715 22.554594,37.278297,1208.419 22.554656,37.278417,1209.992 22.554675,37.278549,1211.748 22.554361,37.278867,1218.605 22.554149,37.279055,1224.806 22.554055,37.279211,1227.264 22.554036,37.279345,1229.982 22.554095,37.279458,1231.834 22.554141,37.279597,1234.581 22.554077,37.279738,1238.518 22.553921,37.279911,1243.256 22.553758,37.280005,1246.03 22.553556,37.280028,1247.924 22.553358,37.280077,1250.104 22.553208,37.280148,1251.36 22.553079,37.280282,1254.306 22.553015,37.280468,1259.187 22.552982,37.280745,1264.556 22.553007,37.281031,1269.747 22.553031,37.281144,1271.727 22.553041,37.281274,1272.92 22.553057,37.281368,1273.875 22.553103,37.28146,1276.515 22.553178,37.281528,1279.047 22.553181,37.281639,1281.341 22.553194,37.281752,1283.534 22.553157,37.281859,1285.379 22.553066,37.282006,1288.1 22.553063,37.282112,1290 22.552996,37.282266,1292.179 22.552918,37.282322,1292.799 22.552859,37.282467,1295.723 22.552789,37.282546,1297.734 22.552685,37.282625,1299.918 22.552497,37.282727,1303.108 22.552403,37.282744,1304.09 22.552194,37.282853,1307.733 22.552105,37.282945,1310.444 22.552017,37.283083,1313.809 22.551934,37.283231,1318.053 22.551893,37.283389,1323.1 22.551878,37.283482,1326.491 22.551877,37.283493,1326.873 22.551944,37.283555,1327.193 22.552099,37.283594,1327.299 22.552295,37.28352,1323.9 22.552568,37.283337,1315.43 22.552694,37.283314,1315.135 22.553037,37.28339,1316.99 22.553351,37.283436,1313.652 22.55352,37.28351,1314.878 22.55369,37.283606,1316.078 22.553825,37.283695,1316.004 22.55391,37.283813,1317.4 22.554006,37.28397,1319.054 22.554143,37.284113,1319.283 22.554441,37.284284,1317.306 22.554061,37.284331,1322.494 22.553592,37.284979,1330.708 22.552951,37.285319,1335.245 22.552757,37.285408,1333.943 22.552554,37.285335,1337.975 22.552096,37.28557,1338.43 22.551302,37.285635,1338.186 22.551224,37.285667,1337.329 22.551047,37.28574,1335.642 22.550589,37.286364,1333.241 22.550436,37.28634,1330.848 22.550324,37.285651,1323.727 22.55007,37.2857,1319.243 22.549958,37.285935,1318.122 22.549999,37.286348,1319.811 22.549846,37.286583,1314.509 22.549564,37.286851,1307.673 22.549316,37.287257,1304.609 22.549029,37.287527,1299.773 22.548859,37.288139,1297.045 22.548893,37.288321,1295.238 22.548664,37.288644,1289.334 22.548281,37.289285,1282.552 22.548154,37.289697,1277.573 22.548011,37.290102,1270.109 22.54788,37.290632,1264.624 22.547319,37.291161,1268.896 22.547319,37.291805,1274.602 22.547254,37.292262,1275.924 22.546301,37.292968,1274.9 22.546836,37.293456,1280.039 22.546836,37.293685,1283.762 22.546627,37.294048,1285.96 22.546523,37.2949,1292.743 22.54634,37.295045,1295.465 22.545426,37.295512,1303.813 22.545074,37.295907,1304.812 22.544487,37.296073,1305.005 22.544081,37.296924,1295.198 22.543969,37.297032,1294.37 22.543809,37.297101,1293.747 22.543586,37.297126,1293.225 22.54331,37.297175,1291.887 22.543146,37.297599,1287.699 22.542991,37.297726,1286.705 22.542777,37.297807,1286.787 22.542491,37.297796,1285.87 22.542054,37.297769,1282.757 22.541769,37.297826,1279.062 22.541437,37.298075,1273.425 22.541342,37.298198,1272.323 22.541121,37.298466,1270.567 22.541065,37.298585,1269.282 22.541046,37.298688,1267.958 22.541006,37.298752,1267.163 22.540847,37.29894,1265.215 22.540732,37.299046,1263.531 22.540703,37.29917,1261.483 22.540703,37.299319,1259.337 22.540804,37.299819,1255.298 22.540864,37.299908,1255.479 22.540971,37.300006,1256.002 22.541035,37.300079,1256.658 22.541078,37.300156,1257.256 22.541105,37.300305,1258.028 22.541083,37.300463,1258.228 22.541097,37.300547,1258.718 22.54125,37.300903,1260.875 22.541344,37.301265,1261.174 22.541446,37.301502,1261.248 22.541631,37.301628,1262.125 22.541789,37.301716,1261.474 22.542044,37.301841,1258.743 22.542349,37.301952,1255.958 22.542462,37.302033,1255.638 22.542553,37.302123,1255.275 22.542604,37.302193,1255.322 22.542905,37.3023,1257.376 22.543253,37.302343,1259.32 22.543398,37.302356,1260.122 22.543567,37.302351,1260.623 22.54375,37.302377,1261.343 22.543843,37.302403,1261.905 22.543951,37.302454,1262.596 22.54401,37.302526,1263.046 22.544039,37.302614,1262.476 22.54402,37.302842,1261.553 22.544074,37.303215,1257.569 22.544184,37.303544,1255.892 22.544224,37.303843,1257.463 22.544299,37.304137,1258.417 22.544275,37.304207,1258.9 22.544211,37.304297,1259.779 22.544214,37.304374,1260.322 22.544015,37.304724,1263.384 22.543937,37.304839,1263.854 22.543838,37.304965,1263.889 22.543838,37.305057,1264.585 22.543888,37.305363,1266.305 22.544257,37.306308,1263.701 22.544206,37.306575,1261.47 22.543972,37.306641,1262.744 22.543755,37.306961,1256.606 22.543905,37.307187,1250.536 22.543905,37.307586,1247.57 22.544273,37.307893,1245.722 22.544708,37.308066,1242.986 22.54501,37.308412,1236.063 22.545411,37.308398,1231.96 22.54593,37.308518,1224.808 22.546566,37.308744,1215.698 22.547001,37.308931,1207.554 22.547102,37.30921,1205.806 22.546985,37.309929,1200.494 22.547671,37.310129,1189.7 22.547754,37.310648,1190.61 22.548005,37.311274,1187.174 22.548005,37.311753,1183.34 22.548089,37.312325,1180.086 22.547888,37.312353,1178.346 22.547858,37.312576,1176.036 22.548139,37.312623,1175.644 22.548375,37.312788,1172.519 22.548553,37.31307,1163.042 22.548538,37.313235,1161.155 22.548432,37.313499,1160.596 22.548859,37.31362,1159.251 22.549317,37.313766,1152.294 22.549999,37.31392,1142.787 22.55062,37.314171,1132.029 22.55115,37.314503,1120.878 22.551781,37.314827,1107.298 22.552056,37.315134,1106.538 22.552097,37.31532,1107.985 22.552066,37.31549,1108.459 22.551924,37.315798,1107.19 22.5517,37.316057,1104.51 22.551486,37.316454,1102.947 22.551201,37.316632,1102.727 22.551058,37.316826,1100.897 22.551129,37.317175,1096.051 22.55115,37.317385,1094.128 22.551425,37.317644,1088.48 22.5517,37.317919,1084.52 22.551913,37.318324,1077.259 22.552259,37.318502,1072.548 22.552306,37.318721,1069.324 22.55211,37.319097,1063.348 22.551925,37.319344,1059.357 22.551649,37.319674,1046.009 22.55143,37.319977,1032.277 22.55113,37.320206,1022.893 22.550899,37.320683,1007.181 22.550957,37.321104,991.582 22.551038,37.321407,982.579 22.551349,37.321572,973.376 22.55136,37.321911,966.047 22.551245,37.322076,963.712 22.550865,37.322314,958.366 22.550945,37.322415,954.366 22.551038,37.322644,944.643 22.551174,37.322857,935.76 22.551086,37.322948,932.837 22.551083,37.322952,932.69 22.551037,37.322972,931.928 22.550982,37.32298,931.594 22.550711,37.322984,930.011 22.550647,37.322976,929.663 22.550599,37.322957,930.016 22.55046,37.322863,932.714 22.550251,37.322749,934.738 22.550204,37.32274,935.074 22.550117,37.322739,934.692 22.550003,37.322697,936.382 22.549826,37.322649,939.336 22.549759,37.32264,939.884 22.549689,37.322653,940.091 22.549641,37.322686,939.92 22.549603,37.322751,938.73 22.54959,37.322801,938.324 22.549606,37.322868,937.901 22.549662,37.322993,936.119 22.549813,37.323199,930.869 22.54984,37.323272,929.829 22.549845,37.323335,929.464 22.549831,37.323398,929.867 22.549801,37.323454,930.731 22.549642,37.32359,935.643 22.549634,37.323621,935.954 22.549648,37.323684,936.122 22.549695,37.323747,935.302 22.549762,37.323811,934.322 22.549936,37.323906,932.365 22.550112,37.324017,929.313 22.550224,37.324139,928.622 22.550287,37.324255,927.348 22.550294,37.324347,926.822 22.550283,37.324446,926.849 22.550226,37.32453,928.491 22.550144,37.324632,930.853 22.550025,37.324759,934.268 22.54984,37.325108,941.149 22.549781,37.325277,943.881 22.549742,37.325504,942.961 22.549728,37.325674,939.884 22.549687,37.325767,938.239 22.549653,37.325817,937.438 22.549595,37.325847,937.613 22.549516,37.325865,938.429 22.549261,37.325843,942.422 22.549161,37.325851,943.657 22.549086,37.325882,944.226 22.548988,37.325956,944.125 22.548823,37.326147,942.38 22.548761,37.326195,942.351 22.54865,37.326255,942.747 22.547769,37.326591,939.371 22.547645,37.326639,938.546 22.54743,37.326751,938.124 22.547317,37.326811,938.456 22.54721,37.326906,938.409 22.547109,37.327027,938.683 22.547002,37.327206,937.944 22.546939,37.327333,936.835 22.546869,37.327485,935.448 22.546833,37.327521,935.144 22.546809,37.327544,934.935 22.546661,37.327631,934.123 22.546518,37.327684,933.705 22.546421,37.327697,933.79 22.546467,37.327771,932.799 22.546471,37.327796,932.619 22.54642,37.327895,932.419 22.546002,37.32845,935.476 22.545949,37.328511,935.789 22.545692,37.328871,938.69 22.545709,37.328956,937.783 22.545717,37.329091,936.899 22.545715,37.329247,935.233 22.545673,37.329293,935.452 22.545517,37.329421,936.512 22.545026,37.329794,930.143 22.544734,37.329946,925.589 22.544635,37.329974,924.494 22.544474,37.329993,923.353 22.544246,37.329984,922.188 22.54391,37.329984,918.15 22.543128,37.329951,912.866 22.542958,37.329944,911.591 22.542827,37.329927,911.517 22.542718,37.329898,912.327 22.542372,37.329758,917.821 22.54229,37.329735,918.633 22.542234,37.329733,918.722 22.54219,37.329741,919.014 22.542158,37.329755,919.181 22.542148,37.329773,918.936 22.542152,37.329809,918.061 22.542256,37.329993,911.702 22.54229,37.330072,909.861 22.54229,37.330151,908.584 22.542239,37.330347,907.358 22.54218,37.330439,908.94 22.542081,37.330562,911.956 22.541875,37.330733,915.827 22.541816,37.330861,915.588 22.541786,37.330974,914.742 22.541741,37.331104,914.184 22.541682,37.331202,914.412 22.541585,37.331279,915.664 22.541266,37.331464,916.005 22.540614,37.331823,908.733 22.540244,37.331998,906.301 22.540091,37.332036,904.386 22.539902,37.332041,903.796 22.539675,37.332028,903.437 22.539343,37.331981,902.355 22.53882,37.331777,907.571 22.538761,37.331774,907.774 22.538668,37.331791,907.6 22.538613,37.331814,907.34 22.538586,37.331856,906.658 22.538582,37.332,905.672 22.538641,37.332182,906.204 22.53872,37.332326,907.509 22.53883,37.332411,907.282 22.539011,37.33248,906.281 22.539104,37.332496,905.602 22.539174,37.3325,904.947 22.539367,37.332471,903.036 22.539433,37.332468,902.506 22.539471,37.33248,902.36 22.5396,37.332584,903.872 22.539678,37.33268,905.765 22.539741,37.332713,905.916 22.539803,37.332719,905.373 22.540012,37.332697,902.278 22.540571,37.332719,898.618 22.540826,37.33272,900.289 22.540869,37.332711,900.657 22.540928,37.332683,900.742 22.541156,37.332516,898.574 22.541242,37.332472,898.937 22.541641,37.332358,902.735 22.542187,37.332189,901.894 22.542484,37.332119,899.632 22.542583,37.33211,899.431 22.542648,37.332115,899.971 22.542695,37.332127,900.874 22.542734,37.332149,902.361 22.542772,37.332158,903.049 22.542903,37.332165,903.498 22.542984,37.33218,904.416 22.543111,37.332215,905.77 22.543798,37.33251,905.593 22.543921,37.332569,903.408 22.544098,37.332765,907.857 22.544203,37.332823,906.414 22.544452,37.332918,901.769 22.544796,37.333092,897.774 22.544848,37.333132,898.256 22.544898,37.333265,903.293 22.54494,37.333309,903.983 22.544981,37.33334,903.922 22.545061,37.333372,902.288 22.545211,37.333406,898.616 22.545893,37.333593,889.223 22.546362,37.333759,887.443 22.546408,37.333789,887.769 22.546445,37.333824,888.622 22.546508,37.333864,889.299 22.546793,37.333967,890.465 22.546857,37.333967,890.004 22.547043,37.333941,887.896 22.54743,37.333854,882.651 22.547597,37.333832,880.711 22.547715,37.333828,879.772 22.547789,37.333846,880.054 22.548425,37.334452,887.469 22.548571,37.334612,886.513 22.548584,37.334653,887.066 22.548578,37.334691,887.962 22.548551,37.334724,889.044 22.548473,37.334764,889.584 22.548407,37.334781,890.404 22.548236,37.334798,893.498 22.548185,37.334792,894.699 22.548116,37.33477,896.418 22.548004,37.334721,898.733 22.547886,37.334706,900.289 22.547765,37.334728,902.121 22.547427,37.334828,907.919 22.547341,37.334887,910.893 22.547274,37.334983,914.226 22.547191,37.335141,918.029 22.547153,37.335389,920.892 22.547161,37.335489,920.964 22.547261,37.335683,918.37 22.547411,37.335871,914.611 22.547493,37.336042,913.506 22.547501,37.336101,913.848 22.547494,37.336167,914.413 22.54746,37.336241,915.84 22.547421,37.336292,917.31 22.547167,37.336556,924.069 22.546868,37.336893,925.393 22.546798,37.336981,924.265 22.546743,37.337017,923.883 22.546676,37.337042,923.826 22.546583,37.337067,924.726 22.546274,37.337194,927.606 22.546071,37.337248,931.072 22.545942,37.337271,932.815 22.545767,37.337288,935.423 22.545689,37.337305,936.202 22.545597,37.337342,936.502 22.545445,37.337426,935.884 22.545405,37.337438,936.056 22.54539,37.337429,936.532 22.545395,37.337402,937.283 22.545493,37.337312,938.84 22.545722,37.337141,940.343 22.546046,37.336944,939.421 22.546164,37.3368,941.248 22.546275,37.336619,943.622 22.546323,37.336502,945.328 22.546337,37.336363,948.317 22.546331,37.336174,951.791 22.546292,37.33601,954.376 22.546204,37.335761,956.804 22.546082,37.335484,957.703 22.545965,37.335327,958.391 22.54558,37.335064,961.505 22.545415,37.335008,962.789 22.545286,37.334997,964.701 22.545072,37.334994,967.661 22.544983,37.334978,968.437 22.544766,37.334878,970.063 22.544222,37.334646,981.669 22.544137,37.334596,983.926 22.544096,37.334553,984.49 22.544033,37.334434,984.585 22.543988,37.334377,985.574 22.543829,37.334241,989.795 22.543758,37.334141,990.117 22.543717,37.334074,989.694 22.543674,37.333928,987.645 22.543614,37.333806,985.903 22.543544,37.333712,983.928 22.543491,37.333684,983.899 22.543406,37.333672,985.046 22.543271,37.333673,986.625 22.543178,37.333689,987.487 22.543113,37.333723,988.904 22.543051,37.333775,990.789 22.542995,37.333842,991.678 22.542956,37.333898,992.222 22.542901,37.334061,992.477 22.542854,37.334215,993.247 22.542809,37.334399,994.832 22.54276,37.334492,995.376 22.542497,37.334896,998.12 22.542433,37.334987,999.743 22.542386,37.33503,999.936 22.542348,37.33505,999.918 22.542269,37.335063,999.962 22.542005,37.335087,1001.027 22.541927,37.335108,1001.438 22.541558,37.33523,1003.673 22.541234,37.335359,1003.265 22.540957,37.335508,1004.942 22.54079,37.33555,1006.874 22.53993,37.335741,1005.164 22.539593,37.335803,1003.84 22.539301,37.335938,1004.529 22.539218,37.335955,1005.091 22.539151,37.335955,1005.632 22.539049,37.335937,1006.802 22.538754,37.335827,1009.84 22.538698,37.335815,1010.439 22.538556,37.335826,1012.662 22.53824,37.335874,1017.832 22.538093,37.335879,1020.096 22.537949,37.33587,1022.395 22.537783,37.33584,1024.978 22.537657,37.335799,1025.874 22.537542,37.33575,1026.295 22.537221,37.335571,1028.411 22.53708,37.335539,1030.024 22.536906,37.335511,1031.972 22.536203,37.335536,1037.106 22.53575,37.335537,1040.666 22.535507,37.335524,1043.441 22.535263,37.33553,1045.312 22.535113,37.335541,1046.143 22.535004,37.335565,1047.292 22.534878,37.335602,1048.066 22.534771,37.335643,1049.009 22.534731,37.33567,1049.74 22.534717,37.335704,1050.772 22.534729,37.335757,1052.551 22.534747,37.335778,1053.296 22.534774,37.335791,1053.815 22.534959,37.335847,1056.155 22.535031,37.335876,1056.793 22.535117,37.335924,1057.4 22.535205,37.336006,1058.533 22.535252,37.33606,1059.249 22.535467,37.336373,1062.409 22.535488,37.336459,1062.548 22.535475,37.336518,1062.715 22.535435,37.336557,1063.131 22.535346,37.336597,1064.074 22.535255,37.336614,1065.041 22.534939,37.336624,1068.098 22.534771,37.336642,1069.398 22.534642,37.336677,1070.337 22.534558,37.336714,1070.862 22.53422,37.336965,1074.676 22.534106,37.337022,1076.214 22.533969,37.33706,1078.558 22.533775,37.337096,1081.135 22.533266,37.337112,1085.545 22.533149,37.337134,1086.239 22.533028,37.337165,1086.914 22.53261,37.337305,1086.996 22.532308,37.337363,1089.931 22.532048,37.3374,1093.187 22.531873,37.337434,1094.918 22.531719,37.337474,1096.545 22.531651,37.337505,1097.062 22.531575,37.337563,1096.704 22.531371,37.337765,1095.549 22.531304,37.337812,1095.864 22.53122,37.337858,1096.658 22.53117,37.337905,1096.914 22.531149,37.33795,1096.669 22.531107,37.338143,1094.554 22.531053,37.33823,1094.796 22.530962,37.338317,1096.599 22.530861,37.33836,1099.226 22.53073,37.338386,1101.625 22.530654,37.338388,1103.162 22.530479,37.338376,1106.319 22.530406,37.338391,1106.876 22.530289,37.338444,1106.716 22.530038,37.338536,1105.96 22.529437,37.338658,1104.983 22.528929,37.338803,1100.683 22.528725,37.338816,1103.002 22.528505,37.3388,1106.508 22.528261,37.338794,1108.993 22.527975,37.33881,1109.397 22.527753,37.338814,1109.772 22.527389,37.338808,1111.739 22.527267,37.338822,1111.841 22.527055,37.338903,1111.531 22.526656,37.339033,1112.54 22.526401,37.339084,1113.926 22.52624,37.339101,1115.481 22.526001,37.33911,1117.67 22.525878,37.339109,1118.645 22.525741,37.3391,1119.332 22.525224,37.339057,1119.806 22.525057,37.339255,1119.841 22.525029,37.339336,1120.324 22.524966,37.339633,1122.831 22.524695,37.340464,1135.561 22.524639,37.34066,1139.769 22.524596,37.340878,1144.277 22.524585,37.341033,1146.745 22.524593,37.34117,1148.494 22.524625,37.341283,1149.538 22.52502,37.341739,1157.562 22.525084,37.341882,1160.651 22.525183,37.342272,1165.398 22.525268,37.342511,1166.004 22.525279,37.342591,1166.322 22.525284,37.342719,1166.779 22.525299,37.342778,1167.002 22.525382,37.342921,1168.031 22.525524,37.343061,1169.015 22.525586,37.343155,1169.327 22.525741,37.34359,1171.901 22.525743,37.34372,1172.416 22.525722,37.343778,1172.398 22.525561,37.344057,1172.874 22.525532,37.344136,1173.33 22.525521,37.344206,1174.069 22.525519,37.344309,1175.523 22.525492,37.344413,1176.632 22.525473,37.344458,1177.006 22.525277,37.344676,1177.323 22.525154,37.344876,1178.432 22.524985,37.345326,1178.793 22.524958,37.345507,1178.52 22.524971,37.345676,1179.645 22.525034,37.345819,1181.27 22.525041,37.345885,1182.132 22.52502,37.345941,1182.711 22.524923,37.346025,1183.483 22.524794,37.346089,1183.94 22.52469,37.346121,1184.071 22.52454,37.346155,1184.316 22.524293,37.346231,1184.628 22.524118,37.346311,1184.67 22.523925,37.346413,1185 22.523689,37.34655,1183.978 22.523566,37.346635,1183.705 22.523374,37.346797,1184.348 22.523111,37.347002,1187.215 22.523059,37.347081,1188.432 22.523034,37.347153,1189.563 22.522995,37.347326,1190.953 22.522922,37.34764,1191.396 22.522812,37.347976,1190.067 22.522713,37.348213,1189.031 22.522657,37.348313,1188.87 22.522606,37.34837,1188.674 22.522533,37.348428,1188.341 22.522356,37.348499,1189.434 22.521871,37.348802,1185.712 22.521589,37.348912,1184.746 22.521423,37.34897,1185.574 22.52131,37.348989,1185.964 22.521246,37.348994,1186.245 22.521173,37.349034,1185.33 22.521114,37.349098,1183.451 22.520916,37.349439,1173.289 22.520838,37.349503,1172.26 22.520715,37.349591,1170.856 22.520556,37.349691,1169.782 22.52027,37.349838,1171.651 22.520114,37.349955,1172.414 22.520036,37.350072,1171.994 22.519972,37.350264,1169.55 22.519886,37.350546,1169.439 22.519755,37.350815,1168.345 22.519666,37.350966,1167.127 22.519642,37.351032,1166.583 22.519619,37.351112,1165.883 22.519596,37.351303,1165.26 22.519533,37.351559,1163.608 22.51951,37.351604,1163.106 22.519472,37.351644,1162.453 22.519375,37.351709,1161.195 22.519324,37.351758,1160.475 22.519292,37.351805,1159.906 22.519273,37.351872,1159.287 22.519268,37.351953,1158.676 22.519292,37.352291,1156.888 22.519343,37.352682,1155.471 22.519368,37.352957,1153.532 22.519363,37.353157,1152.083 22.51937,37.353348,1151.067 22.51936,37.353472,1151.651 22.519329,37.35357,1152.206 22.519266,37.353663,1152.949 22.51912,37.353787,1154.373 22.519175,37.35385,1154.664 22.519264,37.353934,1154.567 22.519344,37.354062,1154.572 22.519422,37.354211,1154.549 22.519658,37.354725,1154.472 22.519672,37.35481,1154.678 22.51922,37.354763,1158.571 22.518916,37.354769,1162.028 22.518794,37.354907,1164.355 22.518753,37.355322,1166.545 22.518564,37.355502,1169.518 22.51836,37.355561,1172.577 22.518323,37.355626,1172.632 22.518077,37.355756,1174.582 22.51776,37.355758,1176.589 22.517593,37.355699,1177.311 22.517464,37.355738,1177.473 22.517312,37.355929,1177.221 22.517017,37.356143,1178.393 22.516686,37.356332,1178.945 22.516609,37.356789,1184.085 22.516519,37.357205,1189.286 22.516526,37.357473,1192.648 22.516652,37.357791,1196.937 22.516645,37.358341,1199.69 22.516678,37.358819,1202.378 22.5168,37.359101,1206.731 22.516726,37.359434,1210.079 22.516771,37.359696,1212.978 22.516645,37.359752,1214.593 22.516371,37.359743,1216.448 22.515989,37.359782,1218.696 22.515555,37.359787,1221.1 22.514933,37.359949,1222.6 22.51447,37.360132,1222.604 22.514255,37.360415,1226.075 22.514051,37.360583,1227.163 22.514044,37.360736,1229.349 22.514103,37.360901,1232.94 22.514014,37.361051,1234.248 22.513669,37.361086,1233.529 22.513566,37.360951,1231.605 22.513421,37.360836,1231.101 22.51321,37.360718,1232.946 22.513128,37.360759,1234.422 22.513254,37.360877,1233.884 22.513306,37.361172,1238.194 22.513147,37.361504,1244.648 22.513028,37.36184,1248.546 22.512936,37.36217,1251.453 22.512576,37.362391,1255.168 22.512417,37.362644,1256.817 22.512402,37.36298,1259.751 22.512524,37.363145,1262.402 22.512806,37.363245,1265.41 22.512999,37.363472,1268.498 22.513232,37.363946,1274.187 22.513351,37.364361,1278.844 22.513332,37.364594,1281.622 22.513243,37.364874,1284.787 22.513254,37.365089,1287.282 22.513206,37.365457,1292.634 22.513336,37.365613,1295.211 22.513766,37.365595,1296.7 22.51417,37.365586,1301.497 22.514644,37.365147,1301.784 22.514896,37.364983,1302.051 22.515326,37.364879,1304.885 22.515478,37.364824,1305.553 22.515526,37.364626,1303.152 22.515533,37.364273,1296.324 22.515611,37.36407,1292.919 22.515941,37.363834,1290.246 22.516471,37.363707,1286.776 22.516871,37.363828,1287.214 22.517134,37.364052,1288.956 22.517212,37.364473,1292.393 22.517156,37.364812,1294.423 22.516845,37.365301,1301.721 22.516589,37.365863,1303.184 22.516274,37.366314,1304.765 22.516063,37.366543,1305.855 22.515981,37.36687,1303.209 22.516015,37.367306,1299.934 22.515881,37.367751,1300.657 22.515555,37.368531,1300.708 22.515392,37.369067,1299.54 22.515285,37.369992,1292.975 22.515322,37.370263,1292.841 22.515633,37.370545,1291.442 22.516067,37.370819,1287.476 22.51653,37.371399,1281.335 22.516682,37.371664,1275.578 22.516708,37.371953,1270.804 22.51666,37.372698,1262.407 22.516752,37.373069,1259.834 22.516711,37.373381,1261.549 22.516282,37.373534,1261.384 22.515673,37.373665,1259.607 22.515613,37.373907,1255.573 22.51541,37.374199,1251.645 22.515246,37.37451,1247.299 22.515168,37.374686,1245.47 22.514959,37.374963,1241.804 22.514801,37.37507,1240.103 22.514675,37.375123,1238.838 22.514289,37.37558,1235.811 22.514415,37.375854,1237.839 22.514563,37.37598,1240.312 22.514812,37.376163,1243.141 22.514615,37.376451,1244.336 22.514378,37.376531,1243.667 22.514011,37.376767,1246.927 22.513711,37.376522,1245.838 22.513552,37.376322,1244.758 22.513385,37.376272,1246.281 22.5131,37.376322,1250.632 22.512614,37.376528,1253.415 22.512092,37.376875,1260.031 22.511944,37.377173,1263.464 22.511788,37.37737,1264.438 22.511518,37.377388,1262.317 22.511103,37.377438,1260.589 22.510799,37.377547,1260.475 22.510276,37.377856,1258.979 22.510097,37.377866,1256.841 22.509915,37.37786,1255.092 22.509611,37.377779,1253.994 22.509092,37.37757,1253.787 22.508759,37.377482,1256.806 22.508549,37.377457,1257.501 22.507829,37.377481,1256.919 22.507375,37.377614,1252.202 22.506413,37.377817,1252.556 22.506005,37.377855,1249.821 22.505626,37.377944,1247.757 22.505364,37.377987,1246.387 22.505128,37.377983,1245.461 22.505095,37.378175,1243.475 22.504935,37.378472,1237.888 22.504757,37.378891,1225.675 22.504594,37.379043,1221.375 22.504325,37.379316,1213.022 22.504304,37.379434,1208.414 22.504144,37.37954,1204.216 22.503943,37.379752,1196.294 22.503828,37.379762,1197.205 22.503417,37.379821,1202.508 22.503272,37.379902,1201.76 22.503208,37.379974,1200.154 22.503103,37.38016,1194.348 22.503002,37.380283,1190.458 22.502855,37.380397,1188.971 22.50265,37.380484,1186.942 22.502247,37.380624,1183.79 22.502088,37.380694,1182.025 22.501954,37.380735,1180.804 22.501786,37.380741,1180.28 22.501536,37.380727,1179.975 22.501366,37.380732,1179.148 22.501256,37.380765,1177.375 22.501183,37.380831,1174.599 22.501107,37.380937,1171.75 22.50103,37.381004,1169.955 22.500928,37.381051,1168.265 22.5008,37.381086,1166.287 22.500598,37.381109,1162.698 22.500391,37.381117,1160.578 22.500227,37.38111,1159.682 22.500021,37.38109,1158.993 22.499777,37.381005,1159.676 22.499419,37.380852,1160.285 22.499275,37.380815,1160.334 22.499133,37.380805,1159.72 22.499074,37.380817,1159.176 22.499033,37.380839,1158.376 22.498833,37.380991,1153.771 22.4987,37.381057,1150.853 22.498268,37.381329,1138.47 22.498121,37.381406,1135.333 22.498011,37.381451,1134.517 22.497877,37.381484,1134.095 22.497555,37.381533,1135.789 22.497398,37.381587,1137.316 22.497245,37.381661,1138.67 22.497162,37.381742,1137.801 22.496997,37.381974,1133.562 22.496872,37.382207,1131.839 22.496789,37.382457,1129.504 22.496788,37.38266,1126.512 22.496791,37.38273,1125.45 22.496764,37.38287,1123.006 22.496717,37.382969,1122.028 22.496673,37.383113,1119.92 22.496672,37.38331,1113.599 22.496749,37.383808,1104.505 22.496747,37.383879,1103.422 22.496745,37.383948,1101.758 22.496712,37.384077,1099.17 22.496682,37.384121,1098.773 22.496636,37.384152,1098.811 22.496556,37.384178,1099.251 22.496455,37.384183,1100.533 22.496292,37.384174,1101.414 22.496109,37.384185,1100.405 22.495925,37.384246,1098.238 22.495573,37.384369,1093.033 22.495291,37.384428,1089.755 22.495128,37.384451,1086.618 22.494926,37.384427,1084.797 22.494865,37.384413,1084.586 22.494795,37.384383,1084.982 22.494633,37.384215,1089.811 22.494565,37.384163,1090.77 22.494523,37.384144,1090.735 22.494482,37.384142,1089.954 22.494394,37.384157,1087.2 22.494273,37.384207,1081.971 22.494122,37.384236,1077.732 22.49405,37.384236,1076.89 22.493967,37.384226,1076.34 22.493834,37.384166,1077.434 22.49376,37.38415,1077.268 22.4937,37.384146,1076.778 22.493662,37.384168,1075.5 22.493648,37.384192,1074.462 22.493648,37.384234,1072.91 22.493692,37.384317,1070.146 22.493777,37.38444,1065.776 22.493865,37.384517,1064.041 22.49397,37.384561,1064.108 22.494346,37.384608,1067.757 22.494405,37.384634,1067.66 22.494431,37.384652,1067.358 22.494493,37.384723,1065.674 22.494608,37.384809,1064.544 22.494647,37.384853,1063.68 22.494687,37.384945,1061.275 22.494699,37.385038,1058.697 22.49475,37.385191,1055.818 22.494798,37.385262,1055.05 22.494872,37.38534,1053.668 22.495005,37.385422,1053.325 22.495047,37.385434,1053.173 22.495137,37.38544,1053.645 22.495316,37.385409,1055.748 22.495384,37.385408,1055.781 22.495414,37.385414,1055.586 22.495432,37.385427,1055.165 22.495437,37.385448,1054.485 22.495433,37.385465,1053.934 22.495389,37.385498,1052.865 22.495156,37.385566,1049.234 22.495023,37.385595,1046.544 22.494971,37.3856,1045.433 22.494886,37.385587,1044.001 22.494754,37.385537,1042.595 22.494459,37.38524,1049.343 22.494389,37.38516,1050.908 22.494319,37.385065,1052.879 22.494292,37.385048,1053.066 22.494248,37.385043,1052.749 22.494201,37.385052,1052.037 22.494169,37.385077,1051.082 22.494154,37.385107,1050.265 22.494163,37.385153,1049.14 22.494195,37.385202,1048.141 22.494292,37.385299,1046.062 22.494429,37.385465,1040.475 22.494633,37.385683,1036.504 22.494753,37.385752,1036.433 22.494918,37.385808,1036.369 22.495131,37.385849,1036.881 22.495302,37.385916,1036.05 22.495478,37.38603,1032.43 22.495639,37.386125,1029.6 22.495807,37.386245,1026.144 22.495891,37.386377,1021.936 22.495948,37.386438,1019.864 22.495971,37.386449,1019.387 22.496008,37.386455,1018.927 22.496094,37.386452,1018.32 22.496186,37.386426,1018.284 22.496285,37.386363,1019.587 22.49634,37.386349,1019.644 22.496384,37.386346,1019.425 22.496418,37.386351,1019.242 22.496463,37.386372,1018.563 22.496576,37.386527,1012.531 22.496715,37.386737,1005.113 22.496818,37.386853,1002.418 22.496892,37.386896,1001.862 22.49712,37.386957,1001.406 22.497223,37.386997,1001.053 22.497267,37.387017,1000.61 22.49731,37.387027,1000.326 22.497386,37.387022,1000.275 22.497409,37.387008,1000.548 22.497533,37.386882,1003.336 22.497604,37.386832,1004.085 22.497818,37.386722,1005.519 22.497928,37.386668,1006.959 22.498107,37.386592,1007.872 22.498249,37.386541,1006.929 22.498107,37.386592,1007.872 22.497928,37.386668,1006.959 22.497818,37.386722,1005.519 22.497912,37.386705,1005.834 22.498321,37.386661,1003.3 22.498454,37.38663,1000.431 22.498513,37.386667,997.816 22.498631,37.386723,993.165 22.498845,37.386809,986.793 22.498879,37.386835,985.556 22.498907,37.386891,983.673 22.498969,37.387167,976.867 22.498994,37.387199,975.893 22.499103,37.387266,973.493 22.499064,37.387359,972.948 22.498883,37.387473,972.528 22.498786,37.387502,972.711 22.498717,37.387502,973.203 22.498643,37.387493,973.896 22.498556,37.38746,975.514 22.498712,37.387635,970.887 22.498811,37.387845,967.268 22.498847,37.387943,965.28 22.498916,37.388135,962.177 22.498998,37.388323,960.705 22.499129,37.388575,958.108 22.49922,37.388757,955.849 22.499288,37.388866,954.322 22.49938,37.388986,952.626 22.499545,37.389138,949.829 22.499574,37.389165,949.1 22.499627,37.38919,948.266 22.499772,37.389222,945.93 22.499822,37.389234,944.557 22.499854,37.389251,943.39 22.49987,37.389281,942.187 22.499883,37.389356,939.725 22.499883,37.389458,936.94 22.4998,37.389944,933.898 22.499757,37.390042,935.12 22.499713,37.390089,936.138 22.499569,37.390164,936.884 22.499482,37.390201,937.424 22.499429,37.390234,937.344 22.499391,37.390295,936.291 22.499341,37.390585,931.042 22.499313,37.390673,929.187 22.499091,37.390986,923.425 22.499018,37.391028,922.63 22.498915,37.391045,922.572 22.498838,37.391044,922.236 22.498756,37.391021,922.004 22.498709,37.39099,922.192 22.498562,37.390799,922.656 22.498516,37.390643,922.289 22.4985,37.390465,921.748 22.498508,37.390343,921.129 22.498631,37.389787,919.382 22.498638,37.38962,921.437 22.498621,37.389551,922.605 22.498585,37.389519,923.027 22.498537,37.389502,923.283 22.498487,37.389501,923.128 22.498447,37.389507,922.833 22.4984,37.389528,922.134 22.498182,37.389806,915.931 22.498095,37.389873,914.906 22.497824,37.389979,915.74 22.497751,37.390051,915.651 22.497713,37.390162,914.6 22.497709,37.390286,912.879 22.49774,37.390464,909.954 22.497741,37.390605,908.057 22.497633,37.390983,903.864 22.497615,37.39123,900.288 22.497584,37.391444,896.888 22.497554,37.391547,894.933 22.497296,37.391941,890.003 22.497142,37.392228,886.875 22.496978,37.39278,874.073 22.496943,37.392834,872.775 22.496895,37.392868,871.695 22.496841,37.392883,870.982 22.496784,37.392885,870.529 22.496712,37.392863,870.486 22.496669,37.392828,870.932 22.496531,37.392619,875.234 22.496443,37.392535,876.609 22.496381,37.392505,876.891 22.496315,37.392495,877.126 22.49624,37.392503,876.929 22.496173,37.392523,876.439 22.496132,37.392574,875.155 22.49611,37.392657,873.06 22.496084,37.392872,869.406 22.496094,37.392987,868.033 22.49614,37.393077,866.941 22.496447,37.393454,861.531 22.496481,37.393555,860.212 22.496476,37.393917,855.686 22.496445,37.393993,854.971 22.496393,37.394055,854.572 22.496217,37.394143,855.869 22.496152,37.394192,856.151 22.496108,37.394255,856.083 22.496091,37.39437,855.074 22.496108,37.394666,850.845 22.496111,37.394932,846.225 22.496092,37.394996,845.278 22.496058,37.39504,845.142 22.496013,37.395075,845.25 22.49585,37.395153,846.168 22.495778,37.395196,846.68 22.495725,37.395274,846.601 22.49569,37.395389,845.243 22.495612,37.395526,843.37 22.495396,37.395775,839.171 22.495339,37.395795,838.798 22.495274,37.395802,838.701 22.495197,37.395787,839.485 22.49514,37.395759,840.332 22.494953,37.395601,843.739 22.494905,37.395583,844.356 22.494854,37.395576,844.834 22.494811,37.395584,845.091 22.494781,37.395604,845.154 22.49476,37.395635,845.078 22.494757,37.395685,844.701 22.494951,37.396299,835.028 22.494959,37.396366,833.719 22.494936,37.396432,832.924 22.4949,37.396477,832.54 22.494853,37.396504,832.377 22.494782,37.396516,832.479 22.494666,37.396513,833.149 22.494491,37.396491,834.606 22.494344,37.396452,836.403 22.494191,37.396371,839.012 22.494136,37.39635,839.876 22.49405,37.396333,840.98 22.493994,37.396334,841.532 22.493953,37.396343,841.841 22.493906,37.396364,842.09 22.493882,37.396382,842.222 22.493868,37.396423,842.328 22.493871,37.396461,842.127 22.493895,37.39651,841.479 22.494244,37.396891,834.715 22.494426,37.397277,834.569 22.494577,37.397568,836.511 22.494835,37.397968,834.12 22.495423,37.398498,830.66 22.495515,37.398613,829.882 22.495544,37.398662,829.425 22.495558,37.398735,829.412 22.495546,37.398837,829.992 22.495492,37.398914,830.622 22.495415,37.398983,830.669 22.495289,37.399045,831.965 22.495154,37.399083,834.045 22.494915,37.399143,837.539 22.494748,37.399233,837.741 22.494487,37.39946,834.045 22.494332,37.39961,830.523 22.494233,37.399724,828.242 22.49408,37.399937,825.538 22.493968,37.40016,823.229 22.493761,37.400628,819.979 22.493663,37.400885,820.22 22.493571,37.401159,818.363 22.493219,37.402477,820.46 22.493197,37.40264,820.995 22.493197,37.402829,821.679 22.493315,37.403749,819.57 22.493311,37.403887,819.087 22.493296,37.403989,818.726 22.493238,37.404098,818.332 22.493151,37.404187,818.121 22.492953,37.40436,818.654 22.492653,37.404593,817.033 22.492588,37.404652,816.251 22.492545,37.404719,815.797 22.492515,37.404796,815.27 22.492505,37.404926,815.09 22.492561,37.405545,815.486 22.492576,37.40581,812.549 22.492521,37.405859,811.706 22.492502,37.405901,811.033 22.492495,37.405955,810.238 22.492508,37.406259,807.466 22.492536,37.406411,806.919 22.492539,37.406444,806.974 22.492527,37.406481,807.138 22.492436,37.40659,807.724 22.492405,37.406654,807.954 22.492371,37.406944,807.465 22.492383,37.407022,807.465 22.492622,37.407939,807.114 22.492686,37.408288,807.616 22.492737,37.408761,805.921 22.492759,37.40884,805.352 22.492905,37.409056,802.147 22.492918,37.409098,801.6 22.492914,37.409147,801.215 22.492883,37.409259,801.485 22.492876,37.409309,801.586 22.492885,37.409375,801.456 22.492954,37.409525,800.462 22.492962,37.409579,800.347 22.492938,37.409775,800.693 22.492939,37.409851,800.678 22.493052,37.410351,795.781 22.49306,37.410468,795.256 22.493048,37.410575,794.911 22.492903,37.410977,792.25 22.492768,37.411384,789.087 22.492736,37.411532,787.527 22.492731,37.411626,786.464 22.492749,37.411784,784.777 22.492799,37.411968,782.748 22.492807,37.412032,782.231 22.492807,37.412475,778.06 22.492823,37.412538,777.242 22.492865,37.412615,776 22.492898,37.41271,774.539 22.49297,37.412955,771.01 22.492992,37.413084,769.379 22.492992,37.413367,766.361 22.493011,37.413427,765.645 22.493096,37.413521,764.503 22.493117,37.413563,764.125 22.493122,37.41361,763.769 22.493099,37.41366,763.316 22.492917,37.413841,761.93 22.492852,37.413976,761.106 22.492813,37.413959,761.368 22.492781,37.413934,761.664 22.492733,37.413876,761.947 22.492679,37.413859,761.936 22.492613,37.413855,761.796 22.492377,37.413862,760.944 22.49178,37.41383,759.722 22.491731,37.413839,759.58 22.491567,37.413889,758.281 22.491453,37.413906,757.263 22.491338,37.413905,756.276 22.490891,37.413866,751.06 22.49084,37.413848,750.534 22.490713,37.413775,750.008 22.49067,37.41376,749.67 22.490578,37.413763,748.688 22.490374,37.413816,746.955 22.490292,37.413828,746.322 22.490206,37.413828,745.646 22.48987,37.413793,742.758 22.489784,37.413813,741.88 22.489734,37.413848,741.268 22.489697,37.413902,740.771 22.48964,37.414043,739.853 22.489603,37.41409,739.418 22.489557,37.414115,738.996 22.489281,37.414221,737.297 22.489006,37.414375,735.093 22.488562,37.414584,734.177 22.488428,37.414659,734.659 22.487973,37.414892,735.092 22.48789,37.41495,734.584 22.487613,37.415184,732.744 22.48731,37.415367,731.857 22.487209,37.415407,731.905 22.486588,37.415574,731.747 22.486366,37.415688,731.746 22.48615,37.415763,730.843 22.485944,37.41585,730.59 22.485619,37.416043,730.156 22.485535,37.416107,729.838 22.485286,37.416359,729.004 22.485098,37.416536,728.079 22.484805,37.416884,726.531 22.484528,37.417176,726.95 22.484499,37.41719,726.977 22.48447,37.417195,726.991 22.484444,37.417195,727.002 22.48441,37.417186,727.124 22.484386,37.417164,727.21 22.484263,37.416926,727.697 22.484212,37.41688,728.031 22.484141,37.416862,728.482 22.48405,37.41686,729.144 22.483613,37.416909,731.374 22.483532,37.416902,731.787 22.483278,37.416853,733.584 22.483012,37.416833,734.959 22.482931,37.416818,735.359 22.482841,37.416785,735.92 22.482656,37.416683,736.057 22.4826,37.416658,735.751 22.482517,37.41665,735.182 22.482287,37.416645,735.078 22.482176,37.416655,735.375 22.481938,37.416714,737.364 22.481548,37.416763,738.545 22.481373,37.416797,738.416 22.480874,37.416929,737.056 22.480745,37.416936,737.666 22.480597,37.416927,738.764 22.48007,37.416853,741.831 22.479897,37.416842,741.629 22.479638,37.416847,740.59 22.479521,37.416867,740.074 22.479114,37.417023,738.28 22.479003,37.417052,737.394 22.47888,37.417064,736.245 22.478517,37.417079,734.466 22.478387,37.417094,733.836 22.478276,37.417136,733.341 22.478142,37.417199,732.596 22.477882,37.417434,731.036 22.477688,37.417716,730.334 22.477635,37.417757,729.833 22.477558,37.417788,728.946 22.477457,37.417812,727.886 22.477308,37.417864,726.643 22.476992,37.418022,725.201 22.476783,37.418082,725.365 22.476357,37.418167,724.733 22.476306,37.418191,724.692 22.47604,37.418395,722.579 22.475965,37.418431,722.307 22.47591,37.418449,722.161 22.475731,37.41849,722.161 22.475492,37.418575,722.558 22.475401,37.4186,723.131 22.475021,37.418679,723.982 22.474916,37.418747,723.852 22.474834,37.418848,723.49 22.474765,37.418993,723.096 22.474704,37.419072,723 22.474633,37.419107,723 22.474529,37.419117,723 22.474367,37.419121,723.279 22.47429,37.419134,723.556 22.474192,37.419176,723.945 22.473944,37.419367,725.523 22.47375,37.41955,727.57 22.473582,37.419771,729.21 22.473342,37.420007,730.862 22.473115,37.420256,729.746 22.472985,37.420363,729.158 22.472907,37.420406,728.862 22.472181,37.420728,727.195 22.471963,37.420879,724.805 22.471895,37.420913,724.248 22.471588,37.421009,722.81 22.471461,37.421035,722.883 22.47112,37.421076,723.122 22.471026,37.421097,723.035 22.470693,37.421232,722.495 22.470391,37.421374,720.847 22.470311,37.421435,720.239 22.470225,37.421528,720 22.47004,37.421781,720 22.469979,37.421844,720.076 22.469916,37.421896,720.302 22.469624,37.422102,722.322 22.469329,37.422351,726.758 22.469179,37.422507,728.962 22.469101,37.422605,730.229 22.469048,37.422654,730.963 22.468992,37.422691,731.633 22.468926,37.422702,732.187 22.468828,37.422713,732.753 22.468731,37.422707,733.059 22.46854,37.42252,732.126 22.468315,37.42236,731.496 22.468165,37.422266,731.158 22.468004,37.422189,731.066 22.467881,37.42217,731.44 22.467773,37.42217,731.815 22.46761,37.422192,731.957 22.467387,37.422236,731.98 22.467303,37.422251,731.927 22.467169,37.422249,731.904 22.467044,37.422228,731.979 22.466877,37.42217,731.9 22.466654,37.422501,729.951 22.466242,37.423018,727.606 22.465928,37.423348,726.376 22.465745,37.423499,726.278 22.465592,37.423647,726.002 22.465528,37.42373,725.416 22.465485,37.423838,724.883 22.465475,37.423995,724.328 22.465495,37.424154,723.828 22.465743,37.424647,723.675 22.465731,37.424737,723.665 22.465661,37.424848,723.551 22.465504,37.424974,722.629 22.465119,37.425025,720.737 22.464907,37.425086,720.929 22.464672,37.425222,722.217 22.464502,37.425309,722.432 22.464276,37.425362,721.816 22.46407,37.425393,720.515 22.463889,37.425403,718.903 22.463106,37.425601,714.539 22.462188,37.425799,712.398 22.46201,37.425866,711.178 22.46175,37.425999,710.151 22.461618,37.426174,710.889 22.461524,37.426311,712.182 22.46141,37.426429,712.257 22.461101,37.426642,712.549 22.460794,37.426835,711.561 22.460518,37.426971,710.113 22.460353,37.427154,709.884 22.460235,37.427345,708.624 22.460138,37.427552,707.49 22.460114,37.42773,707.231 22.460073,37.427887,707.285 22.459896,37.428221,706.624 22.459795,37.42844,705.786 22.459641,37.428908,704.318 22.459578,37.429153,703.047 22.459472,37.429367,702.279 22.459224,37.429702,701.924 22.458744,37.430406,698.598 22.457884,37.431412,694.917 22.457712,37.431704,693.866 22.457592,37.432012,693.081 22.457463,37.432284,693.356 22.457203,37.432641,694.492 22.456926,37.432964,692.659 22.456324,37.433707,690.153 22.455931,37.434156,689.063 22.455607,37.434621,689.45 22.455325,37.434937,690.83 22.454445,37.435708,687.55 22.453989,37.436063,687.471 22.453782,37.436218,686.23 22.453595,37.43632,685.438 22.453347,37.436467,683.754 22.452909,37.436742,684 22.452145,37.437351,682.335 22.451711,37.43775,681.16 22.451499,37.437922,680.481 22.451095,37.438299,680.876 22.450583,37.438872,680.061 22.450292,37.439304,680 22.449761,37.440012,679.957 22.449638,37.440196,679.08 22.449217,37.440704,677.716 22.449137,37.440778,677.801 22.449057,37.440837,678.021 22.448992,37.440907,678.364 22.448944,37.440972,678.598 22.44891,37.441048,678.832 22.448874,37.441173,679.211 22.448825,37.441261,679.415 22.448757,37.441334,679.421 22.448544,37.441601,678.758 22.448172,37.442118,677.157 22.44806,37.442174,677.003 22.447714,37.442368,677.12 22.447282,37.442712,677.237 22.447115,37.442901,677.658 22.447094,37.442951,677.797 22.447061,37.443145,677.678 22.447029,37.443227,677.383 22.446991,37.443307,677.095 22.446684,37.443661,677.359 22.446384,37.443922,678 22.446262,37.444019,678 22.446025,37.444174,678 22.445339,37.444588,677.737 22.444679,37.444956,677.686 22.444471,37.445082,677.391 22.444084,37.445292,676.051 22.443388,37.445712,676.111 22.442461,37.446194,676.597 22.441339,37.446784,678.82 22.441167,37.446885,678.201 22.440637,37.447241,680.366 22.44055,37.447283,680.777 22.440145,37.447446,679.296 22.439865,37.447533,679.428 22.439428,37.447583,680 22.439314,37.447602,680 22.439214,37.447627,680 22.4383,37.447966,679.645 22.437999,37.448067,678.959 22.437717,37.448172,678.581 22.437676,37.448199,678.484 22.437598,37.448208,678.451 22.437336,37.448245,678.721 22.437266,37.44827,678.878 22.436641,37.448547,679 22.435942,37.449008,679.609 22.435787,37.44916,680.167 22.435355,37.449679,680.722 22.435024,37.450189,679.941 22.434641,37.450912,679.717 22.434623,37.450937,679.627 22.434587,37.450967,679.519 22.434547,37.450997,679.411 22.434468,37.451089,679.08 22.433937,37.451889,679.008 22.433528,37.452352,679.972 22.432821,37.453128,679.261 22.432734,37.453198,679.67 22.432428,37.453342,680.749 22.432054,37.453573,680.863 22.431664,37.453838,680.798 22.431454,37.454011,679.805 22.431236,37.45422,678.707 22.430188,37.454463,677.955 22.429882,37.454539,678 22.429211,37.454688,676.896 22.428499,37.454817,676.255 22.426748,37.455069,672 22.425789,37.455153,675.173 22.42507,37.455182,675.49 22.424794,37.455177,675.434 22.424646,37.455174,675.374 22.424222,37.455195,674.497 22.423353,37.45528,675 22.422512,37.455402,674.572 22.422347,37.455419,674.492 22.422302,37.455418,674.495 22.422211,37.455401,674.556 22.422167,37.455402,674.553 22.421846,37.455438,674.982 22.42121,37.455579,674.326 22.421419,37.45623,673 22.421427,37.456345,673 22.421405,37.456446,672.794 22.421344,37.456536,672.394 22.421288,37.456575,672.21 22.421226,37.45659,672.114 22.420898,37.456641,672 22.420853,37.456671,671.986 22.420714,37.456945,670.998 22.420621,37.457098,670.447 22.420583,37.457194,670.102 22.420494,37.457732,670.835 22.420462,37.458046,671 22.420443,37.458107,671 22.420417,37.45813,671 22.420062,37.458368,670.875 22.419984,37.45839,670.75 22.419814,37.458425,670.221 22.419679,37.458439,670 22.419656,37.458532,670 22.419632,37.458578,670 22.419438,37.458865,669.084 22.41941,37.458957,668.755 22.419396,37.459075,668.33 22.419391,37.459399,668 22.419417,37.459895,668.659 22.419412,37.459976,668.924 22.419401,37.460008,669.029 22.41937,37.46005,669.18 22.419184,37.460246,669.886 22.419158,37.460283,669.95 22.419126,37.460368,669.529 22.419099,37.460611,668.557 22.419,37.461264,668 22.418972,37.461408,668.117 22.41891,37.461645,669.774 22.418848,37.46188,670.802 22.418741,37.46227,670 22.418717,37.462501,669.999 22.418705,37.462965,669.216 22.418643,37.46328,669 22.41864,37.463331,669 22.418685,37.463746,668.888 22.418677,37.463813,669.029 22.418615,37.464093,669.014 22.418599,37.464235,668.924 22.418619,37.464766,670 22.41865,37.465057,669.971 22.418634,37.465142,669.958 22.418571,37.465389,669.17 22.418532,37.465485,668.648 22.418356,37.465787,668.085 22.418326,37.465865,667.798 22.418257,37.466046,666.744 22.418084,37.466441,665.71 22.417841,37.466878,665.012 22.417611,37.467428,666.445 22.417474,37.467684,666.244 22.417155,37.468186,665 22.417063,37.468316,665 22.416852,37.468556,665.535 22.416687,37.468747,665.527 22.416183,37.469246,665.926 22.41585,37.46959,666 22.415606,37.469885,666.232 22.415411,37.470158,666 22.41523,37.470359,666.292 22.414896,37.470753,667.603 22.414829,37.470824,667.946 22.414711,37.470925,667.973 22.414496,37.471105,667.982 22.414324,37.471267,668.243 22.414262,37.471338,668.536 22.414118,37.471516,668.825 22.41376,37.472018,667.659 22.413459,37.47246,667.921 22.413335,37.472618,668 22.412999,37.472941,667 22.412882,37.473063,667 22.412395,37.473559,667 22.412029,37.474062,666.867 22.411926,37.474221,668.013 22.411885,37.474301,668.103 22.411761,37.47472,668.005 22.411575,37.475159,669.189 22.411569,37.475279,669.35 22.411664,37.475389,669.006 22.411777,37.47549,669.397 22.411895,37.475583,669.921 22.412065,37.475686,671.772 22.412221,37.47575,673.687 22.412395,37.475802,675.683 22.412362,37.475852,675.51 22.412081,37.476386,674.476 22.41158,37.477227,674.428 22.411272,37.477688,676.768 22.410906,37.478129,676.983 22.410395,37.47869,678 22.410253,37.478817,678 22.40976,37.479219,678 22.408795,37.479922,675.757 22.408741,37.479967,675.531 22.408672,37.480025,675.109 22.409305,37.480028,675.397 22.409618,37.481197,671 22.409828,37.482022,668.386 22.409889,37.482374,669.6 22.4099,37.482547,669.471 22.409899,37.482736,668.787 22.409921,37.482832,668.381 22.410045,37.483158,666.94 22.410063,37.483223,666.863 22.41007,37.483304,666.775 22.41006,37.483436,666.494 22.410046,37.483545,666.199 22.410059,37.48359,666.06 22.410084,37.483657,665.885 22.410251,37.483973,665.63 22.410315,37.484226,664.786 22.410382,37.484381,664.228 22.410445,37.484502,664.249 22.410007,37.484935,664.039 22.409908,37.48507,663.585 22.409761,37.485334,662.049 22.409531,37.485831,660.697 22.409386,37.486292,661.514 22.408779,37.487376,659 22.408652,37.487719,659 22.408622,37.487817,658.859 22.408555,37.487949,658.384 22.408492,37.488058,658 22.408297,37.488313,657.99 22.408159,37.488477,658.193 22.408113,37.488532,658.148 22.407929,37.48888,657.559 22.407854,37.489097,655.982 22.407814,37.489248,655.223 22.407788,37.489383,655.045 22.407756,37.489669,655.808 22.407721,37.48981,656 22.407688,37.489907,656 22.407253,37.490877,653.251 22.407078,37.491155,654.082 22.406976,37.49126,654.475 22.406897,37.491356,654.902 22.406847,37.491429,654.856 22.40677,37.491574,654.334 22.406666,37.491705,653.862 22.406618,37.491788,653.64 22.406603,37.49184,653.519 22.406603,37.491934,653.258 22.406557,37.492026,653.866 22.406506,37.492098,654.364 22.406427,37.492184,654.844 22.406187,37.49236,656.719 22.406109,37.492424,657.447 22.405937,37.492597,657.462 22.405865,37.492685,657.628 22.405761,37.492788,657.712 22.405635,37.492893,657.167 22.405537,37.492975,656.953 22.405349,37.493113,656.41 22.405027,37.493324,656.966 22.40462,37.493631,658.072 22.40437,37.493819,658.748 22.404165,37.493989,658.994 22.40377,37.49423,657.902 22.403332,37.494525,657.001 22.403156,37.494624,657.413 22.403037,37.494708,657.952 22.402858,37.494855,658 22.402766,37.49493,658.042 22.402567,37.495123,657.98 22.402453,37.495207,657.553 22.402208,37.495417,656.627 22.402055,37.495588,657.297 22.401949,37.495731,657.988 22.401819,37.495854,658.567 22.401495,37.496101,659.368 22.40098,37.49642,659.894 22.400635,37.496677,657.249 22.399806,37.497248,658.028 22.399613,37.497389,658.236 22.399519,37.497449,658.597 22.398638,37.497944,660.695 22.398529,37.498006,660.874 22.398032,37.498249,661.27 22.397311,37.498611,658.681 22.397077,37.498795,658.376 22.396979,37.498874,658.03 22.39686,37.498942,658.226 22.396748,37.49899,658.686 22.396632,37.499029,659.303 22.395942,37.499225,660.679 22.394507,37.499709,652.074 22.394162,37.499844,653.007 22.39401,37.499967,653.497 22.393651,37.500137,654 22.393596,37.500159,653.969 22.393454,37.500219,653.554 22.392757,37.500534,652.072 22.392311,37.50072,651.32 22.391904,37.50085,649.103 22.391649,37.500976,649 22.39153,37.501046,649 22.391351,37.501149,649.136 22.391285,37.501196,649.374 22.39114,37.501329,649.896 22.391026,37.501463,650.082 22.390881,37.501733,650.869 22.390819,37.501836,650.897 22.390739,37.501942,650.321 22.390644,37.502062,649.925 22.390574,37.502135,649.773 22.390378,37.502321,649.944 22.390233,37.502446,650.643 22.389958,37.502665,652.188 22.389693,37.502886,653.284 22.3889,37.503487,647.974 22.388727,37.503617,646.46 22.388605,37.503714,646.749 22.38821,37.504007,650.531 22.387794,37.504291,652.968 22.387445,37.504558,653.344 22.387124,37.504819,653.534 22.386878,37.50498,652.455 22.386481,37.505221,651.282 22.385797,37.505637,654.707 22.385512,37.50581,654.071 22.385053,37.506094,653.821 22.384579,37.506384,653.493 22.384361,37.506496,653.116 22.384161,37.506586,653.73 22.383952,37.50667,654.782 22.383725,37.50675,655.89 22.38357,37.506804,656.569 22.383231,37.506909,657 22.382754,37.507015,655.746 22.382535,37.507049,655.624 22.382391,37.507058,655.823 22.382234,37.507051,656.207 22.382122,37.50704,656.436 22.38196,37.507013,656.739 22.38195,37.507084,656.488 22.381924,37.50714,656.37 22.3819,37.507173,656.337 22.381625,37.507112,657.578 22.381308,37.507043,658.167 22.38112,37.506991,657.362 22.380588,37.506777,657.28 22.380102,37.507401,658.593 22.380044,37.507463,658.271 22.380004,37.507487,658.061 22.379884,37.507517,657.608 22.379762,37.507538,657.26 22.379444,37.507574,657.268 22.379189,37.507588,658.236 22.379093,37.507601,658.629 22.379011,37.507616,658.978 22.378783,37.507681,659.403 22.378661,37.507711,659.136 22.378519,37.507736,658.718 22.377766,37.507865,659 22.377541,37.507617,658.915 22.376248,37.507509,661.507 22.376169,37.507898,661.792 22.37603,37.508524,663.492 22.375833,37.509378,670.522 22.375824,37.50959,670.494 22.375364,37.509586,671 22.375203,37.509585,671.136 22.375117,37.509604,671.332 22.375073,37.509622,671.471 22.375019,37.509667,671.746 22.374968,37.509712,671.852 22.374901,37.50974,671.602 22.374826,37.509749,671.338 22.374752,37.509738,671.101 22.374687,37.509707,671 22.374657,37.509679,671 22.374639,37.509661,671 22.374615,37.509614,671 22.37461,37.509565,671 22.374621,37.509516,671 22.37465,37.509471,671 22.374704,37.509429,670.993 22.374772,37.509403,671 22.363919,37.503427,674.228 22.361266,37.500245,666.442 22.359965,37.497741,679.113 22.355053,37.494954,692.325 22.350874,37.491719,699.51 22.347782,37.488473,702.512 22.345114,37.484823,700 22.340247,37.480038,702 22.339121,37.479757,709.183 22.338259,37.480097,708.57 22.336256,37.477824,707.681 22.333687,37.477998,711.953 22.33181,37.479063,722.883 22.329775,37.47909,739.396 22.327584,37.481157,737.9 22.331735,37.483505,733.792 22.33145,37.48504,762.372 22.330414,37.485824,769.949 22.330991,37.486691,780.956 22.330406,37.487945,792.545 22.329173,37.489091,818.315 22.328057,37.488082,826.064 22.32432,37.489853,835.52 22.324332,37.489858,835.582 22.324305,37.489894,835.616 22.324271,37.489955,835.63 22.324254,37.490017,835.484 22.324243,37.490076,834.879 22.324242,37.490149,834.224 22.324299,37.49073,832.274 22.324317,37.490804,832.048 22.324299,37.491191,825.519 22.324317,37.491378,823.824 22.32431,37.491506,823.362 22.324297,37.49157,823.04 22.324276,37.491625,822.633 22.324185,37.491772,821.618 22.324125,37.49187,821.392 22.324101,37.491923,821.432 22.32408,37.491988,821.787 22.324069,37.492056,822.382 22.324161,37.492447,824.826 22.324158,37.49251,825.173 22.324129,37.492569,826.062 22.32405,37.492636,826.967 22.323952,37.492686,827.416 22.323889,37.492704,827.469 22.323823,37.492715,827.969 22.323756,37.492718,828.423 22.323476,37.492654,830.392 22.323382,37.492626,831.209 22.323189,37.49259,832.84 22.32309,37.492581,833.685 22.32297,37.49258,834.721 22.322732,37.492598,836.658 22.322488,37.492646,837.032 22.322365,37.492683,836.326 22.322245,37.492728,835.894 22.322131,37.49278,836.103 22.322022,37.492839,837.006 22.321376,37.493277,836.613 22.321271,37.493339,837.1 22.321174,37.493407,837.831 22.321083,37.493482,838.414 22.320996,37.493566,839.706 22.320918,37.493655,840.583 22.320692,37.493986,841.999 22.320394,37.494333,842.033 22.320346,37.49438,841.845 22.320291,37.494422,841.315 22.320231,37.494459,842.228 22.320096,37.494516,845.372 22.319838,37.494581,848.473 22.319592,37.494673,848.698 22.319469,37.494732,848 22.319352,37.494797,848.397 22.319173,37.494912,847.952 22.3191,37.494949,848.075 22.318943,37.495005,848.621 22.318781,37.495036,850.165 22.318616,37.495041,851.947 22.318184,37.494997,856.678 22.317511,37.494897,869.285 22.316819,37.494814,875.633 22.314594,37.494881,890.374 22.314549,37.494852,890.135 22.314491,37.494816,889.786 22.314228,37.49476,889.06 22.314065,37.494708,887.953 22.313958,37.494608,887.158 22.31381,37.494496,885.342 22.313721,37.494458,883.9 22.313644,37.494411,882.684 22.313525,37.494326,880.831 22.313473,37.494247,880.434 22.313451,37.494197,880.459 22.313448,37.494162,880.702 22.313499,37.493994,883.25 22.313499,37.493921,884.039 22.313466,37.493839,884.715 22.313288,37.49371,883.76 22.313181,37.493636,882.9 22.312808,37.49349,880.079 22.312545,37.493401,877.861 22.312381,37.493653,868.939 22.310706,37.494698,869.772 22.310407,37.496313,850.378 22.313473,37.501142,826.731 22.312704,37.501728,822.586 22.310516,37.506652,814.715 22.307853,37.510029,807.848 22.304872,37.512082,800.193 22.304103,37.513184,797.25 22.304102,37.51318,797.239 22.303823,37.513217,796.419 22.303544,37.513279,796.437 22.303114,37.513385,797.643 22.302549,37.513505,795.94 22.301739,37.513712,795.471 22.301558,37.513727,795.355 22.301209,37.513658,794.352 22.301043,37.513644,793.971 22.300863,37.513642,793.901 22.300483,37.513727,793.844 22.299382,37.514006,791.803 22.298977,37.514153,792.698 22.298746,37.514183,792.941 22.298491,37.514174,792.974 22.298136,37.514108,792.44 22.297458,37.513968,791.285 22.297112,37.513924,791.126 22.296656,37.513905,790.13 22.29628,37.513898,792.738 22.295555,37.513906,796.875 22.294949,37.513856,794.215 22.294596,37.513858,794.566 22.293212,37.513909,790.972 22.29256,37.513899,789.956 22.291751,37.513837,789.424 22.291206,37.513934,788.457 22.290514,37.513934,787.412 22.289787,37.513887,787.774 22.289449,37.513907,787.871 22.288521,37.514115,786.312 22.288234,37.514149,785.751 22.287711,37.51419,784.252 22.286933,37.514147,785.741 22.286472,37.514131,786.242 22.286392,37.51414,786.141 22.2863,37.514181,784.742 22.286184,37.514262,783.284 22.286102,37.514307,782.393 22.285469,37.514581,776.694 22.285415,37.514595,776.451 22.285352,37.514598,776.19 22.284792,37.514542,774.549 22.284588,37.514506,774.557 22.284427,37.514459,774.895 22.284228,37.514363,775.88 22.283523,37.514661,774.317 22.280609,37.514138,775.615 22.278962,37.513267,774.498 22.277206,37.513426,783.844 22.275953,37.512834,779.619 22.272315,37.512342,777.011 22.271546,37.511659,775.407 22.271418,37.510683,769.354 22.268917,37.51005,768.882 22.26755,37.510644,774.315 22.265655,37.510567,764.399 22.264426,37.512303,776.872 22.263231,37.512679,785.802 22.263015,37.513281,792.717 22.263471,37.514386,811.278 22.264649,37.5157,819.513 22.264498,37.518008,852.669 22.263935,37.519019,838.418 22.264748,37.519265,833.979 22.265376,37.520424,830.617 22.267131,37.520772,839.317 22.267764,37.522464,847.782 22.267198,37.524963,820.891 22.267901,37.526136,810.824 22.264308,37.528439,815.228 22.265957,37.531991,818.851 22.267978,37.532526,834.762 22.268928,37.532088,838.582 22.269676,37.530905,824.44 22.270771,37.530612,815.834 22.271854,37.531036,818.967 22.272605,37.532241,810.202 22.27384,37.53306,807.352 22.27455,37.534428,806.322 22.274279,37.535399,812.064 22.274658,37.53649,808.609 22.274547,37.537073,809.802 22.273604,37.537388,816.307 22.274091,37.538427,805.882 22.273592,37.538677,809.358 22.274686,37.538958,807.754 22.275535,37.540183,808.735 22.274441,37.542117,817.28 22.273461,37.542359,830.632 22.272256,37.543701,867.56 22.268964,37.544559,832.399 22.267996,37.543856,843.441 22.267505,37.544908,855.922 22.266276,37.545248,860.676 22.268115,37.547446,826.308 22.26713,37.548139,841.328 22.266049,37.548048,851.849 22.265711,37.549016,836.779 22.262635,37.550178,853.824 22.260518,37.549124,861.608 22.261205,37.544634,892.205 22.260961,37.543663,897.925 22.260339,37.543363,900.336 22.256401,37.543104,918.199 22.254036,37.544161,909.82 22.251987,37.543837,927.258 22.249534,37.545842,934.749 22.247184,37.546075,950.102 22.244784,37.543075,975.392 22.245219,37.541972,975.062 22.244932,37.541443,978.173 22.242436,37.540656,994.93 22.23989,37.537388,980.73 22.234427,37.537235,990.06 22.232148,37.532969,984.321 22.230318,37.533923,990.592 22.228832,37.533992,989.462 22.226899,37.535187,983.164 22.22616,37.534989,988.4 22.222412,37.536413,982.203 22.218536,37.539739,992.569 22.217602,37.543011,998.797 22.21612,37.545005,1022.742 22.216331,37.54678,1051.75 22.217891,37.547035,1054.154 22.218117,37.547757,1063.758 22.214059,37.547565,1092.555 22.213618,37.546867,1091.689 22.212003,37.546068,1096.611 22.211997,37.546077,1096.645 22.211954,37.546066,1096.937 22.21157,37.545968,1095.998 22.211479,37.546025,1095.168 22.21138,37.546119,1093.992 22.211335,37.546156,1093.904 22.211223,37.546197,1093.239 22.211132,37.546218,1092.564 22.211085,37.546235,1092.216 22.211044,37.54627,1091.951 22.210938,37.546457,1092.172 22.210863,37.546558,1093.234 22.210783,37.546607,1093.603 22.210728,37.546631,1093.648 22.210611,37.546644,1093.057 22.210529,37.546639,1092.583 22.210321,37.54659,1091.43 22.210128,37.546549,1090.458 22.209892,37.546515,1089.724 22.209598,37.546488,1089.46 22.209401,37.54647,1089.538 22.209182,37.546431,1089.301 22.209042,37.546394,1089.944 22.208768,37.546234,1090.395 22.208645,37.546182,1091.043 22.208542,37.546165,1091.862 22.208374,37.546131,1092.929 22.208103,37.546055,1091.684 22.208034,37.546025,1091.086 22.207879,37.545925,1088.77 22.207752,37.545828,1086.794 22.207626,37.545753,1084.876 22.207492,37.545728,1084.046 22.207394,37.545741,1083.575 22.207371,37.545745,1083.481 22.207248,37.545792,1083.442 22.207108,37.545911,1083.638 22.20699,37.546028,1083.574 22.206872,37.546128,1084.041 22.206753,37.546198,1085.652 22.206459,37.5463,1088.561 22.206234,37.546353,1088.007 22.206094,37.546415,1087.25 22.205952,37.546525,1086.795 22.205791,37.546693,1086.749 22.2057,37.54684,1088.488 22.205556,37.547157,1094.899 22.205523,37.54724,1096.314 22.205487,37.547306,1096.44 22.205445,37.547382,1096.411 22.205397,37.547497,1096.669 22.20535,37.547699,1096.852 22.205331,37.547903,1099.387 22.205325,37.548057,1102.408 22.205307,37.548151,1103.39 22.205271,37.548232,1103.696 22.205224,37.548281,1104.022 22.205074,37.548351,1103.714 22.204926,37.548394,1105.052 22.204789,37.548411,1107.02 22.204638,37.548407,1108.153 22.204426,37.548377,1108.228 22.203997,37.548276,1110.069 22.203814,37.548244,1110.628 22.203686,37.548236,1111.636 22.203232,37.54827,1115.108 22.203025,37.54831,1114.737 22.202917,37.548344,1115.137 22.202817,37.548411,1117.937 22.202703,37.548501,1122.658 22.202599,37.548561,1126.114 22.202452,37.548595,1128.082 22.202318,37.548601,1128.441 22.202022,37.548573,1127.14 22.201666,37.54853,1126.088 22.20145,37.548511,1127.954 22.201342,37.548514,1128.636 22.201169,37.548553,1129.698 22.201018,37.54863,1131.027 22.200641,37.548882,1136.216 22.200497,37.548948,1138.067 22.199967,37.549108,1139.407 22.199524,37.549252,1139.326 22.199265,37.549348,1138.297 22.199156,37.5494,1137.906 22.199059,37.549482,1139.798 22.198669,37.549927,1147.763 22.198512,37.550168,1151.865 22.19838,37.550395,1154.537 22.19818,37.550785,1154.692 22.198043,37.5511,1155.572 22.197926,37.55135,1157.96 22.197864,37.551467,1157.89 22.197788,37.551561,1155.991 22.19769,37.551629,1154.874 22.197559,37.551684,1153.815 22.197337,37.551751,1153.251 22.196854,37.551891,1156.475 22.196735,37.551912,1158.313 22.196588,37.551919,1160.801 22.196422,37.551896,1163.337 22.196285,37.551832,1165.563 22.196029,37.551589,1167.293 22.195911,37.551468,1168.072 22.195778,37.551318,1169.461 22.195633,37.551137,1170.771 22.195502,37.550925,1170.972 22.195353,37.550756,1171.583 22.195149,37.550631,1174.69 22.194972,37.550556,1179.023 22.194741,37.550484,1184.731 22.194603,37.550399,1186.118 22.194367,37.550116,1181.128 22.194272,37.550053,1181.254 22.194154,37.550035,1183.266 22.194025,37.550051,1183.93 22.193894,37.550111,1186.388 22.193727,37.550239,1188.632 22.193605,37.550356,1191.538 22.193489,37.550486,1194.888 22.193401,37.550618,1197.164 22.193338,37.550752,1198.385 22.193316,37.550879,1200.026 22.193351,37.551518,1206.606 22.193403,37.551744,1208.883 22.193389,37.551892,1209.75 22.19331,37.552105,1213.085 22.193218,37.552404,1220.398 22.193125,37.552565,1223.079 22.19282,37.552931,1221.503 22.192759,37.553056,1220.464 22.192767,37.553224,1222.462 22.192818,37.553486,1227.611 22.192848,37.553748,1231.649 22.192823,37.554199,1229.664 22.192831,37.554369,1230.375 22.192894,37.554572,1232.254 22.193104,37.555133,1239.011 22.193204,37.555543,1245.684 22.193225,37.555762,1247.14 22.193214,37.555963,1248.883 22.19319,37.556089,1250.172 22.193177,37.556101,1250.182 22.193154,37.556087,1249.747 22.192003,37.556193,1250.254 22.190459,37.557143,1272.41 22.189108,37.559061,1299.718 22.185593,37.559771,1312.714 22.183669,37.558404,1313.445 22.182886,37.558894,1299.53 22.18055,37.558813,1296.326 22.178815,37.560205,1291.751 22.174045,37.559989,1275.366 22.172673,37.560357,1273.803 22.173917,37.562575,1301.688 22.173992,37.564106,1319.512 22.173479,37.565398,1331.853 22.171269,37.566575,1341.802 22.169306,37.568461,1331.335 22.166579,37.569611,1325.864 22.166012,37.570989,1307.724 22.166665,37.571417,1298.799 22.167715,37.570729,1305.748 22.168141,37.571808,1288.155 22.169059,37.572218,1285.904 22.166843,37.572087,1278.129 22.164169,37.573936,1264.66 22.163423,37.575778,1260.812 22.163306,37.57857,1257.59 22.16402,37.580108,1246.672 22.165522,37.581588,1232.427 22.162752,37.584392,1232.252 22.162723,37.58559,1241.093 22.160691,37.586324,1229.845 22.159953,37.593733,1226.352 22.160722,37.596165,1212.591 22.159669,37.599379,1207.852 22.160824,37.600694,1192.673 22.160337,37.601772,1197.289 22.160447,37.604068,1202.127 22.159279,37.606884,1188.215 22.158406,37.607972,1179.295 22.156491,37.609023,1166.664 22.155216,37.611039,1151.955 22.15588,37.615326,1124.172 22.155862,37.615324,1124.312 22.155842,37.615475,1122.83 22.155817,37.615542,1122.62 22.155765,37.615682,1122.946 22.155645,37.615892,1124.746 22.155237,37.616413,1130.79 22.155068,37.616578,1131.354 22.154932,37.616699,1131.084 22.154787,37.616808,1133.827 22.154571,37.616949,1138.367 22.154387,37.617017,1143.908 22.154182,37.617051,1148.02 22.153453,37.617134,1157.434 22.15312,37.617194,1162.72 22.152784,37.617272,1168.02 22.152068,37.617501,1170.578 22.151243,37.617787,1179.281 22.150913,37.617922,1181.634 22.150668,37.618036,1178.456 22.149965,37.618413,1177.85 22.149671,37.618586,1185.556 22.149476,37.618727,1189.541 22.149355,37.618793,1189.528 22.149241,37.618834,1187.888 22.148926,37.618864,1181.819 22.148763,37.618894,1180.224 22.148635,37.618937,1180.241 22.148527,37.618998,1181.671 22.148222,37.619264,1187.655 22.148048,37.619384,1191.223 22.147806,37.619516,1192.827 22.147612,37.619598,1192.793 22.147467,37.619634,1192.293 22.147085,37.61968,1191.133 22.146913,37.619708,1189.785 22.146747,37.619756,1188.319 22.146498,37.619817,1186.769 22.146219,37.619857,1187.004 22.14593,37.619867,1187.324 22.145296,37.619877,1184.35 22.144842,37.619894,1185.75 22.144486,37.619932,1186.392 22.144182,37.619956,1184.214 22.14393,37.619988,1183.421 22.143835,37.620031,1183.089 22.143626,37.620212,1184.19 22.143566,37.620293,1185.285 22.143547,37.620351,1186.845 22.14357,37.620423,1187.87 22.143646,37.620469,1187.463 22.143731,37.620487,1186.255 22.144683,37.620462,1178.653 22.144849,37.620481,1177.925 22.14502,37.620516,1176.59 22.145137,37.620572,1175.265 22.145598,37.620866,1169.958 22.145735,37.620993,1169.247 22.146061,37.621425,1167.529 22.146186,37.621543,1167.637 22.146338,37.621714,1166.812 22.146418,37.621853,1167.227 22.146472,37.621984,1167.689 22.146597,37.622391,1167.309 22.146668,37.622562,1165.974 22.14675,37.622687,1164.096 22.146866,37.62284,1161.391 22.146963,37.623025,1159.511 22.147046,37.623252,1158.635 22.147113,37.623491,1154.297 22.147115,37.62365,1151.894 22.147084,37.623765,1150.162 22.146906,37.6241,1148.55 22.146773,37.624431,1151.067 22.146642,37.624662,1154.613 22.146493,37.624867,1161.359 22.14633,37.625021,1166.089 22.146174,37.625154,1167.675 22.14611,37.625223,1167.798 22.146058,37.625321,1167.101 22.146066,37.625402,1166.503 22.146164,37.625717,1166.944 22.146171,37.625825,1168.449 22.146147,37.625936,1170.268 22.146025,37.626155,1174.246 22.146001,37.626218,1174.959 22.145998,37.626294,1175.538 22.146012,37.626368,1175.92 22.146039,37.62642,1176.343 22.14613,37.626505,1176.593 22.146169,37.626519,1176.652 22.146218,37.626519,1176.464 22.146274,37.626498,1175.859 22.146312,37.626459,1174.928 22.146435,37.626266,1173.314 22.146537,37.626156,1174.381 22.146641,37.626064,1174.475 22.147016,37.625764,1173.019 22.147082,37.625732,1172.342 22.147137,37.625719,1172.27 22.14718,37.625716,1172.472 22.147223,37.625721,1172.951 22.14727,37.625738,1173.229 22.147238,37.625869,1177.864 22.147221,37.626096,1184.548 22.147237,37.62617,1185.987 22.14728,37.626251,1187.416 22.147347,37.626337,1189.263 22.147433,37.626425,1191.247 22.147599,37.626521,1191.985 22.147708,37.626557,1191.785 22.147808,37.626598,1192.216 22.147838,37.626636,1193.179 22.147921,37.626705,1195.179 22.148009,37.626691,1194.832 22.148073,37.626668,1194.174 22.148129,37.626658,1194.24 22.14825,37.626688,1196.168 22.1484,37.626683,1196.828 22.148555,37.626712,1198.43 22.148636,37.626667,1196.923 22.148706,37.626613,1194.792 22.148754,37.62659,1193.868 22.1488,37.626579,1193.379 22.148864,37.626586,1193.45 22.149072,37.626651,1193.552 22.149189,37.626671,1192.801 22.149374,37.626689,1190.313 22.14952,37.626685,1187.716 22.149618,37.626674,1185.795 22.149752,37.626635,1182.856 22.149822,37.626625,1181.765 22.149881,37.626627,1181.122 22.149942,37.62665,1181.111 22.150007,37.626693,1181.828 22.150114,37.626809,1185.201 22.150176,37.62686,1186.63 22.15024,37.62689,1187.372 22.150321,37.626903,1187.478 22.150401,37.626899,1187.011 22.150516,37.626882,1185.926 22.150877,37.626807,1182.4 22.150994,37.626797,1181.583 22.151147,37.626802,1181.23 22.151725,37.626855,1179.76 22.152007,37.62685,1176.618 22.152148,37.626874,1177.038 22.152678,37.627013,1171.982 22.152857,37.627052,1170.191 22.153025,37.627076,1169.534 22.153148,37.627076,1168.439 22.153557,37.627021,1164.539 22.153743,37.626995,1163.047 22.153875,37.626967,1161.583 22.153999,37.626928,1160.272 22.154177,37.626836,1158.048 22.154344,37.626736,1156.248 22.15447,37.626679,1155.318 22.154656,37.626624,1155.147 22.15509,37.626523,1153.596 22.155649,37.626428,1148.93 22.155806,37.626421,1147.942 22.155904,37.626446,1147.16 22.155968,37.626488,1146.694 22.155997,37.626554,1147.053 22.155991,37.626651,1148.657 22.155955,37.626762,1150.186 22.155852,37.626972,1155.225 22.155775,37.627103,1153.993 22.155558,37.627537,1154.247 22.155266,37.628146,1149.424 22.155232,37.628276,1150.648 22.155233,37.628395,1152.245 22.155277,37.628527,1154.598 22.155341,37.628671,1154.356 22.155458,37.628879,1152.67 22.155595,37.62909,1149.298 22.155816,37.629452,1138.568 22.156116,37.629989,1128.597 22.156391,37.630542,1131.191 22.156655,37.630958,1128.191 22.156811,37.631218,1123.356 22.1569,37.6314,1122.739 22.156957,37.631573,1121.868 22.156995,37.631718,1121.245 22.157026,37.631864,1120.638 22.157045,37.632087,1124.697 22.15708,37.632238,1126.747 22.157149,37.632427,1126.891 22.157227,37.632542,1123.608 22.15736,37.632701,1119.849 22.157612,37.632885,1111.752 22.157865,37.633058,1105.592 22.15817,37.633291,1101.897 22.158489,37.633522,1094.411 22.158606,37.633643,1089.362 22.158657,37.63375,1087.765 22.158666,37.633831,1087.774 22.15867,37.633936,1088.327 22.158629,37.634099,1091.015 22.158556,37.634245,1093.98 22.158492,37.634312,1095.918 22.158353,37.634414,1099.419 22.158577,37.634362,1094.76 22.158577,37.634361,1094.75 22.159103,37.633068,1068.958 22.158527,37.631728,1066.382 22.158443,37.629183,1054.887 22.158917,37.629218,1052.1 22.160985,37.632499,1056.107 22.160696,37.634069,1043.069 22.162076,37.636226,1032.789 22.163956,37.642659,1009.448 22.163955,37.642658,1009.443 22.163957,37.642663,1009.448 22.163989,37.642719,1009.513 22.164059,37.64276,1009.691 22.16437,37.642893,1011.383 22.16473,37.642994,1011.755 22.16504,37.643111,1014.346 22.16525,37.643204,1015.257 22.165393,37.643295,1014.528 22.165666,37.643551,1015.353 22.165727,37.64362,1015.661 22.165921,37.643913,1017.777 22.165956,37.644011,1018.568 22.165946,37.644088,1018.954 22.16631,37.644279,1024.017 22.166656,37.64448,1029.156 22.166935,37.644551,1031.924 22.167128,37.644551,1034.39 22.167514,37.644653,1037.262 22.167664,37.644701,1037.122 22.1679,37.644942,1034.721 22.168029,37.645092,1031.236 22.168201,37.645313,1025.126 22.168519,37.645636,1017.695 22.168653,37.645693,1017.638 22.168779,37.645815,1015.764 22.168951,37.646014,1012.69 22.169219,37.646333,1008.772 22.16938,37.646546,1006.738 22.169498,37.646728,1004.653 22.16981,37.64714,1000.522 22.169954,37.647301,999.273 22.170078,37.647382,999.205 22.170271,37.647454,1000.078 22.170399,37.647523,998.69 22.170561,37.647551,997.859 22.170759,37.647603,995.31 22.170898,37.647663,993.11 22.171022,37.647701,991.488 22.171279,37.647866,988.047 22.171432,37.648025,986.536 22.171403,37.648076,985.973 22.171387,37.648147,985.678 22.171403,37.64844,985.364 22.171395,37.648518,985.65 22.171362,37.648598,986.335 22.171016,37.649029,989.511 22.170954,37.649082,989.39 22.17086,37.649121,989.598 22.170211,37.649267,990.264 22.17005,37.649335,988.475 22.169942,37.649413,985.995 22.16987,37.649505,983.91 22.169766,37.649795,979.738 22.169722,37.649869,979.473 22.169556,37.650066,979.912 22.169521,37.650127,979.786 22.169443,37.650335,979.004 22.169539,37.65033,979 22.169813,37.650316,979.09 22.169934,37.650315,979.204 22.170067,37.650329,979.654 22.170188,37.650381,980.671 22.170461,37.650263,981.909 22.170638,37.650212,982.979 22.171078,37.650109,983.796 22.171354,37.650063,984.207 22.172622,37.649779,991.628 22.172786,37.649748,991.775 22.17317,37.649704,992.881 22.173289,37.649696,993.97 22.173709,37.649685,996.109 22.174336,37.649721,997.583 22.174666,37.649752,999.57 22.175399,37.649839,1002.363 22.175615,37.64987,1003.898 22.175793,37.649903,1006.771 22.175941,37.649937,1008.661 22.176065,37.649981,1010.344 22.176192,37.650033,1011.54 22.176287,37.650081,1012.408 22.176378,37.65014,1013.567 22.176491,37.650232,1014.865 22.176571,37.650326,1015.961 22.176864,37.650608,1016.725 22.177079,37.650791,1016.016 22.177159,37.650849,1015.952 22.177249,37.650908,1016.229 22.177341,37.650958,1016.965 22.17744,37.651005,1017.976 22.177551,37.651048,1019.266 22.177759,37.651111,1020.998 22.177979,37.651154,1021.548 22.178167,37.651181,1022.156 22.178535,37.651219,1022.883 22.178723,37.651227,1023.002 22.179097,37.65122,1023.925 22.179289,37.651204,1025.03 22.179457,37.65118,1026.372 22.17974,37.651119,1029.126 22.179841,37.651087,1029.942 22.18,37.651026,1031.306 22.180189,37.650932,1030.964 22.180775,37.650571,1029.375 22.180933,37.650497,1027.855 22.181093,37.650443,1026.273 22.181183,37.650425,1026.091 22.181405,37.650404,1025.76 22.181491,37.650408,1025.851 22.181732,37.650467,1025.308 22.181876,37.650518,1025.217 22.181989,37.650567,1025.156 22.18213,37.650646,1025.034 22.182391,37.650778,1025.133 22.182691,37.650921,1024.994 22.183024,37.651069,1022.624 22.183137,37.651103,1021.522 22.183261,37.65113,1020.367 22.183494,37.651157,1018.513 22.183774,37.65116,1015.992 22.184158,37.651145,1011.853 22.184369,37.651145,1010.299 22.18453,37.651154,1009.336 22.184736,37.651177,1008.239 22.184884,37.651201,1007.447 22.185368,37.651298,1005.85 22.185785,37.651388,1008.656 22.185964,37.651434,1009.076 22.186215,37.65151,1009.973 22.186364,37.651604,1011.39 22.186455,37.651675,1012.975 22.186873,37.652001,1018.025 22.187135,37.65222,1020.066 22.187638,37.652639,1019.999 22.187838,37.652813,1018.963 22.187906,37.652897,1018.603 22.18797,37.652976,1018.265 22.188043,37.653092,1017.824 22.188181,37.653392,1018.259 22.18826,37.653612,1018.482 22.188329,37.653962,1021.973 22.188335,37.654118,1022.001 22.188328,37.654225,1021.355 22.188301,37.654413,1019.326 22.18827,37.65457,1018.445 22.188212,37.654772,1017.821 22.188063,37.655194,1019.717 22.188009,37.655231,1019.803 22.187904,37.655275,1019.985 22.187701,37.655347,1020.249 22.187636,37.655371,1020.336 22.187423,37.655465,1020.397 22.187161,37.65572,1020.964 22.186487,37.656344,1020.003 22.186209,37.656658,1019.015 22.186175,37.656639,1018.567 22.184044,37.659824,1009.013 22.184044,37.659822,1009.001 22.184077,37.659844,1009.058 22.183977,37.660103,1010.118 22.183827,37.6607,1011.701 22.1838,37.660865,1012.36 22.183798,37.661222,1011.678 22.183883,37.661821,1009.012 22.183941,37.662509,1010.622 22.183953,37.662789,1012.462 22.183962,37.663031,1012.526 22.18395,37.663255,1013.876 22.183915,37.663549,1015.887 22.183498,37.664958,1014.919 22.183242,37.665807,1016.739 22.183192,37.666317,1019.645 22.183212,37.666719,1020.915 22.183182,37.667123,1023.017 22.183107,37.667782,1026.627 22.18305,37.667956,1027.04 22.182794,37.668322,1027.868 22.182587,37.668685,1027.961 22.182544,37.668799,1028.063 22.182513,37.668856,1028.061 22.182338,37.669336,1029.219 22.182309,37.669442,1029.982 22.182303,37.66948,1030.347 22.182306,37.669618,1031.686 22.182337,37.669785,1032.68 22.182362,37.669846,1032.721 22.182442,37.670046,1032.869 22.182552,37.670272,1032.204 22.182419,37.670321,1032.603 22.182284,37.67038,1033.514 22.182193,37.670437,1034.357 22.182173,37.670456,1034.638 22.182165,37.670474,1034.825 22.182158,37.670494,1035.019 22.182171,37.670573,1035.557 22.182166,37.670594,1035.82 22.18211,37.670633,1036.644 22.182054,37.67065,1037.231 22.181903,37.670709,1038.873 22.181637,37.670855,1041.086 22.181463,37.670946,1041.703 22.181258,37.671058,1041.093 22.181095,37.671113,1038.676 22.181124,37.671176,1038.039 22.181104,37.671184,1037.56 22.181761,37.671663,1041.701 22.182487,37.671965,1029.923 22.182489,37.671957,1030.042 22.182516,37.671964,1029.339 22.18259,37.671967,1028.164 22.182634,37.671963,1027.605 22.182691,37.671948,1027.155 22.182808,37.671907,1026.348 22.182892,37.671865,1026.196 22.182928,37.671857,1025.952 22.18297,37.671856,1025.516 22.183105,37.671875,1023.672 22.183209,37.671901,1022.038 22.183236,37.671902,1021.716 22.183266,37.671895,1021.482 22.183303,37.671869,1021.444 22.183534,37.671668,1021.814 22.183591,37.671741,1020.147 22.183622,37.67192,1017.231 22.18377,37.672169,1012.05 22.183762,37.672201,1011.676 22.18374,37.672236,1011.238 22.183643,37.67235,1009.383 22.183639,37.672361,1009.151 22.183647,37.672376,1008.666 22.183671,37.67238,1008.255 22.183777,37.672319,1008.562 22.183927,37.672273,1007.902 22.184032,37.672256,1006.576 22.184327,37.672242,1002.882 22.184678,37.672121,1001.834 22.184769,37.672083,1001.92 22.184817,37.672055,1002.203 22.184895,37.672007,1002.617 22.185077,37.671989,1002.331 22.185078,37.671995,1002.275 22.185077,37.671989,1002.331 22.185118,37.671986,1002.254 22.18526,37.672009,1001.802 22.185346,37.67205,1002.018 22.185425,37.672128,1002.049 22.185495,37.672287,1001.082 22.185541,37.672354,1000.524 22.185613,37.672432,1000.148 22.185713,37.672485,1000.296 22.185792,37.67255,1000.342 22.185839,37.67264,1000.053 22.185857,37.672795,999.403 22.185876,37.672846,999.86 22.185913,37.672883,1000.526 22.186144,37.673056,1004.475 22.186188,37.673105,1005.236 22.186211,37.673161,1005.681 22.186205,37.673233,1005.775 22.186117,37.673442,1005.838 22.186073,37.673683,1007.279 22.186055,37.67416,1008.798 22.186043,37.674216,1008.889 22.185977,37.674381,1008.916 22.185969,37.674442,1008.973 22.185978,37.674588,1009.558 22.185967,37.67468,1009.81 22.185939,37.67477,1009.867 22.185815,37.674996,1009.921 22.185722,37.675131,1010.542 22.185668,37.675248,1011.19 22.185639,37.675418,1013.471 22.185691,37.675878,1022.919 22.185687,37.675945,1024.326 22.185671,37.676009,1025.564 22.185676,37.676013,1025.701 22.185201,37.676241,1024.333 22.184754,37.676774,1026.73 22.184751,37.677339,1035.408 22.18443,37.677842,1038.538 22.184014,37.67806,1036.358 22.183822,37.678854,1035.488 22.184566,37.680294,1025.099 22.185335,37.680957,1016.257 22.185728,37.681496,1008.068 22.186165,37.681673,1007.644 22.186417,37.682068,1004.068 22.186052,37.682647,993.732 22.186025,37.683687,980.848 22.185198,37.684536,975.035 22.18497,37.685403,968.523 22.185345,37.687498,945.518 22.18512,37.689399,925.071 22.185144,37.689386,925.109 22.185191,37.689447,924.984 22.185284,37.689495,924.61 22.185369,37.689513,924.097 22.18551,37.689516,923.433 22.185626,37.689533,922.617 22.185722,37.689567,921.742 22.18584,37.689654,920.491 22.185967,37.689815,919.505 22.186115,37.689971,918.209 22.186226,37.690069,918 22.186407,37.689989,918.207 22.18652,37.689951,919.214 22.18671,37.690018,920.237 22.1868,37.690059,920.646 22.186953,37.690143,921.032 22.187025,37.69019,921.212 22.18709,37.690243,921.298 22.187149,37.6903,921.494 22.187736,37.691046,928.297 22.187906,37.69127,931.86 22.187948,37.691359,933.462 22.187959,37.691413,934.434 22.188392,37.691387,934.191 22.188539,37.691387,934.72 22.188654,37.691394,934.744 22.188789,37.691419,933.975 22.18886,37.691455,933.709 22.189041,37.691345,931.675 22.189449,37.691158,929.997 22.18984,37.69105,929.543 22.190154,37.690977,929.75 22.190816,37.690846,931.952 22.190983,37.690793,932.223 22.191211,37.690685,933.595 22.192458,37.690273,940.398 22.192702,37.690146,944.291 22.193008,37.689935,947.693 22.193319,37.689753,947.386 22.193555,37.689585,946.012 22.193775,37.689486,946.391 22.193968,37.68942,947.942 22.194362,37.689307,952.96 22.194777,37.689148,956.21 22.194893,37.689144,956.665 22.194936,37.689157,956.796 22.19496,37.689191,956.856 22.195121,37.689496,957.331 22.195251,37.689716,957.809 22.195558,37.689581,960.518 22.195607,37.689539,960.896 22.195746,37.689386,962.057 22.195866,37.689401,963.118 22.195935,37.689384,963.366 22.196145,37.689286,964.122 22.196277,37.689297,964.597 22.196379,37.689293,964.964 22.196433,37.689237,965.358 22.196472,37.689125,965.854 22.196519,37.689025,966.718 22.196595,37.688972,967.366 22.196921,37.688872,970.752 22.197409,37.688732,977.417 22.197549,37.688685,979.191 22.197645,37.688635,980.215 22.197691,37.688638,980.877 22.197695,37.688619,980.845 22.198092,37.688702,984.415 22.198825,37.689342,991.364 22.199188,37.689464,995.096 22.200937,37.690674,1003.681 22.202473,37.691092,1015.818 22.202796,37.691301,1024.334 22.203257,37.692218,1031.282 22.203439,37.693044,1036.799 22.203864,37.693655,1044.89 22.204217,37.693999,1047.539 22.205126,37.694274,1061.871 22.204412,37.695117,1058.897 22.204671,37.695596,1075.357 22.204052,37.696241,1068.944 22.203689,37.696999,1076.139 22.204016,37.697748,1084.947 22.204598,37.698157,1101.514 22.205325,37.698415,1118.724 22.206666,37.698324,1150.051 22.207369,37.698851,1167.034 22.207995,37.699034,1173.519 22.20805,37.699168,1172.95 22.208111,37.699153,1173.517 22.208229,37.699195,1174.045 22.208598,37.699436,1174.995 22.208787,37.699534,1174.796 22.208916,37.699573,1174.394 22.20905,37.69956,1173.763 22.209179,37.699471,1173.716 22.209388,37.699242,1175.174 22.209511,37.699166,1175.775 22.209635,37.699153,1175.609 22.209817,37.699198,1173.412 22.210048,37.699331,1168.453 22.210198,37.699361,1166.149 22.21038,37.69928,1164.393 22.210643,37.699021,1163.247 22.210895,37.698729,1167.387 22.211148,37.698538,1167.932 22.211335,37.69847,1165.805 22.211534,37.698468,1165.599 22.21159,37.6985,1165.179 22.211581,37.698512,1164.921 22.213049,37.700716,1166.072 22.215529,37.70588,1178.334 22.215842,37.706246,1177.681 22.216583,37.706608,1189.648 22.217547,37.707744,1187.854 22.218166,37.70806,1200.964 22.219516,37.70959,1204.554 22.219795,37.709581,1206.521 22.219434,37.708519,1213.246 22.220111,37.708178,1217.974 22.220401,37.70711,1226.83 22.220415,37.706404,1239.776 22.220789,37.705778,1236.149 22.22072,37.705517,1238.542 22.220233,37.705044,1254.515 22.220817,37.704479,1250.994 22.220787,37.704467,1251.518 22.220801,37.704445,1251.462 22.220801,37.704343,1252.434 22.220718,37.704203,1254.186 22.22057,37.704035,1256.869 22.220526,37.704,1257.826 22.220693,37.703926,1258.399 22.221412,37.703818,1265.906 22.221735,37.703933,1266.221 22.221996,37.704084,1267.999 22.222328,37.704291,1267.678 22.222636,37.704365,1270.003 22.223103,37.704487,1274.151 22.223547,37.704642,1274.743 22.223859,37.704602,1281.237 22.224261,37.704609,1288.065 22.22463,37.704679,1289.85 22.224849,37.704779,1290.496 22.225041,37.704934,1290.704 22.225396,37.705052,1297.05 22.225774,37.70523,1299.616 22.226274,37.705499,1305.385 22.226591,37.705743,1309.018 22.226951,37.706039,1308.083 22.227395,37.70632,1312.175 22.227778,37.706516,1314.138 22.228245,37.706552,1316.032 22.228707,37.706538,1320.293 22.229221,37.706493,1327.468 22.229794,37.706385,1338.985 22.230212,37.706373,1343.472 22.230829,37.706305,1345.143 22.231201,37.706231,1346.266 22.231473,37.706165,1346.94 22.231677,37.706054,1349.164 22.231956,37.705859,1351.981 22.23216,37.70577,1349.266 22.232315,37.70574,1346.345 22.23253,37.70574,1342.271 22.232632,37.705681,1342.366 22.232841,37.705672,1341.346 22.233056,37.70563,1340.342 22.234075,37.705265,1333.718 22.234542,37.705061,1331.427 22.235019,37.704807,1324.21 22.235427,37.70462,1322.348 22.23564,37.704673,1326.317 22.235914,37.704672,1329.006 22.23603,37.704538,1325.917 22.236105,37.704325,1320.933 22.236221,37.704191,1319.161 22.236406,37.704112,1320.373 22.236475,37.704042,1320.477 22.236483,37.703891,1317.735 22.236408,37.703806,1315.727 22.236402,37.703714,1314.947 22.236569,37.703621,1316.688 22.236644,37.703213,1312.472 22.236762,37.702891,1308.924 22.236917,37.702674,1306.529 22.236998,37.702443,1302.462 22.237191,37.702242,1302.89 22.23747,37.70212,1307.891 22.237586,37.701899,1306.894 22.237689,37.701733,1306.357 22.237844,37.701604,1306.879 22.237964,37.70136,1304.97 22.238131,37.701248,1306.467 22.238122,37.700741,1304.196 22.23814,37.700314,1303.122 22.238251,37.700222,1303.709 22.238367,37.700151,1304.572 22.23838,37.699988,1303.672 22.238092,37.699536,1298.766 22.238002,37.699346,1297.067 22.237959,37.699224,1296.164 22.237989,37.699095,1295.827 22.238035,37.699065,1296.073 22.238084,37.699034,1296.196 22.238268,37.699027,1297.144 22.238346,37.699085,1297.829 22.23856,37.699531,1304.325 22.238809,37.69959,1308.422 22.239073,37.699596,1310.3 22.23938,37.699657,1311.296 22.239609,37.699579,1310.166 22.239719,37.699416,1308.793 22.239715,37.699237,1307.468 22.23944,37.699066,1303.903 22.239174,37.69895,1302.446 22.239043,37.698808,1300.786 22.239062,37.698687,1300.341 22.239167,37.698543,1299.755 22.239397,37.698499,1299.262 22.239644,37.698489,1298.805 22.239861,37.69849,1299.192 22.240026,37.698519,1300.192 22.24023,37.69848,1301.24 22.24053,37.698319,1299.85 22.240867,37.698242,1297.726 22.241099,37.698287,1298.97 22.241482,37.698485,1301.484 22.241841,37.698757,1304.194 22.241959,37.698945,1306.86 22.242124,37.699005,1308.318 22.242202,37.699098,1309.938 22.242375,37.699258,1313.046 22.242508,37.69928,1314.115 22.242637,37.699227,1314.458 22.242678,37.699142,1313.947 22.242584,37.699001,1312.672 22.242581,37.698877,1312.428 22.242609,37.69863,1312.396 22.242665,37.698502,1313.097 22.242867,37.698321,1315.137 22.24306,37.698178,1315.816 22.243092,37.698056,1314.269 22.243279,37.698028,1315.251 22.243528,37.698073,1317.885 22.243826,37.698066,1319.074 22.243998,37.698083,1320.46 22.244096,37.698139,1322.222 22.244161,37.698217,1323.901 22.244244,37.698375,1327.543 22.244296,37.698416,1328.746 22.244416,37.698395,1329.604 22.244566,37.698234,1331.147 22.244697,37.698079,1333.45 22.244784,37.697954,1335.11 22.245251,37.698076,1343.578 22.245154,37.698288,1341.735 22.245788,37.698298,1346.232 22.246239,37.698366,1349.74 22.247296,37.698944,1349.563 22.247277,37.700156,1332.396 22.247762,37.700168,1326.052 22.248372,37.702457,1314.551 22.247497,37.703946,1294.914 22.24759,37.704167,1297.592 22.247311,37.704506,1291.847 22.247013,37.705154,1279.064 22.247217,37.705582,1271.801 22.247236,37.706186,1244.411 22.246988,37.70623,1240.322 22.247653,37.706536,1234.479 22.247825,37.707605,1208.483 22.247997,37.707894,1202.592 22.24804,37.708386,1183.382 22.247804,37.708471,1176.554 22.247911,37.708776,1170.413 22.248705,37.709031,1171.545 22.249198,37.708946,1177.256 22.250443,37.709252,1145.968 22.249585,37.709506,1145.049 22.249499,37.709354,1155.074 22.248576,37.709421,1153.991 22.248748,37.70954,1148.363 22.248469,37.70971,1142.017 22.248555,37.71044,1116.146 22.248855,37.710084,1121.198 22.248941,37.710253,1113.026 22.24907,37.710067,1117.592 22.24922,37.71027,1107.731 22.249499,37.710253,1105.409 22.24937,37.710406,1101.221 22.249434,37.710729,1084.414 22.249198,37.711085,1076.441 22.24937,37.711272,1059.654 22.24937,37.711662,1052.686 22.249542,37.711832,1041.804 22.249563,37.712189,1039.049 22.249971,37.712409,1016.424 22.249885,37.712715,1015.644 22.250443,37.712969,987.332 22.250572,37.71336,976.803 22.250915,37.713547,965.109 22.251005,37.714191,939.742 22.250925,37.714419,931.246 22.250868,37.714559,927.599 22.250754,37.714703,925.942 22.250725,37.71477,924.545 22.250598,37.715183,914.028 22.250525,37.715363,909.902 22.250439,37.715635,906.261 22.25036,37.715818,903.227 22.250245,37.716005,897.629 22.250052,37.716229,893.684 22.249793,37.716446,891.077 22.249809,37.716677,887.388 22.249849,37.717059,879.575 22.249931,37.717619,870.963 22.249965,37.717759,869.329 22.250036,37.718034,865.984 22.2501,37.718225,862.84 22.250182,37.718377,859.904 22.250266,37.71852,856.725 22.250446,37.718716,853.033 22.25041,37.718833,851.747 22.250404,37.718889,851.09 22.250395,37.718985,849.718 22.250415,37.719339,844.204 22.250469,37.719613,840.868 22.25053,37.719844,837.318 22.250589,37.720091,831.746 22.250646,37.720608,823.632 22.250646,37.720916,819.267 22.250662,37.721526,809.519 22.250663,37.721576,808.979 22.250674,37.721985,803.926 22.250691,37.722486,798.151 22.250722,37.722793,793.858 22.250784,37.72312,790.208 22.250929,37.723092,790.52 22.250784,37.72312,790.208 22.250903,37.723532,785.105 22.25096,37.723759,782.326 22.251022,37.724036,778.391 22.25105,37.724286,774.842 22.251056,37.724465,772.485 22.251123,37.724989,768.076 22.251137,37.725044,767.1 22.25124,37.72535,761.032 22.251297,37.725787,755.72 22.251322,37.726066,753.566 22.251325,37.726723,745.465 22.251344,37.72698,741.919 22.25151,37.728101,731.329 22.25153,37.728239,730.496 22.251603,37.728565,728.624 22.251648,37.728866,727.217 22.251715,37.729179,723.563 22.251816,37.729489,720.369 22.251976,37.730044,716.051 22.252063,37.730183,715.914 22.252437,37.730547,712.343 22.252563,37.730698,711.028 22.252783,37.731046,707.952 22.253059,37.731504,704.566 22.253715,37.732487,698.076 22.254117,37.73322,693.66 22.254452,37.733901,688.956 22.254567,37.734152,688.053 22.254597,37.734219,687.897 22.254647,37.734291,687.674 22.254837,37.734643,687 22.254908,37.734818,686.769 22.254978,37.735079,685.533 22.255055,37.735512,681.72 22.255246,37.735713,678.21 22.255452,37.735906,675.85 22.255865,37.736364,673.09 22.256327,37.737064,673.223 22.256775,37.737625,670.16 22.257346,37.738411,667.72 22.257681,37.738988,663.51 22.25792,37.739425,661.568 22.258084,37.739832,663.438 22.25828,37.740214,661.614 22.258623,37.74078,655.384 22.258705,37.740896,654.476 22.25879,37.740945,654.312 22.258849,37.740952,654.45 22.259028,37.740923,655.016 22.25911,37.7409,655.365 22.259174,37.740891,655.59 22.259268,37.740889,655.672 22.25937,37.740896,655.714 22.259814,37.741012,656.07 22.259968,37.741061,655.541 22.260154,37.741125,653.769 22.260444,37.741265,650.962 22.260702,37.741401,648.977 22.260848,37.741487,648.718 22.261022,37.741645,649.383 22.261711,37.742337,648.601 22.261816,37.742429,647.229 22.261888,37.742478,646.441 22.262095,37.742601,644.731 22.262224,37.742671,643.76 22.262528,37.742813,641.86 22.26278,37.742908,641.062 22.262871,37.742963,640.666 22.262956,37.74303,640.184 22.263018,37.743104,639.849 22.263239,37.743285,639.174 22.263449,37.743447,639.409 22.264022,37.743832,638.238 22.264629,37.744198,636 22.264721,37.744571,636 22.265142,37.746294,634.342 22.265324,37.747037,634.667 22.26556,37.74758,633 22.26568,37.747785,632.986 22.265808,37.747934,632.949 22.265938,37.748059,632.988 22.267283,37.749406,630.08 22.267605,37.749722,630 22.268293,37.750433,629.559 22.268757,37.750874,628.319 22.268963,37.751117,629.696 22.269287,37.751694,626.623 22.26931,37.751751,626.631 22.269331,37.751805,626.612 22.269405,37.752068,626.602 22.269491,37.75252,629.06 22.269551,37.753038,630.194 22.269593,37.753177,629.493 22.269681,37.753536,627.459 22.270718,37.753466,627.964 22.270742,37.753555,627.131 22.270765,37.753689,626.212 22.270783,37.753793,625.708 22.272892,37.753597,625.97 22.274264,37.757997,627.074 22.274939,37.760075,625.43 22.279274,37.761935,628.593 22.283831,37.763949,627 22.285889,37.764791,627 22.287783,37.765571,627.018 22.28887,37.766039,625.31 22.28848,37.767708,627.395 22.294692,37.770254,626.099 22.294211,37.770986,630.16 22.294178,37.771088,630.041 22.29413,37.771279,629.264 22.294284,37.771373,630.276 22.294331,37.771394,630.775 22.294411,37.771418,631.639 22.294977,37.77139,633.098 22.295604,37.771342,631.552 22.296652,37.771299,631.712 22.296821,37.771303,632.458 22.29693,37.771315,633.126 22.297128,37.771362,633.71 22.297173,37.771364,633.731 22.297242,37.771356,633.645 22.297453,37.771288,632.91 22.297601,37.771257,632.576 22.297844,37.771222,632.293 22.2984,37.771155,630.994 22.29856,37.771132,629.594 22.298763,37.77109,628.336 22.298844,37.771079,627.949 22.299054,37.771072,627.802 22.299551,37.771094,629.706 22.300006,37.771157,632.833 22.300461,37.771201,634.711 22.300579,37.771209,635 22.301134,37.771223,633.047 22.301299,37.771237,633.573 22.301486,37.771273,635.05 22.301787,37.771306,637.215 22.30212,37.771423,641.06 22.302219,37.771446,641.848 22.302294,37.771452,641.011 22.302414,37.771446,639.089 22.302538,37.771425,636.861 22.302644,37.771397,635.196 22.30286,37.771312,632.679 22.303254,37.771184,632.403 22.303409,37.771152,632.861 22.303588,37.771147,633.434 22.304118,37.771183,633.86 22.304332,37.771203,636.503 22.304457,37.771206,638.185 22.304509,37.771201,638.639 22.305019,37.771105,642.025 22.305305,37.771086,643.449 22.305835,37.770983,641.781 22.306137,37.770905,641.157 22.306448,37.770874,641.202 22.306603,37.77085,640.526 22.306833,37.770805,639.082 22.306939,37.770792,638.661 22.307061,37.770786,637.904 22.307368,37.770784,635.658 22.307634,37.770766,632.839 22.307973,37.770761,629.436 22.308325,37.770769,625.627 22.308443,37.770785,624.605 22.308723,37.770837,624.696 22.308934,37.770896,628.316 22.309213,37.771019,630.947 22.309349,37.771097,629.996 22.309517,37.771224,629.251 22.309565,37.771275,629.412 22.309852,37.771665,630.994 22.309993,37.771813,631.013 22.310066,37.77187,630.873 22.310527,37.772179,629.997 22.310794,37.77233,626.954 22.311093,37.772463,626.742 22.311156,37.772501,627.488 22.311222,37.772551,628.308 22.31162,37.772965,629.308 22.311733,37.773062,628.007 22.312074,37.77333,626.03 22.312191,37.773414,626.098 22.312471,37.773569,626.272 22.312959,37.773853,629.737 22.313234,37.773995,630 22.313397,37.774063,629.942 22.313483,37.774113,629.669 22.314022,37.774466,627.716 22.314317,37.774627,627.959 22.314664,37.774805,628.658 22.315044,37.774977,630.834 22.315135,37.775031,631.223 22.315245,37.775113,631.814 22.315477,37.77534,631.79 22.315545,37.775383,631.455 22.31564,37.775422,631.812 22.315832,37.77548,632.269 22.316005,37.775522,633.357 22.316183,37.775539,634.334 22.316274,37.775537,634.692 22.31636,37.77555,634.934 22.316405,37.775565,634.91 22.316465,37.7756,634.61 22.316499,37.776002,634.607 22.316534,37.776221,636.393 22.316566,37.776366,638.338 22.317031,37.777317,647.006 22.317092,37.777429,648.477 22.317229,37.777618,650.455 22.317471,37.778019,653.955 22.317631,37.7783,655.67 22.317771,37.778623,654.372 22.317859,37.7791,657.596 22.317905,37.779606,661.366 22.317897,37.779708,662.188 22.317878,37.779761,662.747 22.317841,37.779789,663.385 22.317806,37.779792,663.87 22.317764,37.77978,664.644 22.317743,37.77975,665.214 22.317728,37.779613,665.149 22.317679,37.779407,665.488 22.31758,37.779206,666.732 22.317352,37.778843,671.3 22.317154,37.778572,672.928 22.317009,37.778451,671.151 22.316813,37.778325,667.836 22.316738,37.7783,667.311 22.316682,37.778295,667.18 22.316615,37.778309,667.119 22.316491,37.778356,667.366 22.316207,37.778585,673.59 22.31616,37.778613,674.723 22.316112,37.778626,675.583 22.316061,37.778626,676.833 22.316011,37.778613,677.593 22.315874,37.778512,678.121 22.315705,37.7784,679.856 22.315548,37.778229,680.93 22.3154,37.777825,677.795 22.315334,37.777746,678.538 22.315053,37.777586,679.228 22.314826,37.777518,680.129 22.314793,37.778203,697.245 22.3147,37.778488,703.089 22.314764,37.778591,703.02 22.314774,37.778622,703.178 22.314773,37.778655,703.531 22.314788,37.778805,704.745 22.31474,37.77897,707.784 22.314648,37.779161,713.601 22.314622,37.77928,716.762 22.314622,37.77942,719.422 22.314691,37.779568,719.234 22.314724,37.779674,719.451 22.314729,37.779793,721.705 22.314772,37.779899,724.08 22.314917,37.780187,732.961 22.314949,37.780276,735.673 22.315029,37.780658,741.519 22.31504,37.780772,742.586 22.315045,37.781086,746.681 22.315035,37.781463,749.714 22.31511,37.781883,755.546 22.315078,37.782048,760.677 22.314949,37.782254,770.013 22.315072,37.782536,774.381 22.315134,37.782781,778.711 22.315163,37.783189,782.696 22.315131,37.78366,783.626 22.31514,37.783757,785.094 22.315188,37.783862,785.744 22.315306,37.784084,789.844 22.315359,37.784266,792.715 22.315413,37.78456,794.255 22.315487,37.784852,793.977 22.315558,37.785041,794.409 22.315656,37.785169,794.599 22.315831,37.785277,794.014 22.316174,37.785438,797.168 22.316269,37.785444,797.529 22.316839,37.785443,797.446 22.316892,37.785452,797.347 22.316947,37.785477,797.701 22.317022,37.785545,798.579 22.317117,37.785655,798.318 22.317285,37.785802,797.758 22.317689,37.786149,798.409 22.317753,37.786187,798.82 22.317813,37.786213,799.401 22.317972,37.786269,801.501 22.31809,37.786292,803.306 22.318386,37.786335,809.978 22.318445,37.786327,810.896 22.31848,37.786316,811.328 22.318562,37.786275,812.066 22.318705,37.786181,812.525 22.318843,37.786115,813.398 22.318919,37.786097,814.281 22.319052,37.786093,816.153 22.319234,37.786147,819.002 22.319283,37.786154,819.455 22.319506,37.786144,820.447 22.319522,37.786206,821.271 22.319552,37.786263,821.975 22.319593,37.786309,822.469 22.319622,37.786356,822.963 22.319669,37.786462,824.457 22.319669,37.786528,825.6 22.31965,37.786592,826.726 22.319598,37.786707,828.661 22.319683,37.786716,828.863 22.319746,37.786741,829.252 22.319794,37.786776,829.71 22.319847,37.786825,830.401 22.319871,37.786868,831.088 22.319888,37.786922,831.999 22.319909,37.787054,833.511 22.319911,37.787386,836.477 22.319883,37.787685,839.963 22.319876,37.787913,843.179 22.319886,37.788033,844.727 22.319937,37.788232,846.675 22.319998,37.788388,848.019 22.320071,37.788524,849.41 22.320248,37.788802,852.478 22.320415,37.789044,855.926 22.320684,37.789468,865.678 22.320747,37.789531,867.493 22.32083,37.789578,868.846 22.321031,37.789631,870.851 22.321385,37.789678,871.581 22.321516,37.789705,871.126 22.321585,37.789735,871.172 22.321633,37.789768,871.372 22.321655,37.789791,871.622 22.321699,37.789869,872.705 22.321793,37.790213,878.782 22.321854,37.790342,881.001 22.321892,37.790388,881.78 22.321943,37.790413,881.91 22.322043,37.790446,882.35 22.32211,37.790458,882.385 22.322361,37.790475,881.89 22.32246,37.790498,882.279 22.323238,37.790848,890.267 22.323456,37.790957,893.259 22.323568,37.791053,896.186 22.323658,37.791143,898.546 22.323857,37.7914,905.585 22.323963,37.791461,906.675 22.324125,37.791516,907.346 22.324404,37.791573,909.291 22.324518,37.791574,910.125 22.324587,37.791566,910.598 22.324633,37.79155,910.593 22.324682,37.791513,910.044 22.324765,37.791399,908.66 22.325088,37.790731,911.386 22.32515,37.790593,912.936 22.325219,37.790345,914.038 22.325225,37.790171,913.954 22.325243,37.790017,914.513 22.325308,37.789674,917.352 22.325306,37.789514,917.791 22.325273,37.788992,915.616 22.325303,37.788885,915.619 22.325395,37.788751,917.039 22.325544,37.78862,918.885 22.325714,37.788488,922.171 22.325998,37.78831,925.544 22.326543,37.788009,929.549 22.326676,37.787949,930.554 22.326804,37.787918,931.258 22.326906,37.787906,931.967 22.327021,37.787901,932.585 22.327137,37.787918,933.574 22.328094,37.7882,946.72 22.328299,37.788247,948.581 22.328367,37.788251,948.776 22.328419,37.788247,948.677 22.328531,37.788223,947.913 22.328596,37.7882,947.174 22.328723,37.788112,947.091 22.328883,37.787961,947.448 22.329036,37.787791,948.579 22.329237,37.787529,950.748 22.32956,37.786986,955.112 22.329798,37.786608,960.726 22.329886,37.786449,962.096 22.329936,37.786307,961.992 22.32999,37.786074,960.079 22.330018,37.785645,959.853 22.330036,37.7855,962.155 22.330112,37.785097,968.101 22.330122,37.784885,968.528 22.330113,37.784424,969.666 22.330122,37.784208,972.011 22.330136,37.784052,972.475 22.330158,37.783911,972.894 22.330199,37.783726,974.177 22.330244,37.783588,975.526 22.330287,37.783504,976.474 22.330417,37.783319,978.777 22.330542,37.783197,980.18 22.330601,37.783164,980.279 22.330668,37.783141,980.348 22.330737,37.783133,980.7 22.330808,37.783133,981.212 22.330883,37.783151,981.008 22.330951,37.783193,980.985 22.331029,37.783265,981.841 22.331563,37.783877,993.047 22.33167,37.784028,994.967 22.331754,37.784186,996.266 22.33181,37.784323,997.14 22.33187,37.784626,998.458 22.331887,37.784762,998.334 22.331885,37.784851,997.715 22.331818,37.785057,996.862 22.331767,37.785375,994.801 22.331739,37.785457,994.666 22.331693,37.785532,994.808 22.331296,37.786104,993.708 22.331225,37.786236,992.776 22.331192,37.786316,992.339 22.33117,37.7864,992.103 22.331174,37.786533,993.321 22.331184,37.786588,993.774 22.331208,37.786654,994.197 22.331244,37.786716,995.194 22.331294,37.786779,996.376 22.33137,37.786847,997.636 22.331461,37.786906,998.101 22.331578,37.786955,997.543 22.331803,37.787018,997.363 22.331873,37.787032,997.464 22.331962,37.787036,997.497 22.332031,37.787026,997.99 22.332106,37.787005,998.271 22.332235,37.786926,997.808 22.332436,37.786769,997.71 22.332587,37.786679,997.608 22.332754,37.786606,997.748 22.332857,37.786576,996.87 22.33314,37.786565,995.464 22.333294,37.786586,994.96 22.333419,37.786618,994.164 22.333504,37.786648,993.473 22.333664,37.786749,992.657 22.333712,37.78681,992.718 22.333875,37.787052,992.065 22.334075,37.787362,996.513 22.334229,37.787628,1001.969 22.334254,37.78771,1003.8 22.334263,37.787804,1005.187 22.334262,37.78792,1003.696 22.334218,37.788175,1000.757 22.334182,37.788257,1000.152 22.334074,37.78845,1001.409 22.333955,37.788651,1002.699 22.333923,37.788749,1002.589 22.333903,37.788867,1001.877 22.333912,37.789444,1003.164 22.333904,37.789635,1002.807 22.333896,37.789701,1002.844 22.333814,37.789914,1001.451 22.333731,37.790049,1001.234 22.333546,37.790235,1004.114 22.33313,37.790608,1009.686 22.332746,37.790963,1009.941 22.332689,37.791035,1010.189 22.332659,37.791106,1009.655 22.332651,37.791181,1009.99 22.332675,37.791242,1009.691 22.333022,37.791646,1011.093 22.333095,37.791713,1011.715 22.333146,37.791744,1012.295 22.333218,37.791758,1012.7 22.333348,37.791739,1012.826 22.333434,37.791691,1013.338 22.333593,37.791571,1013.308 22.333752,37.791417,1012.7 22.333909,37.7913,1012.017 22.334006,37.791244,1011.049 22.334129,37.791203,1010.901 22.334253,37.791185,1010.515 22.334341,37.79118,1010.164 22.334411,37.791192,1010.545 22.334486,37.791219,1011.096 22.33457,37.79127,1011.991 22.334645,37.791352,1013.988 22.334716,37.7915,1017.694 22.334835,37.791844,1023.722 22.334881,37.791891,1023.85 22.334939,37.791933,1023.796 22.335048,37.791979,1023.055 22.335408,37.792091,1019.574 22.335539,37.792144,1017.933 22.335624,37.792192,1017.251 22.335711,37.792267,1016.828 22.335795,37.79236,1016.315 22.335846,37.792447,1016.2 22.335893,37.792625,1017.726 22.33588,37.792728,1019.443 22.335825,37.792877,1023.015 22.335765,37.792997,1026.72 22.335654,37.793135,1031.58 22.335535,37.793264,1035.658 22.335467,37.793368,1038.059 22.335448,37.793415,1038.951 22.33546,37.793493,1039.803 22.335481,37.793519,1039.966 22.335513,37.793537,1039.983 22.335566,37.793554,1039.844 22.335705,37.79355,1038.049 22.335876,37.79353,1035.559 22.336069,37.793523,1033.545 22.336197,37.793527,1031.944 22.336286,37.793545,1031.19 22.336397,37.793582,1030.728 22.336494,37.793658,1030.533 22.336739,37.793981,1032.903 22.336859,37.794157,1033.835 22.336945,37.79431,1034.092 22.33699,37.794412,1035.846 22.337009,37.794568,1036.954 22.336993,37.794644,1037.445 22.336949,37.794711,1037.942 22.336637,37.79512,1046.133 22.336601,37.795181,1047.152 22.336565,37.795279,1048.197 22.336485,37.795818,1049.325 22.33651,37.795945,1049.705 22.336918,37.79667,1052.501 22.337016,37.796872,1053.288 22.337115,37.797102,1055.655 22.337163,37.797266,1057.404 22.337183,37.797376,1057.773 22.337201,37.797519,1058.153 22.337201,37.797765,1058.153 22.337194,37.798055,1059.1 22.337152,37.798486,1057.901 22.337154,37.798609,1057.015 22.337163,37.798654,1056.846 22.337189,37.798697,1056.691 22.33726,37.798768,1056.725 22.337369,37.798847,1057.577 22.337504,37.798937,1059.39 22.337827,37.799099,1063.91 22.337946,37.799193,1065.363 22.337977,37.799246,1065.925 22.337989,37.799326,1066.531 22.337965,37.799575,1067.809 22.33795,37.799647,1068.041 22.337902,37.799757,1068.039 22.337769,37.800012,1068.022 22.33765,37.800203,1068.205 22.337528,37.800377,1068.089 22.336947,37.801041,1066.8 22.336596,37.801549,1067.995 22.336498,37.80173,1068.13 22.336235,37.802095,1067.905 22.336167,37.802215,1067.944 22.336067,37.802415,1067.594 22.335939,37.802608,1067.309 22.3358,37.802752,1067.4 22.335599,37.802925,1067.456 22.335385,37.803127,1068.713 22.335286,37.803245,1068.991 22.335164,37.803407,1069.711 22.33506,37.80358,1069.872 22.335036,37.803652,1069.761 22.335019,37.803731,1069.559 22.335018,37.803822,1069.274 22.335033,37.804067,1069.76 22.335023,37.80414,1069.987 22.334899,37.804498,1068.807 22.334882,37.804585,1068.494 22.334882,37.804633,1068.321 22.334897,37.804698,1068.087 22.334927,37.804741,1067.915 22.334972,37.804784,1067.755 22.335037,37.804817,1067.837 22.335288,37.804914,1069.122 22.335568,37.805019,1071.83 22.335697,37.805057,1071.58 22.335969,37.805091,1070.714 22.336106,37.805082,1070.649 22.336503,37.805019,1068.921 22.336906,37.804946,1069.499 22.336995,37.804939,1069.943 22.337058,37.804942,1070.273 22.337098,37.804953,1070.426 22.337146,37.804979,1070.568 22.33717,37.805,1070.624 22.337184,37.805025,1071.06 22.337186,37.805068,1071.655 22.337142,37.805138,1072.123 22.33704,37.80521,1071.72 22.33691,37.805273,1070.354 22.336596,37.80538,1067.854 22.336497,37.805422,1067.438 22.336287,37.805552,1065.526 22.335892,37.805898,1062.669 22.3358,37.805991,1061.743 22.335607,37.80621,1057.924 22.335547,37.806303,1055.876 22.335542,37.806395,1054.748 22.335559,37.806476,1052.883 22.335793,37.806797,1050.835 22.335842,37.806877,1049.964 22.335864,37.806954,1048.746 22.335866,37.80702,1047.853 22.335856,37.807097,1046.456 22.335838,37.807152,1045.146 22.335721,37.807342,1040.428 22.335702,37.807397,1039.417 22.335706,37.807497,1038.205 22.335739,37.807555,1037.782 22.335888,37.807683,1038.81 22.33595,37.807726,1039.764 22.335976,37.807763,1039.835 22.335987,37.8078,1039.792 22.335979,37.80791,1039.195 22.33597,37.807957,1038.799 22.335941,37.808019,1037.845 22.335814,37.808201,1034.546 22.335632,37.808555,1029.787 22.335594,37.808679,1027.895 22.335579,37.808763,1026.75 22.335547,37.808851,1025.123 22.335459,37.808994,1022.374 22.335382,37.809094,1019.938 22.335338,37.809192,1018.158 22.335329,37.809288,1017.394 22.335346,37.809816,1015.189 22.335339,37.810012,1012.208 22.335312,37.810228,1007.251 22.335268,37.81039,1004.002 22.335192,37.810585,1001.367 22.335165,37.810678,1001.35 22.335136,37.81086,1001.596 22.335088,37.811083,1001.319 22.334926,37.811426,998.065 22.334833,37.811596,995.785 22.334738,37.811748,992.275 22.334699,37.811848,990.765 22.334683,37.811916,990.016 22.334688,37.811982,989.101 22.334717,37.812077,987.527 22.334782,37.812198,986.566 22.334899,37.812335,984.782 22.335052,37.812474,981.843 22.335396,37.812719,979.332 22.335729,37.813007,980.157 22.335825,37.813106,981.658 22.335876,37.813182,983.225 22.335867,37.81323,983.768 22.33584,37.813254,983.902 22.335807,37.81327,984.096 22.335766,37.813274,984.181 22.335683,37.813266,984.047 22.335631,37.813256,983.804 22.335538,37.813225,982.768 22.335358,37.813141,978.765 22.334989,37.812923,972.006 22.334742,37.812797,970.21 22.334601,37.812731,969.896 22.334502,37.812707,969.486 22.334407,37.812698,968.861 22.33427,37.812725,967.234 22.334209,37.812754,966.017 22.334119,37.812824,965.372 22.333987,37.812942,965.028 22.333881,37.813098,963.229 22.333719,37.813421,963.279 22.333698,37.813512,961.874 22.333692,37.813596,960.532 22.333733,37.813832,957.859 22.333741,37.813944,956.295 22.333715,37.81411,952.088 22.333686,37.814199,950.181 22.333633,37.81429,949.349 22.333564,37.814371,948.251 22.333455,37.814431,945.301 22.332703,37.814699,934.899 22.332491,37.81479,930.075 22.332382,37.814858,927.751 22.332289,37.814934,924.828 22.332092,37.815124,921.269 22.332033,37.815207,919.095 22.332,37.8153,916.208 22.331999,37.815377,914.12 22.332009,37.815449,912.59 22.332076,37.815677,909.623 22.332117,37.815845,907.014 22.332194,37.816373,893.722 22.332315,37.816981,898.375 22.332314,37.817121,894.645 22.332301,37.817163,893.105 22.332179,37.817017,892.663 22.332095,37.816864,891.276 22.331986,37.816621,887.266 22.331848,37.816379,887.795 22.331794,37.816293,888.839 22.331767,37.816263,889.174 22.331727,37.816243,889.318 22.331679,37.81624,889.188 22.331605,37.816269,890.154 22.331577,37.816301,890.305 22.331548,37.816356,890.087 22.331543,37.816457,889.29 22.331575,37.816679,887.207 22.331667,37.816814,884.47 22.331715,37.816898,884.312 22.33174,37.81697,883.809 22.331756,37.817051,882.513 22.331742,37.817258,878.806 22.331718,37.817382,876.517 22.331681,37.817462,874.761 22.331516,37.817696,870.675 22.331453,37.817801,868.051 22.331396,37.817903,866.666 22.331277,37.818147,864.998 22.331277,37.81822,864.841 22.33137,37.81882,858.992 22.331321,37.818982,856.823 22.331321,37.819025,856.28 22.331333,37.819076,855.577 22.331482,37.819352,854.115 22.331559,37.819534,853.258 22.331582,37.81962,852.494 22.3316,37.819749,851.111 22.331596,37.819894,848.86 22.331592,37.820186,847.863 22.331579,37.820379,848.897 22.331555,37.820446,849.249 22.331538,37.820468,849.297 22.331427,37.82054,849.114 22.331321,37.820619,848.984 22.331079,37.820804,848.675 22.330922,37.820872,847.404 22.330858,37.820909,846.657 22.330834,37.820945,846.202 22.330822,37.820997,845.627 22.330819,37.821098,844.792 22.330852,37.821228,842.762 22.330934,37.821776,831.75 22.330949,37.822182,821.844 22.330962,37.822288,820.186 22.330995,37.822415,818.894 22.331046,37.822544,817.596 22.331065,37.822684,814.697 22.331056,37.822777,812.423 22.33104,37.822829,811.632 22.33104,37.822882,811.01 22.331069,37.822959,810.489 22.331199,37.823127,811.945 22.331244,37.823235,812.984 22.33126,37.823421,812.56 22.331255,37.823618,810.512 22.331223,37.823796,805.761 22.331174,37.82398,801.019 22.331158,37.824091,798.666 22.331325,37.824877,788.86 22.331478,37.825241,786.86 22.331797,37.826084,776.437 22.331928,37.826476,771.49 22.33196,37.826841,770.046 22.331934,37.827082,768.373 22.331852,37.827273,766.819 22.331753,37.827411,765.253 22.331321,37.827872,761.428 22.331199,37.828023,760.029 22.331102,37.828313,758.869 22.331094,37.82887,754.951 22.331083,37.828976,754.415 22.33105,37.829118,753.697 22.331048,37.82933,753.546 22.331075,37.829449,753.707 22.331134,37.829586,753.228 22.331151,37.82965,752.951 22.331158,37.829762,752.363 22.331124,37.830048,750.794 22.331109,37.830302,748.708 22.331117,37.830563,746.005 22.331107,37.830933,742.582 22.331126,37.831082,742.325 22.331091,37.831112,741.701 22.331078,37.831147,741.151 22.331076,37.83123,740.264 22.331156,37.832318,731.463 22.330818,37.832278,726.499 22.330382,37.832173,725.31 22.330095,37.832139,725.563 22.329492,37.83209,726.919 22.328305,37.832028,726.929 22.327913,37.831967,726.04 22.326727,37.83176,726.447 22.326421,37.83173,729.022 22.326217,37.831725,730.608 22.32612,37.83175,731.036 22.326049,37.831789,731.35 22.325919,37.831923,731.306 22.325797,37.832083,730.397 22.325697,37.832251,729.162 22.325529,37.832642,726.384 22.324681,37.833949,719.245 22.324525,37.834365,717.402 22.324441,37.834514,716.301 22.324283,37.83466,716.225 22.32376,37.834954,716.898 22.323572,37.83511,716.886 22.323529,37.835184,716.861 22.323403,37.835352,716.313 22.323354,37.835431,715.652 22.323303,37.835562,714.281 22.323267,37.836045,712.534 22.323235,37.836167,712.779 22.322813,37.837022,714.223 22.322121,37.838797,712.034 22.321688,37.839857,712.438 22.321307,37.840874,709 22.320855,37.842421,707.693 22.320626,37.843246,711.409 22.320281,37.84445,709.992 22.320041,37.845223,708 22.31986,37.845887,709.207 22.3198,37.846148,707.904 22.319498,37.847909,710.665 22.319385,37.848786,710.214 22.319348,37.848974,710.147 22.31931,37.849112,710.07 22.319292,37.849303,709.068 22.319241,37.849612,708 22.319233,37.849913,709.896 22.319292,37.850444,712.46 22.3193,37.850671,711.824 22.319273,37.851087,711.617 22.318962,37.85241,714.798 22.318897,37.852865,713.971 22.318868,37.853437,713.404 22.318868,37.853988,712.048 22.318929,37.855205,709.818 22.318921,37.855402,709.936 22.318855,37.855643,710.084 22.318775,37.855776,710.085 22.318651,37.855949,710.416 22.318496,37.856124,711.949 22.318315,37.856345,714.705 22.318213,37.856503,714.945 22.318107,37.856699,715.302 22.31789,37.85721,713.262 22.317714,37.857522,713.291 22.317312,37.858174,712.639 22.317191,37.858457,711.842 22.317103,37.858631,711.674 22.317008,37.858777,711.211 22.316722,37.859062,710.377 22.316619,37.859144,710.11 22.316222,37.859388,710.723 22.315943,37.859586,711.605 22.315008,37.86035,711.993 22.314764,37.860566,712.101 22.314181,37.861061,712.274 22.313391,37.861722,711.158 22.312763,37.862267,712.206 22.312449,37.862528,713.349 22.311818,37.863072,715.851 22.311656,37.863234,716.41 22.311122,37.863799,714.336 22.310946,37.863977,714.277 22.310735,37.864182,714.354 22.31056,37.86437,714.984 22.310187,37.864843,714.673 22.309654,37.865403,714.562 22.309186,37.865972,714.002 22.30891,37.866305,713 22.308448,37.866961,714.965 22.308249,37.867221,713.702 22.307978,37.867474,712.373 22.307763,37.867812,713.293 22.307694,37.867894,714.012 22.307412,37.868149,715 22.306968,37.868638,716.089 22.306297,37.869504,714.455 22.30543,37.870583,714.647 22.304392,37.871841,713.882 22.304084,37.872251,711.733 22.303924,37.872536,712.146 22.303823,37.8727,712.957 22.303682,37.872888,713.551 22.303614,37.872967,713.323 22.303401,37.873258,713.028 22.30241,37.874386,717.79 22.301138,37.875963,717 22.300364,37.876883,717.537 22.300106,37.877223,717.997 22.299928,37.877525,716.933 22.299621,37.877973,718.067 22.29944,37.878251,718.995 22.299051,37.878739,717.315 22.298717,37.879134,717.336 22.297842,37.880222,718.185 22.297513,37.880644,718.715 22.296985,37.881288,719.566 22.29685,37.88147,719.66 22.296737,37.881685,719.302 22.296677,37.881881,719.78 22.296557,37.882393,720.281 22.296462,37.882654,719.38 22.29641,37.882761,719.081 22.296388,37.882843,719.232 22.296377,37.883006,719.779 22.296375,37.883373,719.95 22.296398,37.883718,720 22.296388,37.884031,720 22.296367,37.884281,720 22.296373,37.88454,720.344 22.296449,37.885188,722.817 22.296619,37.886212,722.528 22.296636,37.886491,721.959 22.296633,37.887629,722.657 22.296569,37.888279,723.453 22.296549,37.888415,723.576 22.296504,37.888536,723.414 22.296429,37.888687,722.832 22.296259,37.889186,721 22.296145,37.889577,721.535 22.296088,37.889935,722.766 22.296249,37.890274,724.979 22.296297,37.890401,725.632 22.296314,37.890478,725.849 22.296309,37.890609,726.055 22.296294,37.890693,726.169 22.296345,37.890734,726.101 22.296399,37.890793,726 22.296866,37.891448,725.718 22.297139,37.891776,725.693 22.297268,37.891952,725.858 22.29734,37.892162,726.027 22.297409,37.892397,725.232 22.29744,37.892446,724.8 22.29756,37.892554,723.784 22.298204,37.892947,724.893 22.298392,37.893114,725.377 22.298537,37.893265,725.934 22.298647,37.893404,725.908 22.298828,37.893607,726.565 22.299009,37.893806,728.168 22.299121,37.893914,729.522 22.299265,37.894147,730.354 22.299376,37.894463,729.703 22.29945,37.895227,729.781 22.299549,37.895557,729.247 22.300473,37.897371,729.624 22.300849,37.898164,729.966 22.301403,37.899287,730.589 22.30197,37.900079,732 22.302094,37.900337,732.115 22.302161,37.900877,733.594 22.302383,37.901344,734.932 22.302477,37.901613,735.74 22.302956,37.902221,736 22.303405,37.902638,734.373 22.304096,37.903157,736.111 22.304203,37.903334,737.133 22.304404,37.903544,738.613 22.305305,37.904075,739.066 22.305137,37.904303,738.758 22.304745,37.904904,738.317 22.304474,37.905339,737.303 22.304203,37.90574,738 22.30361,37.906422,736.115 22.30354,37.906555,736.342 22.303559,37.906632,736.688 22.303606,37.906706,737.123 22.303732,37.906798,738.137 22.303783,37.90685,738.489 22.303764,37.906912,738.498 22.303699,37.90706,739.28 22.303536,37.907259,739.459 22.303367,37.907553,738.41 22.303227,37.907841,738.617 22.303078,37.908084,737.978 22.302896,37.908272,737.668 22.30256,37.908567,739.807 22.302135,37.908913,741.114 22.301906,37.909127,742.714 22.301756,37.909403,745.279 22.301523,37.909875,747 22.301238,37.910553,748.895 22.301159,37.911009,751.328 22.301135,37.911418,755.219 22.301098,37.911768,759.142 22.300939,37.91203,762.353 22.300869,37.912188,763.738 22.300696,37.912413,764.038 22.300538,37.912729,764.687 22.300981,37.912905,767.589 22.301059,37.912954,768.022 22.301058,37.912953,768.013 22.301065,37.912958,768.054 22.301108,37.913005,768.463 22.30103,37.913029,768.977 22.300703,37.913151,771.228 22.300536,37.913222,772.525 22.300288,37.913379,775.017 22.300098,37.913563,778.314 22.299833,37.913858,780.998 22.299762,37.913948,782.025 22.299694,37.914034,782.988 22.299446,37.914349,785.34 22.299429,37.914432,785.797 22.299432,37.914484,786.739 22.29952,37.91468,792.761 22.299701,37.914778,798.005 22.29964,37.914816,797.299 22.299377,37.914932,795.258 22.299329,37.914989,795.668 22.299002,37.915632,804.37 22.298983,37.915711,805.95 22.298982,37.915793,807.995 22.29901,37.916211,816.334 22.299,37.916273,816.898 22.298976,37.916338,817.206 22.298799,37.916539,815.938 22.298786,37.916571,816.072 22.298789,37.916601,816.667 22.298802,37.916626,817.499 22.298837,37.916652,819.065 22.298885,37.916662,820.79 22.298939,37.916649,821.933 22.29896,37.916636,822.212 22.299212,37.916312,821.777 22.299248,37.916293,822.035 22.299303,37.916282,822.62 22.299369,37.916285,823.519 22.299425,37.9163,824.462 22.299471,37.916331,824.844 22.299493,37.916363,824.977 22.2995,37.916409,825.576 22.299485,37.916488,827.252 22.299183,37.917389,837.424 22.299104,37.917664,839.83 22.298991,37.918058,845.888 22.298978,37.91815,847.535 22.298977,37.918241,849.38 22.299029,37.918902,864.853 22.299042,37.919188,872.319 22.299025,37.919482,878.175 22.299002,37.919546,878.895 22.298958,37.919607,879.107 22.29867,37.919783,880.122 22.298604,37.919798,880.357 22.298555,37.919796,880.847 22.298233,37.919678,879.954 22.298171,37.91966,880.191 22.298082,37.919656,881.258 22.297892,37.919683,884.354 22.297498,37.919776,887.109 22.29731,37.919809,886.598 22.297262,37.919822,886.689 22.297224,37.919846,887.364 22.297028,37.920083,892.703 22.296805,37.920237,893.815 22.296395,37.920502,893.515 22.29632,37.920534,893.786 22.295881,37.920648,896.104 22.295777,37.920728,896.977 22.295608,37.920868,897.757 22.295597,37.920878,897.762 22.295553,37.921008,897.384 22.295529,37.921051,897.333 22.295367,37.921242,897.19 22.295232,37.921419,895.799 22.294816,37.921908,890.98 22.294091,37.922869,890.877 22.293892,37.923074,891.001 22.293656,37.923288,892.386 22.29363,37.92336,891.472 22.293021,37.924197,881.518 22.292964,37.924328,880.43 22.292913,37.924475,879.57 22.292895,37.924558,879.675 22.292799,37.925028,882.269 22.292777,37.9252,882.712 22.292759,37.925511,884.363 22.292742,37.925641,885.279 22.292693,37.925748,885.552 22.292533,37.925994,885.535 22.292479,37.926095,885.368 22.29233,37.926473,884.501 22.29227,37.926578,884.663 22.292186,37.926665,884.058 22.291737,37.927047,884.161 22.29157,37.927209,885.533 22.29149,37.927302,885.829 22.291435,37.9274,886.408 22.291385,37.927517,886.959 22.291352,37.92763,886.664 22.291331,37.92776,886.57 22.291293,37.928146,888.778 22.291264,37.92825,889.693 22.291207,37.928367,890.114 22.291159,37.928445,891.031 22.291045,37.928595,892.419 22.290415,37.929341,888.968 22.290302,37.929499,889.483 22.290249,37.929586,888.95 22.290226,37.929693,889.548 22.290231,37.930213,883.22 22.290227,37.930287,882.027 22.290208,37.930351,880.151 22.290112,37.930483,876.466 22.288736,37.93229,890.57 22.288489,37.932188,892.953 22.28781,37.931867,898.96 22.287517,37.931741,898.298 22.287228,37.931636,895.988 22.286577,37.931438,896.357 22.286365,37.931391,895.982 22.285879,37.931325,892.747 22.285616,37.9313,890.766 22.28558,37.931247,889.577 22.285505,37.931232,888.63 22.28511,37.931283,885.973 22.284803,37.931269,883.718 22.284746,37.931276,883.358 22.284528,37.931349,883.014 22.284462,37.931363,882.877 22.284348,37.931363,882.466 22.283781,37.931235,881.677 22.283662,37.931219,881.277 22.283541,37.931217,881.396 22.283413,37.931235,882.051 22.283256,37.931275,883.213 22.28169,37.93114,890.843 22.281514,37.931115,890.668 22.281366,37.931086,890.292 22.281269,37.931049,889.404 22.281179,37.930996,888.311 22.280587,37.930502,887.169 22.280263,37.930244,886.439 22.280142,37.930175,885.458 22.280073,37.930135,884.788 22.280263,37.930244,886.439 22.280587,37.930502,887.169 22.281179,37.930996,888.311 22.281269,37.931049,889.404 22.281366,37.931086,890.292 22.281514,37.931115,890.668 22.28169,37.93114,890.843 22.283256,37.931275,883.213 22.283413,37.931235,882.051 22.283541,37.931217,881.396 22.283662,37.931219,881.277 22.283781,37.931235,881.677 22.284348,37.931363,882.466 22.284462,37.931363,882.877 22.284528,37.931349,883.014 22.284746,37.931276,883.358 22.284803,37.931269,883.718 22.28511,37.931283,885.973 22.285505,37.931232,888.63 22.28558,37.931247,889.577 22.285616,37.9313,890.766 22.285879,37.931325,892.747 22.286365,37.931391,895.982 22.286577,37.931438,896.357 22.287228,37.931636,895.988 22.287517,37.931741,898.298 22.28781,37.931867,898.96 22.288489,37.932188,892.953 22.288736,37.93229,890.57 22.290112,37.930483,876.466 22.290208,37.930351,880.151 22.290227,37.930287,882.027 22.290231,37.930213,883.22 22.290226,37.929693,889.548 22.290249,37.929586,888.95 22.290302,37.929499,889.483 22.290415,37.929341,888.968 22.291045,37.928595,892.419 22.291159,37.928445,891.031 22.291207,37.928367,890.114 22.291264,37.92825,889.693 22.291293,37.928146,888.778 22.291331,37.92776,886.57 22.291352,37.92763,886.664 22.291385,37.927517,886.959 22.291435,37.9274,886.408 22.29149,37.927302,885.829 22.29157,37.927209,885.533 22.291737,37.927047,884.161 22.292186,37.926665,884.058 22.29227,37.926578,884.663 22.29233,37.926473,884.501 22.292479,37.926095,885.368 22.292533,37.925994,885.535 22.292693,37.925748,885.552 22.292742,37.925641,885.279 22.292759,37.925511,884.363 22.292777,37.9252,882.712 22.292799,37.925028,882.269 22.292895,37.924558,879.675 22.292913,37.924475,879.57 22.292964,37.924328,880.43 22.293021,37.924197,881.518 22.29363,37.92336,891.472 22.293656,37.923288,892.386 22.293892,37.923074,891.001 22.294091,37.922869,890.877 22.294816,37.921908,890.98 22.295232,37.921419,895.799 22.295367,37.921242,897.19 22.295529,37.921051,897.333 22.295553,37.921008,897.384 22.295597,37.920878,897.762 22.295777,37.920728,896.977 22.295881,37.920648,896.104 22.295875,37.920604,895.927 22.295942,37.92033,894.088 22.295974,37.920093,891.805 22.295998,37.920042,890.863 22.29605,37.919967,888.819 22.296204,37.919792,883.334 22.296246,37.919706,880.911 22.296254,37.919609,879.691 22.296286,37.919548,878.341 22.296293,37.919491,877.574 22.296285,37.919352,876.911 22.296257,37.919182,876.904 22.296251,37.919066,875.709 22.296234,37.919023,875.565 22.29618,37.918977,876.294 22.296096,37.918934,877.505 22.296041,37.918894,877.064 22.296007,37.918841,875.104 22.29596,37.918743,871.223 22.295932,37.918515,861.133 22.295905,37.918454,858.209 22.295798,37.918303,851.503 22.295763,37.918233,847.927 22.295718,37.91812,842.214 22.295681,37.917965,835.185 22.295685,37.917934,833.817 22.295706,37.917911,832.672 22.29593,37.917853,829.409 22.295955,37.917832,828.609 22.296072,37.917689,824.667 22.296198,37.917515,820.691 22.29581,37.917424,818.975 22.295965,37.917195,815.567 22.296088,37.917037,812.166 22.296162,37.916951,810.142 22.296484,37.916735,805.888 22.296813,37.916517,800.009 22.296964,37.916434,797.568 22.29706,37.91641,796.856 22.297121,37.916385,796.322 22.297134,37.91638,796.222 22.297138,37.916337,795.743 22.297127,37.916269,795.048 22.29715,37.916217,794.404 22.297198,37.916154,793.55 22.297277,37.916084,792.786 22.297369,37.916034,792.298 22.297666,37.915958,791.017 22.297791,37.9159,789.971 22.297921,37.915812,788.846 22.298024,37.915709,788.105 22.298581,37.915162,788.424 22.298675,37.915054,788.363 22.298911,37.914612,783.921 22.298977,37.914533,783.49 22.299696,37.913858,780.45 22.300229,37.913326,773.661 22.300298,37.913284,773.007 22.300485,37.913202,771.909 22.300536,37.913222,772.525 22.300544,37.913218,772.467 22.300703,37.913151,771.228 22.30103,37.913029,768.977 22.301108,37.913005,768.463 22.30157,37.912857,766.204 22.301655,37.912837,765.682 22.301743,37.912824,765.179 22.301833,37.912819,764.758 22.30317,37.912936,763.121 22.304188,37.912977,764.585 22.304687,37.913066,762.202 22.305185,37.913115,763.88 22.305993,37.913104,760.099 22.306307,37.913074,757.703 22.30694,37.912972,757.597 22.308291,37.912647,757.179 22.308745,37.912487,753.648 22.309979,37.911903,749.3 22.310759,37.911415,747.931 22.311119,37.911204,747 22.312521,37.910495,747.782 22.313865,37.909783,745.286 22.314091,37.909679,745.77 22.314973,37.909353,749.297 22.315671,37.909134,749.931 22.316145,37.908969,748.756 22.316892,37.908772,746.47 22.317898,37.908507,748.433 22.318402,37.908396,750.226 22.319601,37.908115,749 22.319831,37.908101,749 22.320036,37.908099,748.891 22.320254,37.908106,748.252 22.320944,37.908208,748.33 22.321468,37.908272,747.494 22.321681,37.908284,746.865 22.322029,37.908279,747.668 22.323704,37.908196,748.506 22.324183,37.908207,747.941 22.324672,37.908219,747 22.324833,37.908244,747.399 22.324966,37.908277,747.878 22.325076,37.908314,748.274 22.325218,37.908406,748.467 22.325371,37.908591,748.048 22.325439,37.908642,748.018 22.325682,37.908743,748.236 22.325968,37.908829,748.189 22.326159,37.908853,748.065 22.326266,37.908851,748.497 22.326374,37.908833,748.936 22.326853,37.908701,750 22.327251,37.908617,749.045 22.327627,37.908568,748.916 22.328841,37.908472,750.828 22.328905,37.908257,750.741 22.328964,37.908203,750.658 22.329049,37.908144,750.711 22.329106,37.908078,750.799 22.329598,37.907209,751.553 22.329682,37.906989,751.855 22.329703,37.906903,751.931 22.329724,37.906525,750.99 22.329735,37.9065,750.874 22.329908,37.9063,750.804 22.331372,37.906808,762.895 22.331973,37.907007,769.103 22.332578,37.907146,772.364 22.332928,37.907217,775.082 22.332931,37.907199,775.103 22.332966,37.907023,775.355 22.333001,37.906958,775.607 22.333054,37.906913,775.988 22.333143,37.906865,776.72 22.333225,37.906833,777.465 22.333226,37.906676,777.82 22.333356,37.906468,779.245 22.333398,37.906418,779.698 22.333439,37.906386,780.152 22.333655,37.906269,782.837 22.333775,37.906204,784.043 22.333904,37.906145,785.17 22.334056,37.906092,786.777 22.334211,37.906057,788.767 22.334454,37.906031,792.894 22.334572,37.906024,795.126 22.334643,37.906028,796.489 22.334728,37.906042,798.094 22.334852,37.90607,800.007 22.334924,37.906095,800.99 22.335052,37.906019,803.723 22.335259,37.905917,809.363 22.335387,37.905846,812.408 22.335631,37.905677,818.338 22.335663,37.905647,819.23 22.335687,37.90561,820.109 22.335701,37.90557,820.886 22.335711,37.905341,823.215 22.33574,37.905193,825.438 22.335841,37.905017,829.895 22.335924,37.904835,833.22 22.335975,37.904678,835.277 22.336018,37.904576,836.362 22.33608,37.904459,837.606 22.336144,37.903959,845.035 22.336179,37.903827,847.266 22.336227,37.903709,849.318 22.336345,37.903544,852.533 22.336471,37.903341,855.73 22.336616,37.903198,858.33 22.336876,37.903019,862.308 22.337058,37.902854,864.797 22.33716,37.902765,866.238 22.337268,37.90271,868.218 22.337375,37.902701,870.896 22.337507,37.902702,874.383 22.337584,37.902684,876.406 22.337622,37.902642,877.047 22.337638,37.902557,876.59 22.337646,37.902448,875.643 22.337697,37.902358,876.14 22.337788,37.902265,877.782 22.337917,37.902176,880.346 22.338075,37.902084,883.181 22.338225,37.902029,887.522 22.338461,37.902004,895.204 22.33852,37.901949,896.42 22.338534,37.901867,895.788 22.338531,37.901598,892.374 22.338553,37.901445,891.514 22.338612,37.901339,892.313 22.338719,37.901233,894.421 22.33885,37.901139,897.228 22.33895,37.90103,898.748 22.339073,37.900916,900.69 22.339317,37.900716,905.494 22.339531,37.900454,906.346 22.339607,37.900407,907.191 22.3398,37.900399,913.845 22.340154,37.900242,920.267 22.340334,37.900116,919.419 22.340516,37.899976,917.891 22.340685,37.899878,920.529 22.340838,37.899799,923.23 22.340972,37.899752,926.724 22.341114,37.899713,930.948 22.341187,37.899667,933.011 22.34124,37.89954,932.824 22.341286,37.899357,932.529 22.341264,37.899285,931.423 22.341023,37.89915,924.793 22.340953,37.89904,926.15 22.340894,37.89887,929.131 22.340811,37.898677,930.488 22.340833,37.898617,931.907 22.340894,37.898583,932.554 22.340977,37.898601,933.515 22.341101,37.898664,934.313 22.341187,37.898668,935.478 22.341262,37.898647,936.785 22.341423,37.898512,939.626 22.341527,37.898456,942.419 22.341648,37.898402,945.71 22.34179,37.898303,950.884 22.34186,37.898227,953.656 22.341897,37.898121,955.121 22.341924,37.898015,956.358 22.341997,37.897885,958.706 22.342101,37.897761,960.946 22.342115,37.897686,961.806 22.342101,37.897592,962.241 22.342002,37.89747,960.99 22.341929,37.89733,961.692 22.341873,37.897195,962.642 22.341852,37.896958,966.108 22.34183,37.896806,967.23 22.341825,37.896708,968.038 22.341881,37.896639,969.706 22.342157,37.896412,975.743 22.342385,37.896153,979.842 22.342479,37.896027,981.016 22.342549,37.895963,981.992 22.342624,37.895946,983.49 22.342705,37.895951,985.275 22.342796,37.895989,987.486 22.342893,37.896073,990.157 22.343013,37.896144,992.726 22.343163,37.89622,994.91 22.343284,37.896302,996.616 22.343539,37.896491,1002.828 22.343627,37.896497,1005.378 22.343692,37.896446,1006.979 22.343719,37.896332,1007.56 22.343785,37.896267,1008.833 22.344086,37.896132,1014.301 22.344161,37.896085,1015.594 22.344188,37.896013,1015.356 22.344209,37.89589,1014.707 22.344268,37.895763,1015.159 22.344338,37.895674,1016.214 22.344563,37.895539,1020.297 22.344641,37.895451,1020.474 22.344713,37.895382,1020.698 22.344786,37.895371,1021.751 22.344867,37.895383,1023.374 22.345033,37.895447,1028.024 22.345184,37.895496,1032.616 22.345387,37.895561,1038.005 22.345671,37.895675,1043.759 22.345754,37.895729,1045.375 22.345784,37.895798,1046.14 22.345795,37.895874,1046.302 22.345773,37.895959,1045.679 22.345714,37.896065,1044.448 22.345666,37.896192,1043.471 22.345639,37.896353,1042.506 22.345623,37.896526,1043.917 22.345634,37.896666,1046.25 22.345666,37.896801,1048.923 22.345677,37.896878,1050.208 22.34565,37.896954,1050.483 22.345548,37.897068,1049.129 22.34551,37.897182,1049.394 22.345521,37.897305,1050.651 22.345559,37.89736,1052.091 22.345615,37.897363,1053.729 22.345706,37.897313,1055.799 22.345867,37.897139,1057.828 22.346055,37.896991,1060.291 22.34613,37.896906,1061.347 22.34621,37.89675,1063.041 22.34624,37.896645,1063.665 22.346253,37.896419,1063.669 22.346299,37.896353,1065.053 22.3465,37.896161,1069.995 22.34654,37.896073,1070.559 22.346583,37.895891,1070.466 22.346623,37.895679,1070.404 22.346688,37.895535,1071.384 22.346755,37.895447,1072.05 22.346897,37.895323,1073.726 22.34717,37.895158,1077.478 22.347385,37.894989,1078.825 22.347557,37.894887,1081.121 22.347868,37.894756,1088.546 22.348005,37.894689,1091.943 22.348128,37.8946,1093.126 22.34823,37.894507,1093.051 22.348412,37.894228,1092.086 22.348544,37.8941,1093.167 22.348691,37.893999,1095.397 22.34879,37.893918,1096.743 22.34886,37.893795,1097.119 22.348874,37.89369,1096.385 22.348809,37.893445,1093.584 22.348799,37.89336,1093.38 22.348826,37.893292,1094.074 22.348895,37.893254,1095.928 22.348989,37.893261,1099.25 22.349035,37.893318,1101.176 22.349121,37.893559,1105.035 22.349159,37.89362,1106.761 22.349193,37.893672,1108.292 22.34922,37.893824,1110.261 22.349212,37.894012,1112.612 22.349134,37.894244,1114.088 22.349024,37.894482,1114.772 22.34894,37.894616,1115.682 22.348761,37.894761,1114.498 22.348616,37.894892,1114.631 22.348506,37.895073,1116.829 22.34842,37.895149,1116.033 22.348351,37.895234,1115.711 22.348297,37.895348,1115.998 22.348152,37.895818,1119.538 22.348152,37.895958,1120.831 22.348179,37.896149,1123.136 22.348222,37.896339,1125.213 22.3482,37.896496,1124.881 22.34812,37.8968,1120.769 22.348134,37.896865,1120.48 22.348211,37.896957,1121.83 22.348353,37.897102,1123.832 22.348522,37.897262,1126.632 22.348667,37.89744,1128.561 22.348809,37.897648,1131.093 22.348833,37.897719,1131.289 22.348828,37.897791,1131.094 22.348774,37.897867,1131.217 22.348627,37.897995,1130.414 22.348579,37.898088,1130.992 22.348506,37.898354,1134.073 22.348383,37.89857,1134.633 22.348313,37.898659,1134.816 22.348233,37.898697,1134.135 22.348152,37.898722,1133.009 22.348039,37.898777,1131.783 22.34793,37.89885,1131.881 22.34768,37.898976,1130.973 22.34757,37.899045,1130.026 22.347331,37.899179,1126.981 22.347133,37.899302,1124.352 22.347085,37.899387,1124.61 22.347079,37.899497,1125.58 22.34713,37.899735,1127.676 22.347125,37.899849,1127.55 22.347058,37.899941,1125.862 22.34694,37.900064,1123.349 22.346891,37.900166,1122.848 22.346841,37.900311,1122.752 22.346835,37.900442,1124.016 22.346843,37.900534,1125.211 22.346798,37.900628,1124.295 22.346744,37.900717,1122.691 22.346712,37.900844,1121.52 22.346709,37.901067,1122.469 22.346723,37.901132,1123.667 22.346704,37.901406,1128.644 22.346631,37.901564,1128.915 22.346546,37.901809,1129.416 22.346511,37.901965,1130.03 22.346446,37.90213,1128.518 22.346433,37.902224,1128.422 22.346503,37.902368,1129.957 22.34665,37.9026,1132.058 22.346757,37.902807,1133.234 22.346851,37.902914,1135.181 22.346932,37.902973,1137.885 22.347098,37.903016,1144.741 22.347356,37.903214,1148.424 22.347597,37.903358,1151.407 22.347718,37.903438,1153.475 22.347881,37.903485,1156.668 22.348058,37.903545,1159.465 22.348176,37.903617,1159.659 22.348495,37.903912,1162.326 22.348576,37.904018,1163.312 22.348606,37.90415,1163.01 22.348623,37.904177,1163.342 22.348753,37.904373,1167.086 22.348796,37.904479,1168.491 22.348793,37.904577,1168.88 22.348688,37.904835,1168.337 22.348624,37.905067,1170.657 22.348568,37.905212,1172.493 22.348495,37.905342,1174.02 22.348506,37.905419,1176.611 22.348573,37.905466,1179.553 22.348665,37.905458,1180.898 22.348847,37.905386,1180.995 22.348976,37.905305,1180.106 22.349094,37.905187,1179.646 22.349341,37.904895,1180.748 22.34985,37.904349,1189.22 22.349898,37.904256,1190.43 22.349888,37.90418,1190.178 22.349836,37.904009,1191.5 22.349756,37.903793,1192.67 22.349604,37.903583,1192.942 22.349523,37.903464,1192.231 22.349512,37.903367,1193.247 22.349544,37.903253,1196.244 22.349619,37.903168,1199.97 22.349684,37.903159,1201.802 22.349759,37.903168,1203.867 22.349786,37.903227,1203.397 22.349794,37.903421,1200.202 22.349839,37.903549,1200.36 22.34996,37.903692,1202.164 22.350185,37.903908,1208.039 22.350335,37.904035,1209.898 22.35066,37.904218,1215.397 22.35073,37.904277,1216.25 22.350775,37.90436,1215.478 22.35084,37.904542,1215.256 22.350877,37.904712,1216.578 22.350864,37.905085,1220.734 22.35085,37.905262,1222.196 22.350765,37.905533,1222.588 22.350706,37.905749,1225.567 22.350725,37.90586,1228.369 22.35077,37.90596,1231.928 22.350859,37.906025,1235.171 22.351004,37.906025,1237.097 22.351202,37.906008,1240.162 22.351341,37.905945,1240.857 22.351476,37.905843,1241.17 22.351604,37.905678,1241.765 22.351803,37.905487,1245.163 22.351921,37.905331,1246.546 22.351996,37.905174,1246.859 22.35205,37.905018,1247.545 22.352071,37.904882,1250.102 22.352055,37.904814,1251.07 22.351929,37.904644,1250.11 22.351937,37.904573,1250.876 22.352007,37.904556,1253.177 22.352071,37.904594,1254.743 22.35217,37.904712,1255.847 22.352248,37.904844,1254.766 22.35232,37.905029,1253.089 22.352404,37.9052,1254.254 22.35243,37.905382,1264.104 22.35243,37.90553,1278.464 22.352385,37.905618,1279.494 22.352299,37.905702,1276.445 22.352141,37.905818,1273.126 22.351988,37.906083,1270.447 22.351773,37.906295,1268.617 22.351693,37.906405,1269.286 22.351483,37.906798,1276.883 22.351322,37.907006,1279.437 22.351282,37.9071,1280.672 22.351266,37.907219,1283.374 22.351293,37.907405,1287.325 22.351306,37.907581,1290.289 22.35129,37.907793,1292.657 22.351231,37.907962,1293.102 22.35107,37.908254,1294.266 22.351068,37.908353,1294.976 22.351135,37.908445,1294.139 22.351371,37.908665,1295.617 22.351542,37.908966,1295.947 22.351617,37.909071,1296.464 22.351765,37.909187,1298.695 22.352674,37.909609,1304.382 22.353136,37.90988,1301.604 22.353372,37.909998,1301.473 22.35352,37.910008,1306.384 22.353756,37.910058,1314.057 22.353884,37.910135,1315.984 22.354069,37.910345,1312.331 22.354356,37.910714,1312.242 22.354415,37.91082,1313.089 22.354434,37.910921,1312.058 22.354442,37.911108,1308.977 22.354493,37.911209,1308.109 22.354565,37.91129,1308.174 22.35471,37.911375,1309.992 22.354807,37.911442,1311.369 22.354879,37.911513,1311.777 22.35497,37.91167,1310.243 22.355075,37.911832,1308.073 22.355113,37.911942,1305.74 22.355212,37.912406,1304.563 22.355274,37.91253,1305.453 22.35537,37.912636,1306.874 22.355496,37.912732,1308.547 22.355705,37.912834,1312.277 22.355826,37.912932,1313.487 22.355941,37.913058,1314.092 22.356009,37.913178,1315.618 22.356043,37.913312,1316.115 22.356065,37.913439,1316.418 22.356146,37.913466,1318.462 22.356188,37.913528,1319.431 22.356219,37.913612,1320.106 22.356219,37.913671,1320.023 22.356194,37.913829,1319.153 22.356186,37.91395,1319.107 22.356216,37.914046,1320.209 22.356376,37.914225,1324.065 22.356749,37.914579,1327.06 22.356956,37.914664,1329.273 22.357127,37.914702,1331.746 22.357258,37.914745,1333.666 22.357413,37.914805,1337.118 22.357552,37.91493,1339.534 22.357678,37.915071,1340.693 22.358067,37.915381,1345.752 22.358218,37.915534,1346.832 22.358266,37.915669,1348.399 22.358337,37.9157,1349.566 22.358635,37.915687,1349.779 22.358722,37.915644,1348.983 22.358829,37.915572,1348.241 22.35894,37.915518,1347.817 22.359131,37.915465,1347.151 22.359531,37.915252,1347.316 22.359742,37.915177,1345.115 22.360285,37.915068,1337.917 22.360412,37.915011,1336.909 22.36046,37.914963,1337.221 22.360523,37.914902,1337.627 22.360631,37.91478,1338.02 22.360865,37.914645,1334.479 22.36117,37.914486,1329.853 22.362035,37.914219,1321.457 22.362118,37.914229,1320.452 22.36215,37.91426,1319.772 22.36213,37.914332,1319.21 22.361833,37.914558,1320.386 22.361686,37.914658,1321.254 22.361626,37.914742,1321.514 22.361563,37.914899,1321.856 22.361531,37.915108,1320.986 22.361448,37.915396,1318.659 22.361405,37.915933,1315.38 22.36144,37.916201,1317.095 22.361496,37.916433,1319.293 22.361591,37.916636,1319.727 22.361718,37.916865,1317.387 22.361726,37.917253,1318.23 22.361634,37.917512,1322.6 22.361607,37.917738,1325.43 22.361595,37.917929,1325.084 22.361623,37.918069,1323.89 22.36155,37.91808,1325.313 22.36157,37.91815,1325.538 22.36158,37.91822,1325.929 22.36163,37.91831,1325.613 22.36164,37.91832,1325.475 22.36174,37.91841,1325.994 22.36178,37.91847,1326.819 22.36183,37.91854,1327.569 22.3619,37.91862,1327.997 22.36195,37.91869,1328.647 22.36207,37.91885,1330.09 22.3621,37.9189,1330.453 22.36218,37.919,1330.942 22.36229,37.91916,1331.678 22.36231,37.9192,1332.102 22.36238,37.91933,1333.354 22.36247,37.91949,1334.614 22.36249,37.91952,1334.838 22.36254,37.91966,1337.256 22.3626,37.91983,1340.217 22.36263,37.91991,1341.379 22.36264,37.92001,1343.012 22.36266,37.92019,1343.228 22.36267,37.92027,1343.3 22.36269,37.92037,1342.564 22.36272,37.92055,1341.268 22.36272,37.92057,1341.35 22.36274,37.92073,1342.273 22.36276,37.92085,1343.252 22.36276,37.92091,1343.927 22.36276,37.92109,1345.954 22.36276,37.92114,1346.608 22.36274,37.92126,1348.552 22.36272,37.92138,1350.496 22.3627,37.92144,1350.788 22.36265,37.92162,1350.997 22.36264,37.92165,1351.022 22.36255,37.92184,1350.105 22.36248,37.92199,1348.812 22.36242,37.92212,1348.004 22.36239,37.92216,1347.609 22.3623,37.92232,1346.405 22.3622,37.92249,1344.956 22.36211,37.92265,1346.102 22.36202,37.92282,1347.041 22.36193,37.92298,1349.202 22.36185,37.92315,1350.66 22.36177,37.92332,1351.344 22.36168,37.92349,1350.192 22.3616,37.92365,1349.42 22.36159,37.92366,1349.348 22.36152,37.92382,1349.168 22.36145,37.92399,1348.74 22.36143,37.92405,1348.53 22.36139,37.92417,1348.028 22.36138,37.92418,1348.013 22.36135,37.92429,1348.18 22.36133,37.92434,1348.147 22.36129,37.92452,1348.379 22.36127,37.9246,1348.596 22.36123,37.92469,1348.546 22.36117,37.92487,1349.557 22.36111,37.92504,1350.431 22.36105,37.92521,1351.935 22.36101,37.92539,1352.272 22.36097,37.92557,1352.036 22.36096,37.92558,1352 22.36093,37.92574,1352.36 22.3609,37.92592,1353.179 22.36086,37.9261,1354.204 22.36083,37.92628,1353.964 22.36079,37.92645,1352.789 22.36077,37.92658,1351.191 22.36073,37.92676,1349.7 22.36069,37.92693,1348.62 22.36068,37.92699,1348.699 22.36066,37.92711,1349.072 22.36064,37.92719,1349.233 22.36063,37.92729,1349.333 22.3606,37.92747,1349.303 22.36058,37.92765,1348.144 22.36056,37.92778,1347.032 22.36055,37.92783,1346.628 22.36055,37.92801,1345.345 22.36054,37.92809,1345.166 22.36054,37.92819,1345.486 22.36054,37.92837,1346.061 22.36054,37.92855,1346.637 22.36054,37.92873,1345.976 22.36054,37.9288,1345.472 22.36054,37.92891,1344.676 22.36053,37.92909,1343.209 22.36053,37.92927,1341.922 22.36053,37.92945,1340.724 22.36052,37.92963,1340.616 22.36052,37.9298,1340.336 22.36052,37.92998,1339.688 22.36052,37.93002,1339.544 22.36052,37.93016,1339.04 22.36053,37.93034,1338.276 22.36053,37.93041,1337.772 22.36054,37.93052,1337.088 22.36055,37.93064,1336.624 22.36056,37.9307,1336.513 22.36058,37.93088,1336.249 22.36059,37.93094,1336.324 22.36061,37.93106,1336.428 22.36062,37.93116,1336.112 22.36065,37.93124,1335.752 22.36069,37.93137,1335.104 22.3607,37.93141,1334.736 22.36073,37.93148,1333.944 22.36077,37.93158,1332.792 22.36081,37.9317,1331.462 22.36085,37.93175,1331.238 22.36089,37.93184,1330.663 22.36094,37.93192,1330.382 22.36099,37.93201,1329.851 22.36104,37.93208,1329.405 22.36115,37.93223,1328.168 22.36119,37.93229,1327.592 22.36127,37.93239,1326.728 22.36132,37.93247,1325.936 22.36137,37.93255,1325.672 22.36146,37.93272,1326.179 22.36148,37.93275,1326.379 22.36155,37.93288,1327.32 22.36163,37.93305,1328.472 22.3617,37.93318,1328.082 22.36173,37.93321,1328.117 22.3618,37.93331,1327.732 22.36181,37.93333,1327.59 22.36191,37.93347,1327.644 22.36193,37.93349,1327.716 22.36204,37.93362,1327.291 22.36215,37.93377,1327.019 22.36227,37.93393,1326.752 22.36238,37.93408,1325.384 22.3625,37.93424,1323.416 22.36258,37.93436,1322.377 22.3626,37.9344,1322.005 22.3627,37.93456,1321.473 22.36279,37.93473,1320.132 22.36289,37.93489,1319.476 22.36292,37.93493,1319.167 22.36298,37.93503,1318.427 22.36299,37.93505,1318.486 22.36302,37.93511,1318.693 22.36306,37.93519,1319.09 22.36307,37.93522,1319.282 22.36308,37.93528,1319.439 22.36309,37.9354,1319.565 22.36309,37.93545,1319.543 22.36308,37.93558,1319.287 22.36306,37.93569,1318.603 22.36304,37.93575,1318.059 22.36303,37.93577,1317.839 22.36303,37.93593,1317.98 22.36303,37.93606,1318.448 22.36303,37.93611,1318.628 22.36303,37.9362,1318.952 22.363,37.93629,1318.844 22.36299,37.93631,1318.772 22.36293,37.93646,1318.729 22.36293,37.93647,1318.804 22.36288,37.93664,1319.041 22.36284,37.93676,1318.831 22.36283,37.93681,1318.838 22.36279,37.93693,1318.295 22.36278,37.93699,1318.719 22.36277,37.93708,1319.812 22.36277,37.93717,1321.108 22.36276,37.93727,1322.185 22.36278,37.93735,1323.429 22.36279,37.93736,1323.752 22.36282,37.93752,1325.677 22.36283,37.93756,1325.683 22.36287,37.9377,1325.701 22.36293,37.93784,1325.867 22.36295,37.93787,1326.022 22.363,37.93797,1326.37 22.36305,37.93803,1326.994 22.3631,37.93809,1327.532 22.36318,37.93818,1328.143 22.36322,37.93824,1328.239 22.36331,37.93832,1328.804 22.36346,37.93846,1329.208 22.36348,37.93848,1329.279 22.36363,37.93858,1330.872 22.3638,37.9387,1334.262 22.36395,37.9388,1337.11 22.36398,37.93881,1337.853 22.36416,37.93892,1341.027 22.36423,37.93895,1341.55 22.36435,37.93901,1341.96 22.36446,37.93906,1342.343 22.36454,37.93912,1342.235 22.36458,37.93915,1342.32 22.36469,37.93925,1342.469 22.36483,37.93939,1344.216 22.36497,37.93954,1347.51 22.36512,37.93968,1351.426 22.36526,37.93982,1354.626 22.3654,37.93996,1355.99 22.36544,37.93999,1356.331 22.36555,37.9401,1356.34 22.36556,37.94011,1356.366 22.36567,37.94024,1356.304 22.3657,37.94028,1356.128 22.36576,37.94041,1356.209 22.36579,37.94047,1356.46 22.36584,37.94058,1356.828 22.36587,37.94067,1356.501 22.36591,37.94075,1356.922 22.36598,37.94092,1357.928 22.36605,37.94109,1359.368 22.3661,37.94119,1360.378 22.36613,37.94126,1360.609 22.36621,37.94143,1361.828 22.3663,37.9416,1363.88 22.36638,37.94176,1365.597 22.36646,37.94193,1366.985 22.36647,37.94194,1367.265 22.36654,37.9421,1368.304 22.36662,37.94227,1369.864 22.36671,37.94243,1373.124 22.36679,37.9426,1374.488 22.36685,37.94272,1375.213 22.36688,37.94277,1375.877 22.36697,37.94293,1375.987 22.36699,37.94296,1376.161 22.36709,37.94308,1377.624 22.36719,37.9432,1378.417 22.36722,37.94323,1378.628 22.36735,37.94338,1380.153 22.36744,37.94347,1382.453 22.36748,37.94353,1382.918 22.36761,37.94368,1385.316 22.36772,37.94383,1386.316 22.3678,37.94394,1386.18 22.36784,37.94399,1385.943 22.36795,37.94414,1384.003 22.36796,37.94415,1383.906 22.3681,37.94428,1384.591 22.36814,37.94432,1385.064 22.36825,37.94442,1386.466 22.36836,37.94451,1388.079 22.36841,37.94455,1388.958 22.36857,37.94467,1391.384 22.3686,37.9447,1391.434 22.36874,37.94479,1396.132 22.36882,37.94485,1398.314 22.36891,37.94491,1400.702 22.36908,37.94504,1403.13 22.36924,37.94516,1403.104 22.36941,37.94528,1404.153 22.36959,37.94539,1406.108 22.36977,37.9455,1407.451 22.36995,37.94561,1409.115 22.37,37.94564,1409.656 22.37013,37.94572,1410.891 22.37024,37.94579,1411.627 22.3703,37.94584,1411.548 22.3704,37.94592,1412.501 22.37046,37.94597,1412.814 22.37049,37.94601,1412.452 22.37058,37.94613,1411.614 22.37064,37.94623,1412.458 22.37069,37.94628,1413.702 22.37073,37.94634,1414.501 22.37079,37.94642,1416.095 22.3708,37.94644,1416.356 22.37089,37.94651,1419.016 22.37097,37.94656,1420.968 22.37101,37.94658,1421.87 22.37114,37.94663,1424.457 22.37118,37.94664,1425.135 22.37129,37.94667,1426.769 22.3714,37.94667,1429.051 22.37146,37.94667,1429.91 22.37162,37.94665,1433.018 22.37182,37.94663,1435.834 22.37185,37.94664,1435.599 22.37203,37.94666,1435.629 22.37207,37.94667,1435.355 22.37224,37.9467,1435.352 22.37229,37.94672,1435.388 22.37238,37.94674,1435.856 22.37249,37.94679,1435.784 22.3725,37.9468,1435.64 22.37262,37.94688,1436.085 22.37267,37.94692,1435.838 22.37283,37.94704,1435.779 22.3729,37.94709,1435.951 22.37301,37.94715,1436.435 22.3731,37.9472,1436.68 22.37319,37.94723,1437.792 22.37321,37.94723,1438.224 22.37332,37.94725,1440.312 22.37343,37.94727,1442.568 22.37344,37.94727,1442.802 22.37358,37.94732,1444.87 22.37363,37.94736,1444.902 22.37367,37.94738,1445.176 22.37379,37.94748,1444.77 22.3739,37.94756,1445.183 22.37396,37.94761,1445.609 22.37408,37.9477,1446.225 22.37411,37.94774,1445.877 22.37418,37.94781,1446.008 22.37426,37.94788,1446.966 22.37433,37.94793,1447.449 22.37442,37.948,1447.248 22.37445,37.94802,1447.221 22.37461,37.9481,1451.545 22.37471,37.94813,1454.768 22.37481,37.94817,1457.98 22.37482,37.94818,1458.213 22.37488,37.94821,1459.948 22.37496,37.94829,1461.439 22.37496,37.94831,1461.1 22.375,37.94839,1461.184 22.37502,37.94848,1460.46 22.37502,37.94849,1460.311 22.37503,37.94866,1458.266 22.37503,37.94884,1456.462 22.37503,37.94889,1455.971 22.37505,37.94902,1456.45 22.37505,37.94906,1456.398 22.37511,37.94919,1457.756 22.37522,37.9493,1459.884 22.37527,37.94932,1460.746 22.37532,37.94934,1461.437 22.37542,37.94934,1463.058 22.37549,37.94934,1464.193 22.37565,37.94934,1467.212 22.37572,37.94934,1468.661 22.37579,37.94935,1469.834 22.37589,37.94936,1471.452 22.37594,37.94937,1472.064 22.37601,37.94939,1472.748 22.37613,37.94944,1473.671 22.37615,37.94945,1474.003 22.3762,37.9495,1474.424 22.37625,37.94956,1474.712 22.37627,37.9496,1474.536 22.37629,37.94965,1474.189 22.37628,37.94978,1472.219 22.37625,37.94996,1470.644 22.37624,37.95001,1470.267 22.37625,37.95011,1470.698 22.37626,37.95013,1470.969 22.37628,37.9502,1471.538 22.37634,37.9503,1472.892 22.37636,37.95036,1473.142 22.37643,37.95047,1474.094 22.37652,37.9506,1474.88 22.37654,37.95063,1474.916 22.37666,37.95078,1475.456 22.37668,37.9508,1475.564 22.3768,37.95092,1475.36 22.37694,37.95106,1474.856 22.37697,37.95108,1474.846 22.37709,37.95119,1474.301 22.37718,37.95127,1474.169 22.37722,37.9513,1474.251 22.3774,37.95141,1475.256 22.37743,37.95142,1475.544 22.37759,37.95151,1477.383 22.37766,37.95154,1478.543 22.37779,37.9516,1480.353 22.3778,37.9516,1480.478 22.37787,37.95162,1480.948 22.37794,37.95164,1481.344 22.37801,37.95164,1482.149 22.37821,37.95164,1484.34 22.37824,37.95164,1484.664 22.37828,37.95163,1485.348 22.37846,37.9516,1489.197 22.37849,37.95159,1490.005 22.37859,37.95158,1492.151 22.37867,37.95159,1493.652 22.37868,37.95159,1493.868 22.37874,37.95162,1494.624 22.37878,37.95166,1494.768 22.37881,37.9517,1495.022 22.37883,37.95172,1495.303 22.37887,37.9518,1495.599 22.37889,37.95187,1495.561 22.3789,37.95189,1495.64 22.37891,37.95193,1495.564 22.37896,37.952,1495.736 22.379,37.95205,1495.88 22.37901,37.95206,1495.952 22.37907,37.95211,1496.528 22.37915,37.95217,1497.392 22.37917,37.95217,1497.829 22.37927,37.95222,1499.27 22.37938,37.95224,1501.111 22.37941,37.95225,1501.468 22.37955,37.95226,1504.037 22.3796,37.95227,1504.695 22.37965,37.95228,1505.314 22.37975,37.95231,1506.029 22.37975,37.9523,1506.436 22.37975,37.95231,1506.029 22.37982,37.95233,1506.434 22.38003,37.9524,1506.403 22.38009,37.95242,1506.097 22.38016,37.95243,1506.401 22.38025,37.95242,1507.991 22.38032,37.95241,1509.218 22.38048,37.95241,1510.572 22.3807,37.9524,1512.387 22.38075,37.9524,1512.632 22.38087,37.95241,1513.332 22.38093,37.95242,1514.167 22.38101,37.95244,1515.064 22.38108,37.95248,1515.032 22.38113,37.95251,1515.509 22.38122,37.9526,1517.73 22.38125,37.95266,1518.348 22.38127,37.95271,1518.745 22.38129,37.95284,1518.795 22.38129,37.95292,1518.425 22.38131,37.953,1518.73 22.38131,37.95301,1518.679 22.38134,37.95309,1519.088 22.38138,37.95316,1519.608 22.38139,37.95318,1519.691 22.38144,37.95326,1520.226 22.3815,37.95334,1520.694 22.38152,37.95335,1521.036 22.38164,37.95344,1522.445 22.38167,37.95346,1522.848 22.38176,37.95351,1525.211 22.38187,37.95355,1528.171 22.38195,37.95359,1529.81 22.38204,37.95366,1531.378 22.38206,37.95367,1531.835 22.38216,37.95378,1532.305 22.38218,37.95381,1532.078 22.38228,37.95397,1532.08 22.38239,37.95412,1534.168 22.38242,37.95416,1534.744 22.38252,37.95427,1536.949 22.38265,37.95441,1540.175 22.38265,37.95442,1540.084 22.38281,37.95455,1542.792 22.38296,37.95468,1544.359 22.38306,37.95477,1545.453 22.38311,37.95482,1546.287 22.38314,37.95486,1546.601 22.38322,37.95498,1547.067 22.38332,37.95514,1548.104 22.38337,37.95522,1548.812 22.38341,37.95531,1549.452 22.38349,37.95548,1551.665 22.38354,37.95562,1552.839 22.38355,37.95565,1553.05 22.38356,37.9557,1553.199 22.38357,37.95583,1553.12 22.38357,37.95601,1553.748 22.38358,37.95619,1554.392 22.38358,37.95622,1554.416 22.3836,37.95632,1554.82 22.38363,37.95636,1555.34 22.3837,37.95653,1556.783 22.38371,37.95655,1556.947 22.38374,37.95669,1557.47 22.38374,37.95671,1557.537 22.38375,37.95682,1558.052 22.38374,37.95689,1558.138 22.38374,37.9569,1558.172 22.38374,37.95699,1558.484 22.38375,37.95707,1558.952 22.38376,37.95709,1559.204 22.3838,37.95717,1560.212 22.38386,37.95722,1561.472 22.38387,37.95724,1561.408 22.384,37.95736,1562.813 22.38411,37.95747,1564.628 22.38415,37.9575,1565.52 22.38418,37.95753,1566.12 22.38425,37.95761,1567.308 22.38428,37.95765,1567.776 22.38432,37.95771,1568.352 22.38437,37.95781,1569.093 22.38442,37.95799,1570.317 22.38446,37.95816,1570.918 22.38449,37.95827,1570.959 22.38453,37.95833,1571.251 22.38458,37.95843,1571.264 22.38462,37.9585,1571.17 22.38471,37.95866,1570.56 22.38473,37.95869,1570.48 22.3848,37.95878,1570.174 22.38484,37.95881,1570.112 22.38486,37.95884,1569.935 22.38493,37.95887,1569.935 22.38502,37.95887,1570.353 22.38504,37.95886,1570.615 22.38511,37.95885,1571.267 22.3852,37.95883,1572.229 22.38526,37.95882,1572.848 22.38529,37.95882,1573.168 22.38538,37.95882,1574.464 22.38548,37.95886,1575.328 22.38555,37.9589,1575.879 22.38563,37.95898,1576.924 22.38572,37.95908,1577.865 22.38577,37.95913,1578.322 22.38586,37.9592,1579.036 22.3859,37.95927,1578.933 22.38595,37.95934,1579.07 22.38599,37.95944,1578.859 22.38599,37.95945,1578.711 22.38602,37.95962,1575.993 22.38606,37.95979,1574.055 22.3861,37.95996,1572.439 22.3861,37.95997,1572.299 22.38617,37.96008,1571.876 22.3862,37.96013,1571.449 22.38625,37.96019,1570.896 22.38635,37.96027,1569.928 22.38637,37.96028,1569.809 22.38651,37.96034,1569.74 22.38655,37.96035,1569.92 22.38664,37.96037,1570.388 22.38677,37.96038,1572.147 22.38683,37.96038,1573.148 22.38699,37.96042,1574.972 22.38711,37.96048,1576.186 22.38718,37.96053,1576.594 22.38723,37.96056,1577.05 22.38733,37.96066,1575.748 22.38742,37.96076,1573.264 22.38748,37.9608,1572.309 22.38751,37.96083,1571.515 22.38761,37.96089,1573.166 22.38765,37.96092,1573.567 22.3878,37.96105,1573.885 22.38781,37.96105,1574.193 22.38787,37.96112,1573.945 22.38792,37.96118,1575.233 22.38793,37.9612,1575.437 22.38795,37.96123,1575.887 22.38796,37.96127,1575.957 22.38796,37.96137,1575.361 22.38797,37.96155,1575.313 22.38797,37.96173,1574.328 22.38797,37.9618,1573.416 22.38799,37.96191,1572.543 22.388,37.96194,1572.454 22.38805,37.96208,1571.41 22.3881,37.9622,1570.347 22.38811,37.96226,1569.904 22.38813,37.96244,1569.04 22.38815,37.96252,1568.944 22.38817,37.96261,1568.913 22.38818,37.96267,1568.802 22.38826,37.96278,1569.662 22.38833,37.96288,1569.849 22.38837,37.96293,1570.029 22.3885,37.96308,1571.688 22.38862,37.96324,1574.824 22.38867,37.9633,1575.804 22.38874,37.96339,1576.463 22.3888,37.96348,1576.474 22.38886,37.96354,1576.507 22.38894,37.96361,1576.198 22.38901,37.96368,1576.08 22.38896,37.96367,1575.99 22.38888,37.96365,1575.809 22.38875,37.96361,1575.008 22.38872,37.9636,1574.855 22.38857,37.9635,1573.956 22.38852,37.96347,1573.347 22.3884,37.96338,1570.91 22.38829,37.9633,1568.431 22.38824,37.96325,1567.793 22.38809,37.96312,1566.277 22.38806,37.96309,1566.034 22.38792,37.963,1564.438 22.38792,37.96299,1564.421 22.38781,37.96288,1562.789 22.38779,37.96285,1562.425 22.38771,37.96271,1560.661 22.38769,37.96269,1560.22 22.38761,37.96252,1557.535 22.38753,37.96235,1555.225 22.38745,37.96218,1553.474 22.38737,37.96203,1552.764 22.38737,37.96201,1552.879 22.38733,37.96188,1553.174 22.3873,37.96184,1553.015 22.38729,37.96184,1552.74 22.38722,37.96178,1551.912 22.38713,37.96175,1550.508 22.38712,37.96175,1550.292 22.38704,37.96174,1548.744 22.38696,37.96175,1546.836 22.3869,37.96178,1545.545 22.38686,37.96182,1544.496 22.38682,37.96189,1542.996 22.3868,37.96194,1542.032 22.38673,37.96211,1540.996 22.3867,37.96217,1540.525 22.38666,37.96225,1540.171 22.38663,37.96228,1540.229 22.3865,37.96242,1539.97 22.38635,37.96256,1538.876 22.38628,37.96263,1538.317 22.38624,37.96267,1537.884 22.38622,37.9627,1537.628 22.3862,37.96272,1537.355 22.38615,37.96277,1536.58 22.38609,37.96281,1535.848 22.38605,37.96282,1535.56 22.38599,37.96284,1535.128 22.3859,37.96284,1534.48 22.38583,37.96283,1533.998 22.38582,37.96283,1533.991 22.38573,37.96279,1533.984 22.38565,37.96272,1534.416 22.38553,37.96261,1535.319 22.3855,37.96258,1535.709 22.38543,37.96247,1537.326 22.38539,37.96244,1538.097 22.38538,37.96244,1538.185 22.38534,37.96243,1538.699 22.38529,37.96243,1539.15 22.38522,37.96244,1539.912 22.38517,37.96246,1540.272 22.38517,37.96247,1540.092 22.38511,37.96252,1540.085 22.38507,37.96256,1539.966 22.38502,37.96261,1539.761 22.38496,37.96266,1539.53 22.38487,37.96272,1539.171 22.38485,37.96273,1539.126 22.38472,37.96279,1538.883 22.38466,37.96283,1538.716 22.38459,37.96286,1538.5 22.38448,37.96292,1537.422 22.38447,37.96293,1537.182 22.38432,37.96306,1534.41 22.38428,37.9631,1534.148 22.38423,37.96316,1533.525 22.3842,37.9632,1532.987 22.38419,37.96321,1532.832 22.38417,37.96323,1532.499 22.38413,37.96325,1532.108 22.38408,37.96326,1531.826 22.38404,37.96324,1532.041 22.384,37.96322,1532.277 22.38392,37.96318,1532.81 22.38382,37.96316,1532.81 22.38379,37.96315,1532.83 22.38375,37.96315,1532.64 22.38369,37.96315,1532.355 22.38362,37.96316,1531.912 22.38358,37.96316,1531.732 22.38356,37.96316,1531.642 22.38354,37.96315,1531.642 22.38348,37.96313,1531.505 22.38339,37.96305,1531.448 22.38338,37.96304,1531.448 22.38333,37.96298,1531.508 22.38333,37.96293,1531.868 22.38335,37.96289,1532.312 22.38343,37.96272,1533.904 22.38343,37.96271,1533.94 22.38348,37.96254,1534.912 22.38349,37.9625,1535.128 22.38348,37.96245,1535.766 22.38344,37.96241,1536.139 22.3834,37.9624,1536.107 22.38338,37.96239,1536.183 22.38334,37.96239,1536.009 22.38326,37.9624,1535.705 22.38318,37.96243,1535.121 22.38309,37.96245,1534.742 22.38297,37.9625,1533.384 22.38277,37.96258,1530.812 22.38256,37.96266,1528.46 22.38236,37.96274,1526.039 22.38235,37.96274,1525.993 22.38215,37.96281,1524.25 22.38207,37.96284,1523.7 22.38196,37.96286,1523.414 22.38193,37.96287,1523.267 22.38185,37.96287,1522.882 22.38176,37.96287,1522.449 22.38171,37.96286,1522.22 22.38152,37.96296,1521.637 22.38139,37.96304,1521.888 22.38135,37.96307,1521.815 22.38118,37.9632,1521.119 22.3811,37.96326,1521.008 22.38104,37.96334,1521.214 22.38092,37.96349,1520.948 22.3809,37.96352,1520.927 22.38086,37.96366,1520.473 22.38083,37.96376,1519.934 22.38083,37.96384,1519.362 22.38082,37.96402,1520.441 22.38082,37.96404,1520.654 22.38079,37.9642,1522.24 22.38078,37.96426,1522.672 22.38073,37.96437,1523.464 22.38068,37.96448,1524.327 22.38064,37.96453,1524.83 22.38062,37.96455,1525.052 22.38063,37.96473,1526.816 22.38064,37.96484,1527.968 22.38064,37.96491,1528.724 22.38063,37.96508,1529.521 22.38064,37.96509,1529.47 22.38076,37.96524,1529.036 22.38086,37.9654,1528.808 22.38094,37.96552,1528.232 22.38099,37.96554,1527.872 22.38119,37.96563,1527.788 22.38127,37.96567,1528.076 22.38139,37.96571,1528.222 22.3816,37.96578,1528.618 22.38168,37.9658,1528.55 22.38182,37.96584,1527.942 22.38203,37.96591,1525.651 22.38219,37.96596,1522.633 22.38223,37.96599,1521.86 22.38235,37.96607,1519.7 22.38242,37.96604,1518.44 22.38256,37.966,1516.222 22.38263,37.966,1515.315 22.38286,37.96601,1513.337 22.38297,37.96601,1513.3 22.38308,37.96598,1513.149 22.38329,37.96592,1513.151 22.3833,37.96591,1513.038 22.38352,37.96587,1513.111 22.38357,37.96586,1513.154 22.38374,37.96583,1512.518 22.38385,37.9658,1512.003 22.38396,37.9658,1511.204 22.38419,37.96578,1509.232 22.38421,37.96578,1509.102 22.38442,37.96579,1507.63 22.38444,37.96579,1507.498 22.38461,37.96583,1507.639 22.38463,37.96584,1507.644 22.38479,37.96596,1507.921 22.38496,37.96609,1507.997 22.38501,37.96613,1508.203 22.38513,37.96621,1509.315 22.38521,37.96625,1509.756 22.38527,37.96634,1509.99 22.38534,37.96645,1510.387 22.38539,37.96649,1510.541 22.38556,37.96661,1510.554 22.38573,37.96673,1509.97 22.3859,37.96685,1509.428 22.38606,37.96696,1507.767 22.38607,37.96697,1507.633 22.38617,37.96711,1507 22.38618,37.96713,1507 22.38631,37.96726,1507.601 22.38632,37.96727,1507.729 22.38641,37.96741,1508.925 22.38644,37.96743,1508.969 22.3866,37.96755,1509.15 22.38679,37.96765,1508.661 22.3869,37.96771,1507.728 22.38698,37.96774,1507.043 22.38719,37.96782,1506.402 22.38739,37.96788,1506.895 22.3874,37.96789,1506.931 22.38759,37.96799,1506.581 22.38778,37.96808,1505.319 22.38791,37.96815,1504.132 22.38798,37.96818,1503.228 22.38818,37.96827,1501.609 22.38837,37.96836,1500.502 22.38852,37.96843,1501.062 22.38857,37.96845,1501.014 22.38875,37.96856,1500.316 22.38893,37.96867,1497.759 22.38902,37.96872,1496.523 22.3891,37.96879,1494.677 22.38927,37.96891,1491.828 22.38931,37.96895,1492.03 22.38941,37.96905,1492.356 22.38954,37.9692,1492.444 22.38959,37.96925,1492.456 22.38965,37.96931,1492.214 22.38979,37.96946,1490.892 22.38992,37.9696,1489.56 22.38993,37.96961,1489.452 22.39001,37.96976,1489.028 22.39006,37.96985,1488.812 22.39013,37.96991,1488.272 22.39025,37.97002,1487.379 22.39029,37.97005,1487.172 22.3904,37.97017,1487.343 22.39043,37.97019,1487.309 22.39052,37.97029,1487.134 22.39057,37.97033,1487.052 22.39073,37.97046,1487.628 22.39087,37.97057,1487.92 22.39089,37.97058,1487.884 22.39106,37.9707,1487.704 22.39123,37.97082,1487.565 22.39126,37.97084,1487.512 22.3914,37.97095,1487.79 22.39156,37.97107,1487.13 22.39168,37.97116,1486.415 22.39174,37.97119,1486.174 22.39192,37.97129,1484.933 22.39199,37.97133,1484.858 22.39213,37.97136,1485.035 22.39229,37.97139,1485.733 22.39235,37.97141,1486.351 22.39257,37.97146,1487.675 22.39258,37.97146,1487.702 22.39276,37.97155,1487.233 22.39295,37.97165,1487.494 22.39306,37.97171,1487.605 22.39311,37.97177,1487.645 22.39317,37.97186,1487.112 22.3932,37.97194,1486.113 22.39323,37.97199,1485.394 22.39331,37.97209,1483.776 22.39336,37.97215,1482.873 22.39342,37.97225,1481.605 22.39346,37.97232,1481.151 22.39355,37.97239,1481.057 22.39362,37.97245,1480.88 22.39374,37.9725,1482.32 22.39376,37.97251,1482.677 22.39388,37.97254,1484.705 22.39395,37.97253,1485.724 22.394,37.97253,1486.406 22.39411,37.97252,1487.997 22.39417,37.97255,1488.486 22.39418,37.97255,1488.565 22.39418,37.9726,1488.033 22.39415,37.97265,1487.205 22.3941,37.9727,1486.226 22.39409,37.9727,1486.133 22.39405,37.97275,1485.376 22.39406,37.97281,1485.161 22.39411,37.97286,1485.356 22.39413,37.97288,1485.417 22.3942,37.973,1485.56 22.39422,37.97302,1485.704 22.39427,37.97309,1486.116 22.39428,37.97319,1486.224 22.39428,37.97322,1486.224 22.39432,37.97334,1486.643 22.39435,37.97334,1486.964 22.39445,37.97335,1487.979 22.39456,37.97331,1488.867 22.39456,37.9733,1488.882 22.39463,37.97325,1489.536 22.39472,37.97321,1490.424 22.39474,37.9732,1490.541 22.3949,37.97306,1492.244 22.39505,37.97294,1493.491 22.39505,37.97293,1493.533 22.39507,37.97288,1493.791 22.39504,37.97281,1494.011 22.39507,37.97279,1494.197 22.39509,37.97277,1494.352 22.39515,37.97273,1494.712 22.39525,37.97267,1495.288 22.39526,37.97265,1495.396 22.39538,37.97252,1496.611 22.3954,37.97251,1496.812 22.39551,37.97247,1497.798 22.39562,37.97246,1497.912 22.39574,37.97245,1497.516 22.39583,37.97242,1497.3 22.39587,37.9724,1497.18 22.39597,37.97235,1496.782 22.39601,37.97231,1496.613 22.39602,37.97229,1496.576 22.39611,37.97229,1496.007 22.39621,37.97226,1495.596 22.39622,37.97226,1495.555 22.39632,37.9722,1495.248 22.39639,37.97215,1495.004 22.39641,37.97213,1495.076 22.39637,37.97197,1495.068 22.39633,37.97184,1495.508 22.39632,37.9718,1495.639 22.39631,37.97174,1495.811 22.39631,37.97166,1496.007 22.39632,37.97162,1496.042 22.39636,37.97144,1496.085 22.39638,37.97137,1496.034 22.39641,37.97127,1496 22.39645,37.97114,1496 22.39645,37.97109,1496.228 22.39645,37.97107,1496.444 22.3964,37.97098,1497.416 22.39636,37.97092,1498.2 22.39634,37.97088,1498.702 22.39631,37.97075,1500.184 22.39629,37.97065,1501.336 22.3963,37.97057,1502.164 22.3963,37.97054,1502.452 22.39624,37.9704,1503.616 22.39615,37.97023,1504.164 22.39603,37.97008,1503.708 22.39603,37.97007,1503.708 22.396,37.96991,1503.924 22.396,37.9699,1503.96 22.39601,37.96978,1504.428 22.39599,37.96973,1504.536 22.39591,37.96956,1505.283 22.39589,37.96952,1505.511 22.39581,37.9694,1506.493 22.3958,37.96938,1506.724 22.39577,37.96922,1508.608 22.39577,37.9692,1508.841 22.39577,37.96905,1510.392 22.39577,37.96904,1510.492 22.39579,37.96886,1512.312 22.3958,37.96884,1512.528 22.39577,37.96869,1514.148 22.39578,37.96868,1514.256 22.3958,37.96861,1515 22.39593,37.96857,1514.704 22.39609,37.96851,1514.412 22.39614,37.96851,1514.194 22.39628,37.96851,1513.369 22.39636,37.96853,1512.762 22.39643,37.96855,1512.094 22.39657,37.96859,1510.345 22.39658,37.96859,1510.245 22.39674,37.96858,1509.56 22.39681,37.96859,1509.38 22.39694,37.96862,1508.904 22.39703,37.96864,1508.784 22.39708,37.96865,1508.785 22.3972,37.96862,1508.992 22.39725,37.96861,1509.32 22.39733,37.96857,1510.847 22.39743,37.9685,1512.945 22.39745,37.96849,1513.282 22.39756,37.9684,1515.74 22.3976,37.96841,1516.075 22.39775,37.96843,1517.621 22.39782,37.96845,1518.108 22.39797,37.96851,1518.916 22.39803,37.96853,1519.335 22.39821,37.96861,1519.562 22.39822,37.96862,1519.643 22.3984,37.96873,1520.376 22.39852,37.9688,1520.016 22.39858,37.96884,1519.872 22.39874,37.96893,1518.045 22.39877,37.96895,1517.706 22.39891,37.969,1515.805 22.39898,37.96901,1514.626 22.39911,37.96903,1512.557 22.3992,37.96902,1510.937 22.39929,37.96901,1509.598 22.39943,37.96899,1507.373 22.39947,37.96898,1506.846 22.39963,37.96897,1505.889 22.39965,37.96896,1505.607 22.39982,37.96892,1505.146 22.39987,37.9689,1505.2 22.40007,37.96882,1505.879 22.40016,37.96878,1505.732 22.40029,37.96876,1505.567 22.4005,37.96873,1504.369 22.40051,37.96873,1504.328 22.40073,37.96867,1501.804 22.40074,37.96866,1501.552 22.40083,37.96861,1500.016 22.40086,37.96853,1499.116 22.40087,37.96852,1498.946 22.40089,37.96844,1498.329 22.40094,37.96837,1497.728 22.40097,37.96833,1497.544 22.40112,37.96826,1497.728 22.40117,37.96824,1497.584 22.4013,37.96822,1496.864 22.40134,37.96822,1496.576 22.40156,37.96817,1496.764 22.40163,37.96816,1496.872 22.40178,37.96815,1497.249 22.40201,37.96815,1497.876 22.40224,37.96813,1499.039 22.40247,37.96812,1500.649 22.40506,37.96889,1501.783 22.40507,37.96894,1501.702 22.40509,37.96899,1501.558 22.40511,37.96901,1501.431 22.40516,37.96907,1501.048 22.40524,37.96912,1500.417 22.40527,37.96914,1500.149 22.40534,37.96921,1499.429 22.40536,37.96927,1498.85 22.4054,37.96945,1497.089 22.40542,37.96954,1496.464 22.40546,37.96962,1495.839 22.40548,37.96967,1495.511 22.40553,37.96973,1495.095 22.40559,37.96976,1495.124 22.4056,37.96977,1495.16 22.40566,37.96983,1495.376 22.4057,37.96991,1495.52 22.40577,37.97007,1495.325 22.40577,37.97008,1495.262 22.40579,37.97017,1494.715 22.40582,37.97026,1494.125 22.4059,37.97037,1493.256 22.40593,37.97042,1492.798 22.40599,37.9705,1491.949 22.406,37.97056,1491.4 22.406,37.97058,1491.4 22.40599,37.97066,1491.436 22.40606,37.97074,1491.184 22.40607,37.97074,1491.148 22.40615,37.97082,1490.733 22.40621,37.97088,1490.288 22.40626,37.97093,1489.928 22.40638,37.97099,1489.064 22.40644,37.97105,1488.672 22.40648,37.97111,1488.345 22.40648,37.97115,1488.11 22.40648,37.97122,1487.689 22.40645,37.97133,1487.157 22.4064,37.9715,1485.76 22.40649,37.97167,1483.588 22.40657,37.97183,1480.996 22.40659,37.97188,1480.204 22.40668,37.97199,1478.932 22.40676,37.97209,1479.148 22.40679,37.97215,1479.148 22.40686,37.97227,1479.444 22.40689,37.97231,1479.67 22.40698,37.97244,1480.284 22.407,37.97247,1480.422 22.40714,37.97261,1480.454 22.40721,37.97268,1480.025 22.40728,37.97275,1479.134 22.40741,37.97287,1476.772 22.40742,37.97289,1476.384 22.40752,37.97305,1473.24 22.4076,37.97319,1473.584 22.4076,37.97322,1473.554 22.40756,37.9734,1473.344 22.40751,37.97357,1473.848 22.40745,37.97375,1476.41 22.4074,37.97392,1478.464 22.40735,37.9741,1479.03 22.40732,37.97418,1479.118 22.40729,37.97427,1479.294 22.40723,37.97444,1479.997 22.4072,37.97455,1481.47 22.40716,37.97461,1482.294 22.40707,37.97478,1484.208 22.40703,37.97484,1484.424 22.40695,37.97493,1484.748 22.40683,37.97508,1483.888 22.40682,37.97509,1483.78 22.40668,37.97522,1482.304 22.40657,37.97531,1481.112 22.40652,37.97535,1480.561 22.40674,37.9754,1481.648 22.40685,37.97542,1482.296 22.40697,37.97544,1482.939 22.40709,37.97546,1483.375 22.40719,37.97549,1483.823 22.40738,37.97553,1485.547 22.4074,37.97554,1485.812 22.40762,37.9756,1489.096 22.40773,37.97564,1491.004 22.40783,37.97566,1492.256 22.40805,37.97571,1494.74 22.4081,37.97572,1495.185 22.40828,37.97574,1496.399 22.4085,37.97577,1498.288 22.40873,37.97579,1500.727 22.40895,37.97575,1502.606 22.40917,37.97571,1504.112 22.4094,37.97567,1503.824 22.40958,37.97564,1502.632 22.40962,37.97564,1502.344 22.40985,37.97566,1500.832 22.41001,37.97578,1500.63 22.41002,37.97578,1500.644 22.4101,37.97595,1501.689 22.4101,37.97596,1501.748 22.41013,37.97613,1502.768 22.41015,37.97627,1504.485 22.41016,37.9763,1504.856 22.41022,37.97648,1507.38 22.41026,37.97661,1509.235 22.41029,37.97665,1509.804 22.41039,37.97681,1512.051 22.4104,37.97683,1512.275 22.4105,37.97697,1513.163 22.41061,37.97712,1511.532 22.41064,37.97717,1510.782 22.41078,37.97723,1508.011 22.41099,37.97731,1506.326 22.41119,37.97739,1505.551 22.4113,37.97744,1506.023 22.4114,37.97746,1506.35 22.41162,37.97751,1505.558 22.4118,37.97754,1505.246 22.41184,37.97756,1505.402 22.41204,37.97765,1505.974 22.41224,37.97773,1506.389 22.41231,37.97777,1506.311 22.41251,37.97785,1505.52 22.41259,37.97789,1505.808 22.41272,37.97792,1506.024 22.41294,37.97796,1507.097 22.41316,37.97801,1508.588 22.41338,37.97806,1509.739 22.41356,37.97809,1508.786 22.4136,37.9781,1508.573 22.41382,37.97814,1506.427 22.41405,37.97818,1504.736 22.41422,37.97821,1503.92 22.41427,37.97822,1503.812 22.41449,37.97825,1503.302 22.4146,37.97826,1503.176 22.41472,37.97826,1502.948 22.41495,37.97825,1502.554 22.415,37.97825,1502.5 22.41518,37.97823,1502.14 22.4154,37.9782,1501.16 22.41548,37.97819,1500.692 22.41563,37.97818,1499.704 22.41585,37.97817,1498.099 22.41608,37.97815,1498.02 22.41631,37.97814,1497.954 22.41654,37.97812,1497.485 22.4166,37.97812,1497.551 22.41676,37.97813,1498.188 22.41698,37.97815,1499.232 22.41699,37.97815,1499.292 22.4172,37.97821,1500.996 22.41734,37.97825,1501.061 22.41741,37.97829,1500.758 22.41761,37.97838,1500.406 22.4178,37.97847,1500.041 22.41799,37.97858,1500.086 22.41818,37.97868,1500.707 22.41834,37.97877,1500.665 22.41836,37.97878,1500.611 22.41854,37.9789,1499.999 22.41871,37.97901,1499.802 22.41889,37.97913,1498.598 22.41906,37.97924,1499.027 22.41912,37.97928,1499.105 22.41922,37.97938,1498.951 22.41936,37.97952,1497.027 22.4195,37.97966,1494.618 22.41964,37.9798,1493.298 22.41978,37.97994,1494.356 22.41992,37.98009,1494.94 22.42006,37.98023,1496.089 22.42019,37.98036,1494.913 22.4202,37.98037,1494.77 22.42032,37.98052,1494.008 22.42043,37.98067,1493.034 22.42041,37.9807,1493.344 22.42043,37.98076,1493.211 22.42046,37.98088,1492.974 22.42045,37.98093,1493.008 22.42045,37.98101,1492.898 22.42039,37.9811,1493.216 22.42037,37.98114,1493.093 22.42022,37.98122,1493.366 22.42002,37.98129,1494.254 22.41995,37.98146,1493.058 22.41992,37.98153,1492.922 22.41988,37.98164,1492.569 22.41986,37.98171,1492.893 22.41975,37.98176,1493.606 22.41955,37.98185,1493.911 22.41965,37.98185,1494.148 22.41987,37.98185,1494.139 22.41994,37.98185,1494.053 22.4201,37.98185,1494.095 22.42031,37.98186,1494.793 22.42033,37.98186,1494.987 22.42056,37.98186,1497.207 22.4207,37.98186,1498.17 22.42078,37.98188,1498.978 22.42101,37.98192,1499.1 22.42109,37.98193,1498.92 22.42122,37.98197,1498.528 22.42138,37.98202,1498.143 22.42144,37.98203,1498.105 22.42166,37.98208,1498.452 22.42188,37.98206,1496.095 22.42197,37.98205,1495.166 22.42211,37.98205,1494.541 22.42222,37.98206,1494.337 22.42234,37.98207,1495.04 22.42253,37.98209,1496.465 22.42256,37.98209,1496.737 22.42279,37.98209,1498.802 22.42283,37.98209,1499.083 22.42302,37.98208,1500.157 22.42325,37.98206,1501.721 22.42347,37.98203,1502.68 22.42358,37.98202,1503.166 22.42369,37.98199,1503.244 22.42391,37.98194,1503.148 22.42413,37.98188,1504.132 22.42415,37.98188,1504.226 22.42435,37.98185,1503.756 22.42458,37.98182,1502.989 22.4246,37.98181,1502.793 22.42481,37.98181,1503.212 22.42503,37.98181,1504.744 22.42508,37.9818,1504.826 22.42526,37.98183,1506.426 22.42548,37.98187,1505.936 22.42553,37.98188,1505.792 22.42569,37.98194,1505.46 22.4259,37.98201,1504.998 22.42596,37.98202,1504.436 22.42611,37.98208,1503.458 22.4263,37.98214,1500.843 22.42632,37.98215,1500.579 22.42655,37.98217,1497.334 22.42657,37.98218,1497.134 22.42669,37.98215,1495.784 22.42667,37.98209,1495.535 22.42663,37.98191,1495.851 22.42659,37.98173,1498.986 22.42673,37.98185,1497.311 22.42689,37.98197,1496.552 22.42701,37.98207,1497.408 22.42705,37.9821,1497.702 22.4272,37.98224,1498.058 22.42732,37.98235,1499.274 22.42736,37.98237,1499.269 22.42755,37.98246,1499.112 22.42774,37.98256,1501.259 22.4278,37.98261,1501.641 22.42788,37.9827,1502.076 22.42802,37.98285,1502.329 22.42816,37.98299,1502.004 22.42827,37.9831,1500.739 22.42831,37.98308,1500.78 22.42827,37.9831,1500.739 22.4283,37.98313,1500.389 22.42846,37.98326,1499.755 22.42862,37.98339,1497.796 22.42878,37.98352,1498.251 22.42893,37.98365,1495.71 22.42909,37.98378,1492.102 22.42917,37.98384,1488.956 22.42925,37.98391,1487.384 22.42941,37.98404,1487.534 22.42956,37.98417,1487.85 22.42966,37.98425,1488.355 22.42972,37.9843,1488.047 22.42987,37.9844,1486.596 22.42989,37.98442,1486.181 22.43008,37.98452,1485.823 22.43026,37.98463,1485.975 22.43044,37.98474,1485.219 22.43063,37.98485,1486.503 22.43081,37.98495,1488.211 22.43099,37.98506,1488.266 22.43117,37.98517,1487.929 22.43123,37.9852,1487.647 22.43136,37.98527,1486.404 22.4314,37.9853,1486.387 22.43155,37.98537,1486.062 22.43173,37.98547,1484.911 22.43174,37.98547,1484.836 22.43194,37.98556,1483.113 22.43213,37.98565,1482.129 22.43233,37.98575,1480.742 22.43241,37.98578,1479.693 22.43253,37.98583,1477.921 22.43266,37.98589,1478.413 22.43274,37.98591,1478.315 22.43286,37.98594,1478.718 22.43296,37.98596,1479.181 22.43311,37.98598,1479.769 22.43318,37.98599,1480.083 22.43331,37.986,1480.533 22.43341,37.98601,1480.285 22.43363,37.98603,1479.204 22.43386,37.98605,1478.127 22.43409,37.98607,1479.234 22.43416,37.98608,1479.733 22.43431,37.9861,1480.477 22.4344,37.98612,1481.106 22.43453,37.98615,1482.077 22.43464,37.98617,1482.547 22.43475,37.9862,1483.044 22.43491,37.98625,1482.81 22.43496,37.98626,1482.52 22.43518,37.98633,1477.359 22.43535,37.98638,1472.237 22.43539,37.9864,1471.492 22.43552,37.98644,1469.368 22.43559,37.98648,1469.252 22.43566,37.98652,1469.648 22.43578,37.98657,1469.792 22.43581,37.98659,1470.044 22.43595,37.98662,1468.418 22.436,37.98663,1467.661 22.43614,37.98664,1465.106 22.43623,37.98664,1463.517 22.43646,37.98664,1460.382 22.43647,37.98664,1460.336 22.43654,37.98664,1460.011 22.43659,37.98665,1459.966 22.43666,37.98667,1460.12 22.43668,37.98667,1459.904 22.43673,37.98669,1459.76 22.43679,37.98673,1460.048 22.43686,37.98678,1460.48 22.43689,37.98679,1460.336 22.43702,37.98691,1461.614 22.43705,37.98693,1461.664 22.43713,37.98698,1461.599 22.4372,37.98701,1461.25 22.43721,37.98702,1461.372 22.43727,37.98703,1460.948 22.43734,37.98705,1460.768 22.43742,37.98705,1459.904 22.43757,37.98707,1458.746 22.43762,37.98707,1458.125 22.43765,37.98707,1457.752 22.43767,37.98707,1457.503 22.43772,37.98707,1456.882 22.43776,37.98706,1456.131 22.43779,37.98704,1455.246 22.43782,37.98703,1454.606 22.43784,37.98702,1454.11 22.43785,37.987,1453.516 22.43787,37.98698,1452.815 22.43788,37.98696,1452.247 22.43789,37.98694,1451.682 22.43789,37.98691,1450.97 22.43788,37.98688,1450.357 22.43787,37.98685,1449.737 22.43786,37.98683,1449.35 22.43785,37.98682,1449.2 22.43782,37.98679,1448.737 22.43779,37.98677,1448.5 22.43775,37.98675,1448.26 22.4377,37.98673,1448.004 22.43768,37.98673,1448.109 22.43766,37.98672,1447.931 22.43753,37.98671,1448.262 22.43747,37.9867,1448.404 22.43746,37.9867,1448.512 22.43743,37.98669,1448.512 22.43739,37.98667,1448.296 22.43735,37.98665,1448.228 22.43732,37.98663,1448.066 22.4373,37.98661,1447.789 22.43729,37.98659,1447.403 22.43728,37.98657,1447.012 22.43721,37.98642,1444.048 22.4372,37.98639,1443.508 22.43717,37.98636,1443.712 22.43713,37.98633,1444.144 22.43709,37.98631,1444.72 22.43706,37.98629,1445.08 22.43703,37.98628,1445.584 22.43699,37.98624,1445.872 22.43695,37.98621,1446.304 22.43694,37.98618,1446.12 22.43695,37.98615,1445.44 22.43696,37.98614,1445.08 22.43699,37.98612,1444.144 22.43705,37.98611,1442.72 22.4371,37.98611,1441.64 22.43714,37.98613,1441.048 22.43716,37.98613,1440.616 22.43732,37.98621,1439.72 22.43735,37.98622,1439.648 22.4374,37.98624,1439.576 22.43748,37.98626,1439.288 22.43755,37.98628,1439.001 22.43757,37.98628,1438.829 22.43763,37.98629,1438.473 22.43771,37.98629,1437.795 22.43779,37.98628,1437.023 22.43798,37.98627,1436.548 22.43802,37.98628,1436.698 22.43816,37.98628,1435.749 22.43825,37.98628,1434.974 22.4384,37.98629,1433.308 22.43847,37.9863,1432.3 22.43853,37.98632,1431.724 22.43859,37.98633,1430.896 22.43867,37.98636,1430.212 22.43869,37.98637,1430.104 22.43873,37.98639,1429.891 22.43882,37.98644,1429.805 22.43887,37.98647,1429.928 22.43906,37.98658,1431.999 22.4391,37.9866,1432.533 22.43921,37.98666,1434.088 22.43925,37.98667,1433.915 22.43932,37.9867,1434.004 22.43945,37.98671,1432.639 22.43947,37.98672,1432.762 22.43957,37.98672,1431.391 22.4397,37.98672,1429.609 22.43975,37.98672,1429.204 22.43993,37.9867,1427.692 22.44005,37.98669,1427.008 22.44016,37.98669,1427.008 22.44022,37.98668,1426.576 22.44038,37.98668,1426.594 22.44042,37.98669,1427.051 22.44061,37.9867,1426.627 22.44082,37.98673,1424.638 22.44084,37.98673,1424.281 22.44105,37.98678,1422.758 22.44108,37.98679,1422.726 22.44127,37.98684,1422.838 22.44136,37.98687,1423.544 22.4412,37.98674,1417.793 22.44104,37.98661,1414.292 22.44093,37.98645,1410.332 22.44089,37.9864,1409.216 22.44086,37.98628,1406.401 22.44082,37.98614,1402.981 22.44098,37.98618,1402.007 22.4411,37.98622,1401.127 22.44119,37.98626,1400.808 22.44121,37.98627,1400.741 22.44136,37.98637,1400.198 22.44139,37.98639,1400.032 22.4415,37.98652,1403.542 22.44162,37.98666,1406.472 22.44163,37.98666,1406.33 22.44167,37.98668,1406.764 22.44175,37.98669,1407.168 22.44185,37.98669,1406.956 22.44186,37.98669,1406.935 22.44207,37.98665,1405.547 22.44229,37.9866,1403.52 22.44236,37.98659,1402.495 22.44247,37.98658,1401.083 22.44252,37.98658,1400.365 22.44256,37.98657,1399.462 22.44267,37.9866,1397.662 22.44273,37.98663,1396.723 22.44294,37.9867,1395.258 22.44303,37.98673,1395.121 22.44315,37.98677,1395.043 22.44319,37.98678,1394.901 22.44337,37.98682,1394.166 22.44344,37.98683,1394.076 22.44359,37.98686,1393.89 22.44367,37.98688,1393.958 22.44381,37.98691,1393.966 22.44383,37.98691,1393.911 22.44402,37.98698,1392.975 22.44404,37.98699,1392.846 22.44421,37.98708,1391.436 22.44428,37.98711,1390.646 22.4444,37.98718,1388.879 22.44452,37.98725,1388.301 22.44458,37.98729,1388.857 22.44461,37.98731,1389.112 22.44467,37.98737,1389.948 22.44471,37.98744,1390.998 22.44473,37.98746,1391.268 22.44478,37.98752,1392.122 22.44483,37.98755,1392.372 22.44487,37.98756,1392.318 22.4449,37.98757,1392.297 22.44501,37.9876,1392.018 22.44509,37.9876,1391.523 22.44517,37.98761,1391.091 22.44527,37.98763,1390.522 22.44531,37.98765,1390.299 22.44536,37.98767,1389.954 22.44549,37.98775,1388.761 22.44552,37.98778,1388.448 22.44558,37.98783,1389.63 22.44565,37.98788,1391.249 22.44576,37.98793,1392.646 22.44586,37.98796,1393.346 22.44587,37.98796,1393.371 22.44599,37.98798,1393.947 22.44608,37.988,1394.355 22.44618,37.98802,1393.783 22.4463,37.98806,1392.365 22.44645,37.9881,1391.105 22.44651,37.98812,1390.751 22.44672,37.98818,1389.044 22.44694,37.98824,1386.397 22.44706,37.98828,1386.103 22.44714,37.98832,1385.631 22.44718,37.98833,1385.321 22.44724,37.98837,1386.043 22.44732,37.98843,1387.183 22.44743,37.98851,1388.277 22.4475,37.98855,1388.46 22.44753,37.98856,1388.291 22.4476,37.98859,1387.832 22.4477,37.98862,1386.569 22.44788,37.98867,1383.272 22.44792,37.98868,1382.398 22.44801,37.98871,1380.687 22.44807,37.98874,1380.023 22.44812,37.98876,1379.666 22.44813,37.98877,1379.702 22.44824,37.98886,1378.969 22.44828,37.98889,1378.394 22.44838,37.98898,1380.484 22.44844,37.98901,1380.679 22.44849,37.98904,1380.846 22.4486,37.98907,1379.466 22.44865,37.98908,1378.751 22.44888,37.98912,1375.173 22.44896,37.98914,1374.341 22.44907,37.98918,1373.143 22.449067,37.98919,1373.503 22.45052,37.9891,1361.572 22.45062,37.98914,1357.626 22.4508,37.98921,1353.809 22.45083,37.98921,1353.56 22.45106,37.98925,1350.652 22.45116,37.98926,1349.344 22.45128,37.9893,1346.885 22.45149,37.98935,1342.395 22.45153,37.98936,1341.51 22.4517,37.98942,1336.749 22.45191,37.98949,1332.429 22.45214,37.98952,1331.177 22.45222,37.98953,1330.846 22.45236,37.98952,1330.6 22.45253,37.9895,1330.298 22.45258,37.98947,1330.518 22.45278,37.98938,1332.014 22.45296,37.98929,1335.863 22.45297,37.98929,1335.843 22.45306,37.98929,1335.727 22.45319,37.98932,1336.095 22.45324,37.98934,1335.918 22.45339,37.98941,1334.951 22.45358,37.98951,1331.259 22.45378,37.9896,1325.968 22.4538,37.98961,1325.356 22.45399,37.98965,1321.389 22.454,37.98965,1321.236 22.45417,37.98966,1317.972 22.45422,37.98965,1317.72 22.45444,37.98961,1316.352 22.45466,37.98956,1315.44 22.45489,37.98952,1313.717 22.45493,37.98951,1313.514 22.4551,37.98946,1312.269 22.45514,37.98945,1311.678 22.4553,37.98937,1309.424 22.45543,37.98931,1306.94 22.4555,37.98929,1305.248 22.4557,37.98921,1302.794 22.45575,37.98919,1302.246 22.45593,37.98917,1299.884 22.4561,37.98916,1298.382 22.45615,37.98916,1297.281 22.45638,37.98918,1290.843 22.45649,37.98919,1286.719 22.45653,37.98922,1284.482 22.45655,37.98927,1282.44 22.45656,37.98929,1281.562 22.45656,37.98944,1277.574 22.45656,37.98952,1275.72 22.45655,37.98961,1273.954 22.45654,37.98962,1274.024 22.45651,37.98968,1273.51 22.45643,37.98978,1273.214 22.45642,37.98983,1272.087 22.45642,37.98986,1271.247 22.45643,37.98991,1269.608 22.45645,37.98995,1268.041 22.45646,37.98997,1267.273 22.45652,37.99012,1261.916 22.45658,37.9903,1256.16 22.45662,37.99038,1254 22.45666,37.99042,1252.56 22.45669,37.99045,1251.7 22.45671,37.99046,1251.354 22.45676,37.99048,1250.597 22.45689,37.99054,1248.627 22.45694,37.99056,1247.92 22.45699,37.99058,1247.384 22.45704,37.99058,1247.384 22.45708,37.99057,1247.636 22.4571,37.99056,1247.888 22.45712,37.99055,1248.067 22.45714,37.9905,1248.659 22.45714,37.99039,1249.964 22.45714,37.99027,1251.397 22.45717,37.99022,1251.89 22.4572,37.99017,1252.306 22.45731,37.99008,1252.595 22.45734,37.99005,1252.688 22.45749,37.98996,1252.509 22.45767,37.98986,1251.676 22.45779,37.98979,1250.992 22.45785,37.98974,1250.038 22.45787,37.98973,1249.62 22.45793,37.98967,1248.419 22.45798,37.9896,1247.263 22.45801,37.98952,1246.506 22.45805,37.98945,1245.199 22.45806,37.98943,1245.219 22.45812,37.98936,1244.225 22.45819,37.98928,1242.209 22.45833,37.98914,1235.793 22.45835,37.98912,1235.438 22.45846,37.98904,1233.008 22.4585,37.98902,1231.818 22.45858,37.98897,1229.37 22.4587,37.98894,1227.109 22.45877,37.98892,1226.312 22.45889,37.98888,1225.208 22.45891,37.98887,1225.167 22.45901,37.98881,1225.12 22.45909,37.98876,1225.016 22.45927,37.98865,1224.62 22.45942,37.98856,1223.736 22.45944,37.98854,1223.58 22.45958,37.98844,1220.441 22.45961,37.98841,1219.947 22.45963,37.98839,1219.643 22.45968,37.98833,1219.038 22.45972,37.98825,1217.454 22.45984,37.9881,1211.3 22.45997,37.98795,1206.436 22.46002,37.98789,1204.852 22.4601,37.9878,1202.08 22.46017,37.98773,1200.381 22.46021,37.98766,1200.347 22.46021,37.98765,1200.616 22.46031,37.98749,1199.928 22.46032,37.98746,1200.45 22.46037,37.98741,1199.824 22.46042,37.98737,1198.828 22.46046,37.98736,1197.333 22.4605,37.98734,1196.123 22.46053,37.98737,1193.891 22.46057,37.98739,1191.638 22.46062,37.9874,1189.541 22.46057,37.98748,1189.097 22.46052,37.98756,1189.589 22.46048,37.98763,1190.01 22.46046,37.98766,1190.23 22.460463,37.98766,1190.119 22.46044,37.9877,1190.213 22.46044,37.98772,1189.836 22.46042,37.98776,1189.742 22.46043,37.98789,1187.856 22.46043,37.9879,1187.748 22.46043,37.98805,1186.128 22.46044,37.98808,1185.59 22.46045,37.98813,1184.922 22.46049,37.98826,1182.437 22.4605,37.98828,1181.861 22.46051,37.98835,1180.828 22.46051,37.98844,1180.074 22.46048,37.98862,1179.676 22.46047,37.98864,1179.92 22.46044,37.98873,1180.27 22.46042,37.98879,1180.309 22.46039,37.98885,1180.397 22.46033,37.98896,1181.012 22.46024,37.98912,1183.111 22.46022,37.98917,1183.652 22.46022,37.98922,1183.472 22.46023,37.98928,1182.968 22.46023,37.9893,1182.896 22.46026,37.98947,1181.248 22.4603,37.98965,1178.102 22.46031,37.98973,1176.782 22.46032,37.9898,1174.867 22.46032,37.98983,1174.186 22.46031,37.98991,1172.743 22.4603,37.99001,1170.877 22.46028,37.99012,1168.898 22.46027,37.99018,1167.698 22.46027,37.9903,1165.062 22.46026,37.99048,1164.009 22.46026,37.99058,1163.014 22.46027,37.99062,1162.042 22.46029,37.99066,1160.751 22.46031,37.99071,1159.228 22.46032,37.99075,1158.178 22.46034,37.99079,1156.799 22.46033,37.99083,1156.37 22.46032,37.99089,1154.747 22.4603,37.99094,1153.594 22.46027,37.99099,1152.631 22.46027,37.99101,1151.917 22.46029,37.99104,1150.328 22.46036,37.99105,1148.69 22.46038,37.99105,1148.323 22.46044,37.99104,1147.476 22.46048,37.99104,1146.716 22.46051,37.99104,1146.146 22.46058,37.99104,1144.709 22.46064,37.99104,1143.308 22.46067,37.99103,1142.817 22.4607,37.99102,1142.341 22.46072,37.99101,1142.107 22.46078,37.99095,1142.181 22.46084,37.99089,1142.375 22.46085,37.99088,1142.334 22.46089,37.99085,1141.936 22.46094,37.99082,1141.205 22.46101,37.99077,1140.342 22.46102,37.99076,1140.299 22.46106,37.99072,1140.178 22.46109,37.99068,1140.388 22.46116,37.99062,1140.402 22.46131,37.99048,1140.141 22.46134,37.99046,1139.837 22.46139,37.99042,1139.428 22.46143,37.9904,1139.356 22.46151,37.99037,1139.032 22.46161,37.99036,1138.132 22.46164,37.99031,1138.708 22.46181,37.99019,1137.884 22.46198,37.99007,1136.573 22.46208,37.99,1135.072 22.4621,37.98998,1134.68 22.46221,37.98982,1132.883 22.46226,37.98976,1132.066 22.46235,37.98961,1130.24 22.46245,37.98948,1128.08 22.46246,37.98946,1127.864 22.46248,37.98944,1127.401 22.46249,37.98938,1126.76 22.46251,37.9893,1125.763 22.46252,37.98923,1125.08 22.46251,37.98918,1124.914 22.46256,37.98917,1123.941 22.4626,37.98914,1123.261 22.46263,37.98912,1122.749 22.46266,37.98909,1122.237 22.46267,37.98908,1122.061 22.46269,37.98903,1121.735 22.46272,37.989,1121.165 22.46273,37.98892,1121.013 22.46275,37.98884,1120.829 22.46276,37.98881,1120.723 22.46277,37.98878,1120.593 22.46279,37.98876,1120.244 22.4628,37.98875,1120.1 22.46283,37.98873,1119.632 22.46288,37.98869,1118.876 22.46297,37.98864,1117.436 22.46299,37.98862,1117.148 22.46302,37.98859,1116.735 22.46304,37.98857,1116.445 22.46305,37.98854,1116.366 22.46307,37.98848,1116.264 22.46312,37.98832,1116.216 22.46313,37.98831,1116.18 22.46313,37.9883,1116.288 22.46315,37.98828,1116.216 22.46317,37.98827,1116.036 22.46321,37.98826,1115.568 22.46325,37.98826,1114.992 22.4633,37.98826,1114.272 22.46333,37.98827,1113.732 22.46341,37.98829,1112.321 22.46343,37.98829,1112.022 22.46345,37.98829,1111.722 22.46347,37.98828,1111.514 22.46348,37.98827,1111.452 22.46349,37.98825,1111.475 22.4635,37.98823,1111.493 22.46352,37.98816,1111.765 22.46355,37.98805,1112.133 22.46357,37.98797,1112.185 22.46359,37.98793,1111.935 22.4636,37.9879,1111.827 22.46362,37.98788,1111.44 22.46369,37.98777,1110.408 22.46372,37.98773,1110.336 22.46377,37.9877,1109.688 22.4638,37.98768,1109.328 22.46386,37.98766,1108.32 22.46392,37.98764,1107.761 22.46398,37.98762,1107.571 22.46404,37.98761,1107.215 22.46409,37.9876,1106.909 22.46414,37.9876,1106.499 22.46422,37.98759,1106.092 22.46426,37.98758,1105.946 22.46429,37.98757,1105.832 22.46431,37.98756,1105.759 22.46432,37.98754,1105.767 22.46434,37.98753,1105.671 22.46434,37.98752,1105.698 22.46442,37.98736,1107.74 22.46449,37.98719,1108.14 22.46453,37.98711,1106.71 22.46457,37.98702,1104.992 22.46462,37.98693,1102.393 22.46465,37.98685,1101.352 22.46468,37.98679,1100.167 22.46469,37.98675,1099.991 22.46472,37.98671,1098.661 22.46473,37.98669,1098.384 22.46481,37.98657,1096.614 22.46483,37.98654,1096.311 22.46483,37.98653,1096.497 22.46484,37.98648,1097.031 22.46483,37.98644,1098.17 22.46481,37.98635,1099.427 22.46479,37.98627,1099.391 22.46478,37.98617,1098.852 22.46478,37.98599,1094.717 22.46478,37.98598,1094.422 22.46479,37.98595,1093.046 22.4648,37.98592,1091.663 22.46484,37.98583,1087.024 22.46484,37.98582,1086.905 22.46485,37.98579,1086.067 22.46485,37.98575,1085.612 22.46485,37.98566,1084.588 22.46484,37.98564,1084.764 22.46482,37.98557,1084.667 22.46482,37.98554,1084.332 22.46483,37.98546,1083.221 22.46489,37.98553,1081.74 22.46491,37.98558,1081.442 22.465,37.98574,1078.664 22.46507,37.98586,1077.499 22.46509,37.98591,1078.21 22.46514,37.98599,1078.403 22.46517,37.98607,1079.074 22.46524,37.98622,1078.051 22.46524,37.98624,1078.286 22.46527,37.98635,1077.992 22.46528,37.98642,1077.354 22.4653,37.98654,1074.487 22.4653,37.9866,1073.442 22.46532,37.98678,1071.916 22.46533,37.98696,1071.977 22.46535,37.98714,1071.661 22.46536,37.98727,1071.448 22.46536,37.98732,1071.448 22.46537,37.98741,1071.016 22.46538,37.98749,1070.584 22.46538,37.9875,1070.584 22.46539,37.98755,1069.397 22.46543,37.98765,1066.316 22.46544,37.98767,1065.647 22.46549,37.98785,1061.717 22.4655,37.98789,1061.03 22.46551,37.98796,1060.113 22.4655,37.98802,1059.907 22.4655,37.98803,1059.821 22.46544,37.9882,1061.977 22.46543,37.98825,1062.565 22.46541,37.98836,1063.755 22.46541,37.98838,1063.748 22.46551,37.98829,1059.727 22.46555,37.98825,1058.202 22.46556,37.98824,1057.909 22.46557,37.9882,1057.69 22.46563,37.98807,1056.152 22.46571,37.9879,1054.605 22.46574,37.98782,1053.922 22.4658,37.98775,1052.292 22.46581,37.98774,1052.039 22.46594,37.98764,1048.733 22.46597,37.98761,1047.872 22.46613,37.98748,1042.808 22.46619,37.98742,1042.16 22.46622,37.98739,1041.836 22.46624,37.98733,1042.052 22.46625,37.98731,1042.052 22.46624,37.98727,1042.7 22.46622,37.98724,1043.456 22.46619,37.98721,1044.472 22.46615,37.98717,1045.912 22.46614,37.98716,1046.272 22.46612,37.98711,1047.424 22.46611,37.98708,1048.078 22.4661,37.98703,1049.045 22.46611,37.987,1049.226 22.46613,37.98682,1049.144 22.46616,37.98664,1047.831 22.46618,37.98649,1046.718 22.46622,37.98632,1044.318 22.46622,37.9863,1044.045 22.46623,37.98626,1043.215 22.46623,37.98622,1042.66 22.46623,37.98614,1041.549 22.46622,37.98596,1037.546 22.46622,37.98593,1036.767 22.46621,37.98587,1035.47 22.46619,37.98582,1034.546 22.46617,37.98579,1033.989 22.46616,37.98578,1033.882 22.46612,37.98573,1033.068 22.46602,37.98565,1034.12 22.466,37.98562,1033.813 22.46598,37.98559,1033.491 22.46593,37.98549,1033.464 22.46592,37.98549,1033.86 22.46591,37.98546,1033.932 22.46582,37.98537,1036.636 22.4658,37.98534,1037.22 22.46579,37.98531,1037.292 22.46577,37.98527,1037.57 22.46576,37.98523,1037.126 22.46575,37.9852,1036.864 22.46575,37.98517,1036.194 22.46575,37.98516,1035.971 22.46576,37.98514,1035.164 22.46577,37.9851,1033.952 22.46581,37.98499,1030.651 22.46582,37.98498,1030.329 22.46587,37.98489,1028.443 22.46592,37.98483,1026.51 22.46599,37.98477,1023.726 22.46602,37.98474,1022.43 22.46606,37.98473,1020.914 22.46609,37.98472,1019.734 22.46611,37.98472,1019.008 22.46615,37.98471,1017.29 22.46617,37.98472,1016.638 22.46619,37.98473,1016.008 22.46621,37.98475,1015.598 22.46621,37.98476,1015.782 22.46621,37.98478,1016.152 22.46618,37.98481,1017.69 22.46611,37.9849,1020.955 22.4661,37.98493,1021.584 22.46609,37.98495,1022.095 22.46609,37.98497,1022.3 22.46609,37.98498,1022.403 22.46609,37.98501,1022.688 22.46615,37.98515,1022.229 22.46616,37.98518,1022.188 22.4662,37.98525,1021.624 22.46625,37.98531,1020.906 22.4663,37.98536,1020.329 22.46633,37.98539,1020.014 22.46637,37.98541,1019.348 22.46642,37.98542,1018.491 22.46649,37.98542,1017.237 22.46665,37.9854,1013.947 22.46673,37.9854,1011.816 22.46677,37.9854,1010.664 22.46682,37.98541,1009.44 22.46686,37.98544,1008.936 22.46691,37.98547,1008.144 22.46693,37.98552,1008.648 22.46695,37.9856,1009.767 22.46699,37.98573,1010.88 22.46701,37.98577,1010.779 22.46702,37.98582,1011.228 22.46708,37.98591,1010.992 22.4671,37.98594,1011.053 22.46713,37.98598,1011.07 22.46718,37.98604,1011.077 22.46724,37.98608,1010.646 22.46725,37.98609,1010.863 22.46731,37.98612,1010.93 22.46739,37.98615,1010.31 22.46743,37.98616,1009.845 22.46744,37.98616,1009.682 22.46748,37.98616,1009.03 22.46752,37.98616,1008.475 22.46759,37.98613,1007.278 22.46764,37.98609,1005.956 22.46768,37.98607,1005.02 22.46772,37.98606,1004.336 22.46775,37.98606,1004.012 22.46778,37.98606,1003.64 22.46781,37.98608,1003.172 22.46783,37.98611,1003.28 22.46788,37.98616,1002.346 22.46798,37.98626,1000.836 22.46805,37.98637,1000.803 22.46807,37.98637,1000.278 22.46811,37.98639,999.642 22.46812,37.9864,999.524 22.46812,37.98641,999.657 22.46817,37.98657,1000.878 22.46817,37.98658,1001.03 22.46819,37.9866,1000.996 22.4682,37.98662,1001.154 22.46823,37.98663,1000.843 22.46826,37.98664,1000.556 22.46829,37.98664,1000.093 22.46833,37.98664,999.475 22.46836,37.98663,998.869 22.46847,37.98657,995.751 22.4685,37.98657,995.277 22.46854,37.98656,994.321 22.46857,37.98656,993.831 22.4686,37.98656,993.341 22.46869,37.98656,992.549 22.4688,37.98657,992.13 22.46891,37.98658,991.664 22.46902,37.9866,991.105 22.46925,37.98663,989.035 22.4693,37.98664,988.586 22.46947,37.98667,986.758 22.46963,37.98672,985.315 22.469644,37.986692,984.987 22.46979,37.98673,983.141 22.46988,37.98677,981.677 22.46992,37.9868,980.948 22.46995,37.98687,980.252 22.46997,37.98694,979.661 22.46997,37.98715,978.908 22.46996,37.98737,978.332 22.46997,37.98772,975.015 22.46996,37.98778,974.386 22.46977,37.9881,971.312 22.46976,37.98814,970.759 22.46977,37.98817,970.009 22.4698,37.98819,969.044 22.46986,37.98819,967.86 22.46992,37.98818,966.881 22.47001,37.98811,966.514 22.47016,37.98797,965.374 22.47037,37.98775,966.512 22.47044,37.98766,965.864 22.47049,37.98756,966.044 22.47063,37.98723,963.039 22.47068,37.98714,960.838 22.47078,37.98704,955.648 22.47085,37.98701,952.288 22.47089,37.98702,951.388 22.47096,37.98706,950.056 22.47105,37.9872,949.3 22.47112,37.98733,949.387 22.47115,37.98736,949.216 22.47121,37.98738,948.241 22.47125,37.98738,947.42 22.4713,37.98735,946.182 22.47133,37.98731,945.365 22.47135,37.98727,944.804 22.47134,37.98706,944.396 22.47135,37.98698,944.194 22.47146,37.98671,942.444 22.47161,37.98643,941.756 22.47165,37.98634,941.075 22.47165,37.98615,940.432 22.47158,37.98603,940.191 22.47149,37.9859,939.863 22.47134,37.98579,940.612 22.47114,37.98561,938.956 22.47092,37.98543,936.589 22.47082,37.98537,935.704 22.47079,37.98532,934.372 22.47078,37.98526,932.732 22.47085,37.98513,929.22 22.47094,37.98507,927.57 22.47102,37.98505,927.018 22.47112,37.98503,926.469 22.47123,37.98502,925.442 22.4713,37.98506,925.426 22.47137,37.98514,925.717 22.47144,37.98522,925.602 22.47151,37.98532,926.187 22.4716,37.98541,926.568 22.47169,37.98551,926.69 22.4719,37.98565,925.34 22.47223,37.98579,920.376 22.47242,37.98587,916.7 22.47253,37.98595,914.459 22.47258,37.98604,914.002 22.47262,37.98631,912.828 22.47266,37.98645,911.232 22.47269,37.98651,910.069 22.47273,37.98659,908.302 22.47273,37.98667,907.87 22.47271,37.98676,907.938 22.47261,37.98709,906.943 22.47261,37.98725,905.558 22.47266,37.98747,905.317 22.47275,37.98766,900.611 22.47277,37.98773,898.958 22.47277,37.98784,896.917 22.47276,37.9879,895.916 22.47274,37.98794,895.618 22.47271,37.98798,895.539 22.47248,37.98813,898.442 22.47245,37.98816,898.919 22.47244,37.9882,898.309 22.47245,37.98825,896.832 22.4725,37.98826,895.32 22.47258,37.98825,893.686 22.47268,37.98817,892.671 22.47294,37.98803,888.994 22.47298,37.988,888.686 22.47301,37.98794,889.132 22.47306,37.98782,890.142 22.47309,37.98778,890.215 22.47314,37.98774,890.045 22.47325,37.98772,887.965 22.47334,37.98768,886.591 22.47342,37.98762,885.436 22.4735,37.98753,884.254 22.47354,37.98744,883.686 22.47357,37.98731,883.32 22.47356,37.9871,883.328 22.47357,37.98701,882.248 22.47359,37.98688,881.126 22.47366,37.98671,878.693 22.4737,37.98658,877.876 22.47374,37.98648,877.296 22.47381,37.98635,875.529 22.47396,37.98622,870.199 22.47401,37.98615,868.802 22.47404,37.9861,867.863 22.47405,37.98604,866.678 22.47402,37.98588,865.387 22.47397,37.98579,864.754 22.4739,37.98571,864.186 22.47368,37.9855,866.118 22.47353,37.98532,869.96 22.4734,37.9852,874.067 22.47331,37.98511,876.356 22.47329,37.98507,876.374 22.47325,37.98484,871.562 22.47316,37.98457,867.746 22.47314,37.98429,864.664 22.47315,37.98417,863.64 22.47319,37.98406,862.798 22.47325,37.98393,861.696 22.4733,37.98384,859.551 22.47332,37.98377,857.354 22.47335,37.98364,853.2 22.47337,37.98342,848.554 22.47336,37.98336,847.79 22.47331,37.9833,848.182 22.47323,37.98323,849.35 22.47309,37.98313,851.439 22.47303,37.98307,851.909 22.47301,37.98303,851.32 22.47302,37.98298,849.448 22.47305,37.98295,847.72 22.4731,37.98293,845.957 22.47318,37.98291,843.618 22.47336,37.98292,840.151 22.47346,37.98296,839.469 22.47356,37.98301,838.906 22.47365,37.98306,838.468 22.47374,37.98315,837.508 22.47379,37.98323,836.871 22.47391,37.98346,834.889 22.47399,37.98363,833.267 22.47401,37.98373,833.609 22.47401,37.98378,834.071 22.474,37.98383,834.849 22.4739,37.98401,837.785 22.47385,37.98413,838.859 22.47384,37.98419,838.837 22.47385,37.98428,838.075 22.4739,37.98436,836.04 22.47392,37.98418,836.067 22.47397,37.98407,835.258 22.47403,37.98399,833.885 22.47422,37.98382,826.814 22.47428,37.98371,823.643 22.47439,37.9832,822.402 22.47441,37.98303,823.549 22.47438,37.98292,823.303 22.47428,37.98274,823.255 22.47401,37.98258,823.582 22.47363,37.98239,822.601 22.47326,37.98223,821.703 22.47296,37.98213,822.911 22.47269,37.98202,821.746 22.47246,37.98194,818.678 22.47224,37.98192,817.014 22.47212,37.98194,816.722 22.47189,37.98202,819.156 22.47168,37.9821,823.008 22.47152,37.98213,823.63 22.4713,37.98223,827.035 22.47103,37.98224,827.588 22.47081,37.98229,831.387 22.4704,37.98243,837.471 22.4703,37.98242,837.987 22.47023,37.98238,838.517 22.47024,37.9823,837.64 22.47036,37.98215,835.471 22.47054,37.98189,832.103 22.47072,37.98168,827.964 22.47102,37.98139,821.936 22.47105,37.98132,821.367 22.47109,37.98113,821.406 22.47114,37.98099,818.951 22.47122,37.98089,816.1 22.47125,37.98081,814.706 22.4712,37.98071,814.926 22.47091,37.98042,821.597 22.47085,37.98025,821.14 22.47085,37.98007,817.9 22.4708,37.98,817.72 22.47069,37.97995,819.835 22.47063,37.97989,821.074 22.47061,37.9798,821.401 22.47064,37.9797,821.127 22.47069,37.97965,821.261 22.47083,37.97962,817.07 22.47091,37.97957,816.426 22.47097,37.97952,816.156 22.47101,37.97938,820.561 22.47105,37.97932,822.677 22.47111,37.97928,822.917 22.47135,37.97926,821.091 22.47148,37.97928,818.876 22.4716,37.97932,815.569 22.4717,37.97934,812.613 22.47182,37.97934,808.456 22.47192,37.9793,807.714 22.47222,37.97915,809.778 22.47252,37.97899,808.738 22.47267,37.97888,807.812 22.47277,37.97879,807.812 22.4729,37.97845,810.715 22.47296,37.97801,809.147 22.47293,37.97785,810.139 22.47291,37.97777,810.835 22.47294,37.97772,811.195 22.47302,37.97768,810.27 22.47347,37.97769,803.244 22.47357,37.9777,801.552 22.47372,37.97768,799.366 22.47381,37.97764,798.537 22.47406,37.9773,801.724 22.47421,37.9772,800.16 22.47437,37.97712,796.992 22.47458,37.977,794.296 22.47476,37.97688,792.64 22.4749,37.97677,791.514 22.47496,37.97669,791.636 22.47503,37.97652,790.238 22.47509,37.97638,788.397 22.47519,37.97621,785.765 22.47521,37.97609,785.293 22.47512,37.97588,785.271 22.47505,37.97568,782.589 22.4747,37.97535,782.439 22.47459,37.97521,781.008 22.4745,37.97499,774.218 22.47442,37.97493,773.8 22.47407,37.97474,774.571 22.47386,37.97466,780.777 22.47371,37.9746,785.161 22.4735,37.97456,791.346 22.47342,37.97454,793.363 22.47338,37.97449,793.5 22.47336,37.97445,793.258 22.47335,37.97435,790.998 22.47337,37.97426,787.813 22.47334,37.9742,787.54 22.47328,37.97408,788.836 22.47327,37.97396,786.861 22.47323,37.97376,785.082 22.4732,37.97366,784.514 22.47315,37.97353,787.702 22.47312,37.97336,792.483 22.47315,37.97323,793.005 22.47324,37.97291,791.584 22.47324,37.97284,791.999 22.47321,37.97268,792.168 22.4732,37.97257,790.859 22.47321,37.97246,789.425 22.47317,37.97223,791.52 22.47316,37.97212,792.571 22.47318,37.97196,793.298 22.47318,37.97181,791.798 22.47322,37.9713,784.805 22.47317,37.97097,783.751 22.47309,37.97082,786.41 22.47308,37.97077,786.468 22.47309,37.97058,784.575 22.47308,37.97048,784.36 22.47311,37.9704,782.552 22.47315,37.97035,780.603 22.47333,37.97022,773.962 22.47338,37.97017,773.311 22.47342,37.97011,773.044 22.47343,37.97003,773.822 22.4734,37.96979,778.134 22.4734,37.9697,778.678 22.47346,37.96941,770.787 22.47345,37.96923,767.569 22.47342,37.96912,765.912 22.47348,37.9687,761.927 22.47348,37.96858,762.687 22.47353,37.96831,763.703 22.47359,37.96814,762.35 22.47365,37.96803,761.619 22.47364,37.96789,761.874 22.47367,37.96771,763.131 22.47369,37.96765,764.232 22.47378,37.96761,765.518 22.47385,37.96762,765.737 22.47388,37.96764,765.424 22.47388,37.96774,762.939 22.47389,37.96782,761.555 22.47392,37.96788,761.15 22.47396,37.96792,760.97 22.474,37.96795,760.844 22.47423,37.96795,762.16 22.47441,37.968,761.526 22.47477,37.96814,758.583 22.47491,37.96816,757.905 22.47509,37.96809,761.972 22.47527,37.968,767.494 22.47535,37.968,768.744 22.4754,37.96805,768.334 22.47548,37.96819,765.152 22.47558,37.9683,763.587 22.47566,37.96836,763.776 22.47588,37.9684,767.768 22.47605,37.96841,771.085 22.47615,37.96844,772.73 22.4762,37.9685,772.832 22.47625,37.9686,772.22 22.4763,37.96864,772.712 22.47641,37.96869,774.794 22.47664,37.96887,779.359 22.47673,37.96896,780.26 22.47678,37.96916,776.84 22.47698,37.96947,776.068 22.47705,37.96953,775.888 22.47727,37.96961,778.152 22.47748,37.96972,776.856 22.47767,37.96977,777.393 22.47806,37.96978,782.391 22.47828,37.96983,783.947 22.47859,37.96998,786.052 22.47882,37.97014,787.736 22.47899,37.97029,787.908 22.47913,37.97044,788.134 22.47931,37.9707,787.479 22.47948,37.97107,784.975 22.47952,37.97122,783.805 22.47954,37.97129,783.222 22.4796,37.97133,783.435 22.4797,37.97134,784.45 22.47988,37.97129,785.26 22.48039,37.9712,783.824 22.48069,37.97111,781.604 22.48094,37.971,780.632 22.48109,37.9709,781.712 22.48127,37.97082,782.785 22.48133,37.97076,784.116 22.48135,37.97069,785.824 22.48139,37.97062,787.384 22.48146,37.97059,788.644 22.48155,37.9706,789.04 22.48164,37.97066,788.176 22.48178,37.97082,787.639 22.48201,37.97112,787.917 22.48206,37.97125,786.328 22.48217,37.97144,784.166 22.48228,37.9715,784.523 22.4824,37.97155,784.775 22.48248,37.97156,785.665 22.48254,37.97154,786.746 22.48264,37.97148,789.752 22.48272,37.97139,795.513 22.48284,37.97128,798.255 22.48292,37.97123,799.579 22.483,37.97119,800.987 22.48309,37.97117,802.173 22.48323,37.97119,802.509 22.48339,37.97118,804.235 22.48352,37.97116,806.174 22.48413,37.97092,817.076 22.48442,37.97075,822.111 22.48458,37.97056,828.36 22.48465,37.97047,830.528 22.48469,37.9704,832.61 22.4848,37.97032,834.123 22.48503,37.97017,836.04 22.48513,37.97011,835.199 22.48518,37.97003,836.228 22.48523,37.96991,837.705 22.48485,37.97,844.62 22.48457,37.97013,843.432 22.48445,37.97016,843.756 22.48435,37.97015,844.296 22.48429,37.97013,845.084 22.48382,37.96984,853.105 22.48372,37.9697,857.009 22.48366,37.96955,860.418 22.48361,37.96948,861.82 22.48355,37.96943,861.65 22.48335,37.96933,858.818 22.48327,37.96928,857.635 22.48323,37.96922,857.801 22.48321,37.96912,859.082 22.48325,37.96896,861.981 22.48327,37.96889,863.076 22.48337,37.96876,865.395 22.48362,37.96859,869.142 22.4837,37.96855,869.93 22.48377,37.96854,870.546 22.48388,37.96855,871.369 22.48395,37.96856,871.628 22.48402,37.96856,871.927 22.48406,37.96854,872.286 22.48414,37.96849,873.17 22.48424,37.96821,877.517 22.4843,37.96814,879.03 22.48442,37.9681,879.894 22.48458,37.96807,881.073 22.48523,37.96816,881.378 22.48582,37.96818,886.841 22.486,37.96821,886.862 22.48627,37.96829,884.471 22.48635,37.96831,883.768 22.48641,37.9683,884.053 22.48647,37.96827,884.852 22.48652,37.96821,886.367 22.48663,37.96803,889.88 22.48669,37.9678,893.025 22.48673,37.9677,894.796 22.48685,37.96743,899.832 22.48711,37.96709,903.444 22.48721,37.96699,903.084 22.48728,37.96692,902.535 22.48733,37.9668,903.193 22.48735,37.96674,903.82 22.48734,37.96668,905.203 22.48725,37.96645,910.676 22.48718,37.96629,914.28 22.48709,37.96622,916.365 22.48707,37.96619,916.987 22.48707,37.96617,917.268 22.48709,37.96614,917.531 22.48713,37.96614,917.213 22.48722,37.96615,916.318 22.48752,37.96619,912.632 22.48765,37.96617,910.702 22.48776,37.96616,908.923 22.48791,37.9661,907.584 22.48802,37.96597,910.356 22.48821,37.96553,918.711 22.48824,37.96534,922.523 22.4883,37.96529,922.417 22.48834,37.96528,921.896 22.48841,37.96528,921.39 22.48852,37.9653,920.042 22.48863,37.96529,919.509 22.489,37.96523,918.989 22.48946,37.96511,923.192 22.48986,37.96504,924.847 22.48997,37.96501,925.708 22.49012,37.96492,927.708 22.49018,37.96489,928.273 22.49027,37.96488,927.824 22.49068,37.96492,924.855 22.49085,37.96492,923.421 22.49102,37.96493,921.257 22.49108,37.96493,920.611 22.49118,37.9649,921.432 22.49129,37.96486,922.908 22.49138,37.96479,925.86 22.49142,37.96475,927.487 22.4915,37.96463,931.852 22.49157,37.96456,934.12 22.49171,37.96446,937.063 22.49184,37.96425,941.126 22.49188,37.96422,941.745 22.49205,37.96415,943.717 22.49218,37.964,946.939 22.49226,37.96401,947.134 22.49228,37.96404,946.827 22.49227,37.96408,946.087 22.49221,37.96417,943.883 22.49218,37.96426,941.781 22.49218,37.96433,940.231 22.4922,37.96438,939.251 22.49224,37.9644,939.055 22.49252,37.96439,940.836 22.49261,37.96438,941.484 22.49268,37.96442,940.44 22.49289,37.96448,939.119 22.49312,37.96449,940.458 22.49358,37.96447,943.131 22.49371,37.9645,944.051 22.4938,37.96458,943.34 22.49401,37.96477,941.971 22.49411,37.96493,938.891 22.49421,37.96505,936.464 22.4943,37.96512,934.736 22.49446,37.96517,934.815 22.49511,37.96528,938.135 22.4952,37.96531,938.432 22.49526,37.96535,938.231 22.49533,37.96552,935.308 22.49539,37.96564,932.663 22.49546,37.96573,931.336 22.4956,37.96578,932.731 22.49578,37.9658,934.758 22.49598,37.96578,934.813 22.49614,37.96575,933.876 22.49632,37.96567,931.428 22.49645,37.9656,932.564 22.49653,37.96559,934.621 22.49658,37.96559,935.769 22.49664,37.96563,935.777 22.49689,37.9659,932.322 22.49694,37.96602,929.19 22.49697,37.96619,924.59 22.49704,37.96639,921.379 22.49711,37.9665,920.134 22.49721,37.96657,920.505 22.49735,37.96662,919.959 22.49753,37.9666,921.344 22.49776,37.9666,920.913 22.49791,37.96662,921.524 22.49806,37.96669,920.292 22.49823,37.96676,919.86 22.4984,37.96688,918.104 22.49852,37.967,915.085 22.49865,37.96716,908.619 22.49886,37.96729,904.541 22.49904,37.96739,902.642 22.49916,37.96741,903.405 22.49937,37.9674,904.647 22.49955,37.96738,905.828 22.49978,37.96739,904.901 22.49993,37.9674,905.276 22.50003,37.96745,903.45 22.50015,37.96758,899.628 22.50025,37.96768,897.041 22.50041,37.96779,896.412 22.50059,37.96806,893.604 22.50097,37.96853,892.374 22.50106,37.96863,890.168 22.50116,37.96872,890.134 22.50123,37.96882,888.764 22.50133,37.96909,885.065 22.50142,37.96922,885.072 22.50162,37.9694,886.728 22.50176,37.96949,887.4 22.50193,37.96961,885.996 22.50224,37.9699,877.344 22.5024,37.97002,876.218 22.50254,37.97011,875.724 22.50268,37.97016,875.112 22.50316,37.97016,875.497 22.50369,37.97005,877.609 22.50381,37.97005,877.411 22.50389,37.97007,877.015 22.50394,37.9701,877.679 22.50394,37.97014,877.182 22.50391,37.97019,875.8 22.50366,37.97037,871.414 22.50357,37.97047,869.822 22.50355,37.97057,868.676 22.50359,37.97086,866.636 22.50362,37.97096,865.713 22.50368,37.97104,865.327 22.50383,37.97114,865.078 22.50409,37.97138,862.631 22.50424,37.97145,861.388 22.5044,37.97151,859.62 22.50455,37.97156,858.746 22.50468,37.97158,859.081 22.50478,37.97162,859.269 22.50486,37.97168,858.872 22.50501,37.9719,853.22 22.50518,37.97202,852.92 22.5053,37.97211,852.393 22.50547,37.97234,847.629 22.50554,37.97239,847.798 22.50564,37.97241,850.015 22.50582,37.97244,854.009 22.50591,37.97247,855.918 22.50613,37.97264,856.163 22.50628,37.97277,856.609 22.50648,37.97306,852.464 22.50668,37.97336,847.808 22.50694,37.97365,849.314 22.50707,37.97389,850.048 22.50713,37.97404,849.109 22.50732,37.97439,849.687 22.50748,37.97475,849.161 22.50751,37.97487,848.139 22.5075,37.975,846 22.50753,37.97503,845.399 22.50757,37.97506,845.138 22.508,37.97525,849.12 22.50829,37.97536,851.492 22.50849,37.97545,851.89 22.50899,37.97578,848.912 22.50904,37.97585,847.942 22.50906,37.97593,846.903 22.50905,37.97626,841.387 22.50907,37.97638,840.627 22.50911,37.9765,840.686 22.5092,37.9766,841.646 22.50949,37.97683,841.608 22.50952,37.97683,842.084 22.50956,37.97686,841.918 22.50975,37.97703,840.898 22.50987,37.97716,839.954 22.50992,37.97724,839.054 22.50997,37.9773,839.366 22.51013,37.97747,841.448 22.51019,37.97762,841.693 22.51022,37.97776,841.283 22.51025,37.97789,841.196 22.51029,37.97793,841.672 22.51045,37.97802,844.228 22.5106,37.97814,846.8 22.51074,37.97784,849.581 22.51078,37.9778,850.217 22.51084,37.9778,851.142 22.51092,37.9778,852.847 22.51132,37.97787,863.938 22.51144,37.97791,867.897 22.51152,37.97798,870.049 22.51164,37.97814,871.949 22.5117,37.97829,871.363 22.51174,37.97837,871.417 22.51177,37.97839,871.952 22.51183,37.97842,873.033 22.51183,37.97868,871.05 22.51182,37.97892,868.046 22.51202,37.97895,871.412 22.51211,37.97898,873.248 22.51216,37.97904,874.112 22.51224,37.97929,875.92 22.5122,37.97967,876.869 22.51225,37.97981,879.248 22.51228,37.97986,880.471 22.51239,37.97999,884.982 22.51247,37.9801,888.64 22.51249,37.98023,890.296 22.51246,37.98037,888.944 22.51245,37.98053,887.547 22.51248,37.98078,887.544 22.51251,37.98086,888.156 22.51254,37.98086,888.912 22.51257,37.98087,889.632 22.51259,37.9809,890.028 22.51258,37.98128,888.325 22.51256,37.98148,887.701 22.5126,37.98169,890.788 22.51267,37.98195,894.691 22.51291,37.98237,898.97 22.51299,37.98243,900.547 22.5132,37.98253,905.131 22.51332,37.9826,907.117 22.51352,37.98268,909.733 22.5136,37.98273,910.129 22.51367,37.98281,910.207 22.51386,37.98305,911.37 22.51394,37.98314,912.216 22.51434,37.98342,915.613 22.51445,37.98352,916.128 22.51461,37.98361,918.203 22.51506,37.9837,924.411 22.51527,37.98373,922.876 22.51541,37.98372,923.109 22.5155,37.9837,923.904 22.51582,37.98356,931.026 22.5159,37.98353,932.062 22.51599,37.98354,932.244 22.5162,37.98367,929.596 22.51631,37.9837,929.094 22.51642,37.98371,929.236 22.51659,37.9837,930.436 22.51695,37.98363,934.48 22.5171,37.98362,935.358 22.51722,37.98363,935.65 22.51751,37.98374,938.86 22.51768,37.98386,939.76 22.51785,37.984,941.1 22.51819,37.98433,943.571 22.5183,37.98444,943.596 22.51848,37.98452,945.664 22.51869,37.98458,948.631 22.51882,37.98464,950.065 22.51916,37.98486,953.388 22.52012,37.98525,961.25 22.52033,37.98534,963.674 22.52058,37.98548,968.36 22.52095,37.9857,972.025 22.52104,37.98574,972.494 22.52116,37.98576,972.838 22.52136,37.98577,972.888 22.5215,37.98573,972.586 22.52168,37.98566,972.63 22.52192,37.98554,973.955 22.52207,37.98547,975.643 22.52232,37.98541,974.882 22.5225,37.98534,973.76 22.52319,37.98501,977.299 22.52328,37.98485,974.603 22.5233,37.98464,973.264 22.52326,37.98446,974.488 22.52317,37.98433,979.395 22.52289,37.98408,989.242 22.52262,37.98374,991.528 22.52252,37.98359,991.432 22.52217,37.9832,993.092 22.52211,37.98309,993.032 22.5221,37.98302,992.952 22.52212,37.98295,992.976 22.52228,37.98278,992.786 22.52239,37.98265,993.038 22.52247,37.9825,993.216 22.52251,37.98233,993.576 22.52249,37.9822,994.265 22.52244,37.98212,995.305 22.52222,37.98185,998.709 22.5222,37.98178,999.457 22.52222,37.98166,1000.048 22.52227,37.98155,1000.148 22.52283,37.98082,1004.087 22.52301,37.98062,1004.894 22.52316,37.9805,1005.925 22.52332,37.98044,1006.684 22.52347,37.98044,1006.459 22.52364,37.98041,1006.572 22.52376,37.98037,1007.004 22.52394,37.98022,1009.171 22.52436,37.97966,1011.752 22.52442,37.97955,1012.103 22.52442,37.97945,1013.12 22.52435,37.97936,1014.185 22.52424,37.97928,1015.22 22.52405,37.9792,1016.77 22.52392,37.97912,1017.627 22.52355,37.97877,1019.358 22.52349,37.97869,1019.716 22.52349,37.9786,1019.353 22.52354,37.97852,1019.256 22.52361,37.97845,1019.167 22.52362,37.97838,1019.632 22.5236,37.97824,1021.048 22.5236,37.97815,1022.02 22.52364,37.97811,1022.308 22.5237,37.97811,1022.092 22.52379,37.97814,1021.444 22.5239,37.9782,1020.4 22.52398,37.97822,1019.896 22.52406,37.97819,1019.932 22.52431,37.97797,1022.54 22.52439,37.97792,1023.44 22.52445,37.97791,1023.64 22.52451,37.97793,1023.496 22.52466,37.97813,1020.972 22.52474,37.97816,1020.952 22.52483,37.97816,1021.356 22.52494,37.97813,1022.344 22.52525,37.97794,1027.09 22.52539,37.97787,1028.138 22.52547,37.97784,1028.483 22.52562,37.97781,1028.563 22.52571,37.97781,1028.276 22.52577,37.97784,1027.953 22.52591,37.97797,1027.308 22.526,37.97804,1027.056 22.52621,37.97809,1027.108 22.52658,37.97821,1027.499 22.52676,37.97823,1027.949 22.52707,37.97825,1029.585 22.52733,37.97823,1031.36 22.52802,37.97824,1030.086 22.52842,37.97829,1031.747 22.52873,37.97831,1032.116 22.52906,37.97831,1030.777 22.52994,37.97826,1028.416 22.53071,37.97834,1022.476 22.53105,37.97835,1020.533 22.53116,37.97837,1020.66 22.53131,37.97842,1021.56 22.53134,37.97842,1021.56 22.53137,37.97841,1021.38 22.53148,37.9783,1019.16 22.53155,37.97826,1018.152 22.53165,37.97824,1017.648 22.53192,37.97819,1016.388 22.53215,37.97817,1015.274 22.53234,37.97816,1013.978 22.53242,37.97817,1013.468 22.5325,37.9782,1013.04 22.53263,37.9783,1012.412 22.53267,37.97835,1012.187 22.53269,37.97841,1012.035 22.53268,37.97855,1012.331 22.53264,37.97865,1012.844 22.53255,37.97879,1013.636 22.53252,37.97887,1013.78 22.53251,37.97899,1014.233 22.53255,37.97907,1014.049 22.53266,37.97914,1013.121 22.5329,37.97924,1011.824 22.53331,37.97947,1008.864 22.53335,37.97948,1008.115 22.5334,37.97947,1006.754 22.53342,37.97945,1005.915 22.53342,37.97944,1005.746 22.5334,37.97939,1005.434 22.53325,37.97921,1005.327 22.53321,37.97915,1005.073 22.5332,37.9791,1004.805 22.5332,37.97904,1004.269 22.53323,37.97899,1003.351 22.53331,37.9789,1001.419 22.53343,37.97879,1000.088 22.53361,37.97872,998.23 22.53381,37.97866,995.532 22.53402,37.97858,992.362 22.53415,37.97852,990.677 22.53423,37.97847,989.844 22.5345,37.97835,984.1 22.53454,37.97832,982.897 22.53464,37.97799,987.559 22.53466,37.97788,989.18 22.53466,37.97782,990.45 22.53461,37.97777,992.474 22.53448,37.97768,995.367 22.53445,37.97765,995.908 22.53443,37.97757,996.13 22.53443,37.97751,996.108 22.53446,37.97743,997.134 22.53451,37.97738,997.758 22.53459,37.97735,997.977 22.53467,37.97734,997.847 22.53478,37.97734,996.568 22.53486,37.97737,994.264 22.53496,37.97743,990.736 22.53513,37.97751,985.986 22.53524,37.97751,984.374 22.53528,37.97749,984.22 22.53538,37.97742,984.544 22.53549,37.97733,985.228 22.5357,37.97728,983.572 22.53584,37.97721,983.074 22.5359,37.97714,982.898 22.53598,37.97698,983.271 22.53608,37.97681,982.832 22.5363,37.97657,983.716 22.53636,37.97652,984.112 22.53646,37.97649,984.266 22.53651,37.97649,984.135 22.53663,37.97651,983.191 22.53694,37.9766,978.428 22.53714,37.9766,975.781 22.53728,37.97658,974.781 22.53736,37.97656,974.621 22.53743,37.97653,974.592 22.53748,37.97646,975.209 22.5375,37.97639,975.984 22.53748,37.97628,977.577 22.53742,37.97612,981.171 22.53737,37.97593,986.614 22.53737,37.9758,988.92 22.53739,37.97571,988.848 22.53741,37.97566,988.488 22.53745,37.97562,987.336 22.53786,37.97538,974.192 22.53788,37.97533,974.048 22.53787,37.97527,974.704 22.53782,37.97522,976.144 22.53775,37.97515,978.122 22.53763,37.97507,980.81 22.53752,37.97498,982.429 22.53746,37.97489,982.676 22.53738,37.97471,982.68 22.53739,37.97462,983.112 22.53743,37.97458,982.536 22.53751,37.9745,981.456 22.5376,37.97446,980.448 22.53767,37.97445,979.512 22.53809,37.97446,978.573 22.53818,37.97444,979.231 22.53836,37.97439,981.767 22.53844,37.97439,981.247 22.53855,37.9744,979.965 22.53871,37.97442,978.733 22.53932,37.97458,971.349 22.53942,37.97459,970.802 22.53951,37.97458,971.356 22.5396,37.97454,973.12 22.53965,37.97449,975.1 22.53969,37.9744,978.878 22.53971,37.97432,982.411 22.53972,37.97416,989.216 22.53975,37.97408,991.127 22.5398,37.97405,991.358 22.53989,37.97403,990.817 22.53996,37.97404,989.614 22.54036,37.97414,978.996 22.54047,37.97414,977.45 22.54054,37.97413,976.933 22.54061,37.9741,977.681 22.5407,37.97404,979.651 22.54086,37.97388,985.163 22.54115,37.97372,990.755 22.54127,37.97369,991.186 22.54132,37.97369,990.698 22.54139,37.97372,988.533 22.54146,37.97378,986.979 22.5416,37.97394,983.708 22.54185,37.97429,981.285 22.54193,37.97439,981.029 22.54203,37.9745,980.37 22.54219,37.9746,980.801 22.54241,37.97471,981.307 22.54251,37.97474,981.983 22.54275,37.97475,986.02 22.5428,37.97476,986.56 22.54288,37.97478,987.064 22.54307,37.97486,987.572 22.5436,37.97514,986.476 22.54371,37.97518,985.871 22.54384,37.97518,985.238 22.54389,37.97517,984.988 22.54396,37.97512,984.232 22.544,37.97508,983.8 22.54403,37.97501,983.476 22.54404,37.97496,984.035 22.54405,37.97466,990.276 22.54409,37.97459,992.973 22.54414,37.97455,994.701 22.54427,37.97447,996.94 22.54485,37.97428,997.684 22.54498,37.97428,997.216 22.54575,37.9747,994.896 22.54598,37.97477,996.23 22.54619,37.9748,997.439 22.54642,37.97475,998.874 22.54674,37.97467,996.662 22.54722,37.97446,997.735 22.54737,37.97436,996.784 22.54744,37.97428,996.64 22.54751,37.97409,997.116 22.54753,37.97405,996.971 22.54763,37.97396,996.1 22.54782,37.97382,993.897 22.54786,37.97376,993.044 22.54788,37.97369,992.846 22.5479,37.97361,992.804 22.54793,37.97352,992.588 22.54801,37.9734,991.58 22.54803,37.97324,992.163 22.54803,37.97309,993.293 22.54807,37.97302,993.643 22.54811,37.97296,994.495 22.5482,37.97291,994.34 22.54833,37.97289,992.821 22.5486,37.97286,988.832 22.54868,37.97284,987.609 22.54879,37.97279,986.727 22.5489,37.97269,985.982 22.54896,37.97263,985.489 22.54906,37.97245,987.36 22.54921,37.97228,989.588 22.54935,37.9722,989.286 22.5495,37.97213,988.79 22.54959,37.9721,988.193 22.54967,37.97209,987.173 22.55022,37.97207,981.874 22.55047,37.97208,982.59 22.55063,37.97211,982.884 22.55072,37.97214,982.776 22.55095,37.97223,981.94 22.5511,37.97231,981.659 22.55116,37.97232,981.596 22.55124,37.97232,981.511 22.55133,37.9723,981.373 22.5516,37.97219,979.536 22.55167,37.97213,978.98 22.55181,37.97194,976.412 22.55184,37.97187,975.779 22.55184,37.97181,975.698 22.5518,37.97153,975.588 22.55176,37.97139,975.66 22.55172,37.97132,975.135 22.55155,37.97109,973 22.55155,37.97107,972.754 22.55156,37.97105,972.408 22.55164,37.97105,971.607 22.5517,37.97109,971.661 22.55178,37.97116,972.257 22.55203,37.97145,972.536 22.55239,37.97179,969.9 22.55247,37.97183,969.436 22.55269,37.97189,968.24 22.55338,37.97205,969.916 22.55345,37.97206,969.484 22.55351,37.97205,968.512 22.55355,37.97203,967.432 22.55365,37.97197,964.522 22.55372,37.97185,962.329 22.55379,37.97178,961.317 22.55396,37.97166,959.816 22.55406,37.97162,959.888 22.55417,37.97159,959.813 22.5545,37.97154,958.712 22.55486,37.97151,958.624 22.55506,37.97151,959.438 22.55518,37.97154,959.913 22.55526,37.97158,960.204 22.55532,37.97164,960.4 22.55538,37.97172,960.473 22.55543,37.97184,960.13 22.55545,37.97194,959.646 22.55556,37.97213,957.323 22.5556,37.97217,956.652 22.55565,37.97221,955.866 22.55572,37.97224,955.088 22.5558,37.97225,954.62 22.55603,37.97225,955.42 22.55616,37.97226,956.856 22.55619,37.97228,957.465 22.55621,37.97231,957.841 22.55622,37.97236,957.943 22.55622,37.97242,957.765 22.55616,37.97272,958.099 22.55617,37.97285,959.38 22.55611,37.97312,957.733 22.55611,37.97342,956.345 22.55617,37.97365,956.386 22.5563,37.97392,957.2 22.55651,37.97445,951.867 22.55655,37.97466,950.768 22.55658,37.97498,949.888 22.55665,37.97522,949.156 22.55668,37.97531,949.206 22.55676,37.97544,951.052 22.55688,37.97559,954.709 22.5569,37.97564,955.449 22.55692,37.97583,956.207 22.55691,37.97594,955.932 22.55687,37.97627,954.437 22.55696,37.97689,950.288 22.55701,37.97705,950.364 22.55709,37.97722,951.732 22.55723,37.97734,953.28 22.55754,37.97758,955.956 22.55764,37.97764,955.226 22.55775,37.97769,955.555 22.55798,37.97776,955.096 22.55825,37.97777,956.68 22.55837,37.9778,956.52 22.5584,37.97785,955.44 22.55844,37.97783,955.872 22.55854,37.97782,956.088 22.55877,37.97781,956.876 22.55905,37.97775,958.742 22.55926,37.97773,959.088 22.55937,37.97772,959.151 22.5595,37.97773,959.026 22.5596,37.97776,958.844 22.56008,37.97796,957.853 22.56036,37.97804,958.431 22.56034,37.97809,957.852 22.56034,37.97811,957.636 22.56041,37.97825,956.376 22.56044,37.97827,956.268 22.56047,37.97828,956.268 22.56053,37.97827,956.592 22.56058,37.97823,957.028 22.56065,37.97814,957.748 22.56076,37.97818,956.92 22.56086,37.97818,956.421 22.56091,37.97814,956.452 22.56094,37.97809,956.812 22.56096,37.97802,957.158 22.56097,37.97785,957.392 22.561,37.97773,957.338 22.56106,37.97765,957.218 22.56111,37.97761,957.213 22.56117,37.97759,956.928 22.56143,37.97758,956.014 22.56158,37.97758,958.165 22.56177,37.97762,958.907 22.56211,37.97777,953.779 22.56224,37.97779,952.856 22.56262,37.9778,957.2 22.56269,37.9778,958.904 22.5628,37.97784,959.818 22.56288,37.97789,959.282 22.56298,37.978,955.749 22.56313,37.9782,949.786 22.56321,37.97831,947.872 22.56351,37.97872,946.66 22.56362,37.97881,945.872 22.56365,37.97883,945.26 22.56378,37.97883,945.728 22.56385,37.97879,947.42 22.56399,37.9787,950.931 22.56409,37.97867,952.297 22.56415,37.97867,952.421 22.56423,37.97868,951.911 22.56443,37.97874,948.552 22.56455,37.97876,946.56 22.56484,37.97877,943.596 22.56501,37.97879,941.596 22.56507,37.9788,941.452 22.56527,37.97887,939.652 22.56539,37.97889,939.779 22.56549,37.97889,940.495 22.56561,37.97885,941.701 22.56575,37.97879,942.199 22.56584,37.97875,942.428 22.56598,37.97873,941.42 22.56634,37.97869,939.008 22.56655,37.97869,937.42 22.56702,37.97866,931.512 22.56737,37.97861,927.432 22.5676,37.97853,928.704 22.5675,37.97808,944.856 22.56725,37.97792,955.499 22.567,37.97788,959.078 22.56695,37.97788,959.533 22.5669,37.97786,960.975 22.56681,37.97777,965.704 22.56688,37.97766,968.512 22.56714,37.97763,965.597 22.56724,37.97758,965.522 22.56721,37.97753,967.351 22.56689,37.97753,972.616 22.56636,37.97754,978.096 22.56608,37.97756,978.751 22.56584,37.97751,982.571 22.56546,37.9776,988.331 22.56521,37.97759,992.299 22.56481,37.97769,994.596 22.56424,37.97762,998.222 22.5638,37.97745,997.882 22.56349,37.9772,997.406 22.56362,37.97682,1001.01 22.56383,37.97656,1005.679 22.56413,37.97627,1013.353 22.56431,37.97589,1018.493 22.56444,37.97544,1019.581 22.56445,37.9751,1020.894 22.56454,37.97496,1021.694 22.56545,37.97452,1019.897 22.5656,37.97414,1018.313 22.56568,37.97379,1014.337 22.56557,37.97365,1015.027 22.56509,37.97348,1020.594 22.56462,37.97335,1021.812 22.56428,37.97317,1021.696 22.56438,37.97276,1024.218 22.56447,37.97232,1027.719 22.56446,37.97219,1028.12 22.56446,37.97202,1029.344 22.56458,37.97176,1031.68 22.56473,37.97146,1033.46 22.5651,37.97091,1033.901 22.56531,37.97057,1033.034 22.56562,37.97035,1034.652 22.56604,37.96989,1038.295 22.56627,37.9696,1038.491 22.56633,37.96947,1038.735 22.56651,37.96931,1039.92 22.56667,37.96918,1040.962 22.56704,37.96868,1044.44 22.5674,37.96831,1045.418 22.56774,37.96787,1041.377 22.56807,37.96742,1041.948 22.5681,37.96716,1041.24 22.56833,37.96671,1037.446 22.56851,37.96664,1037.217 22.56908,37.96709,1039.427 22.56957,37.96741,1033.648 22.57006,37.96773,1033.179 22.57017,37.96788,1034.205 22.57028,37.96858,1040.77 22.57049,37.96878,1039.02 22.57084,37.9689,1036.656 22.57116,37.96909,1030.335 22.5715,37.96917,1028.918 22.57189,37.96926,1024.17 22.57217,37.96933,1019.591 22.5724,37.96944,1017.039 22.57257,37.96954,1016.669 22.5727,37.96972,1016.988 22.5728,37.96993,1018.336 22.57309,37.97052,1017.1 22.57339,37.97112,1008.599 22.57352,37.97131,1008.137 22.57436,37.97177,1007.696 22.57506,37.97225,1007.478 22.57567,37.97244,1002.169 22.57626,37.97275,998.465 22.57686,37.97306,997.952 22.57758,37.97328,990.328 22.57781,37.97337,987.752 22.578,37.97342,986.888 22.57808,37.97334,987.062 22.57823,37.9732,987.628 22.57827,37.97313,987.772 22.57829,37.97305,987.83 22.5783,37.97297,987.646 22.57828,37.97281,987.263 22.57828,37.97268,987.043 22.57832,37.97244,985.554 22.57841,37.97213,979.867 22.57841,37.97204,978.426 22.57841,37.97196,977.145 22.57838,37.9719,976.688 22.57834,37.97184,976.4 22.57816,37.97174,977.257 22.578,37.97167,977.479 22.57762,37.97152,976.14 22.57707,37.97126,975.435 22.57664,37.97105,971.184 22.57651,37.97095,969.456 22.57641,37.97087,968.016 22.57628,37.97073,967.532 22.57589,37.97022,965.768 22.57581,37.9701,966.032 22.57576,37.96994,964.61 22.57576,37.96986,963.034 22.57578,37.96978,961.128 22.57583,37.96967,957.932 22.57588,37.96953,954.628 22.57591,37.96934,952.14 22.5759,37.96893,952.166 22.57589,37.96879,951.649 22.57586,37.96867,951.115 22.57574,37.96842,948.657 22.57544,37.96789,945.46 22.57537,37.96775,944.94 22.57532,37.96767,944.688 22.57524,37.96759,945.112 22.57501,37.96741,947.164 22.57494,37.96731,946.523 22.57492,37.96724,945.723 22.57493,37.9672,944.66 22.57497,37.96719,943.703 22.57502,37.96719,942.773 22.57509,37.96721,941.777 22.5753,37.96738,940.405 22.57537,37.96742,939.804 22.57565,37.96751,936.456 22.57581,37.96757,934.659 22.57593,37.96762,934.614 22.57612,37.96765,934.176 22.57634,37.96766,932.808 22.57692,37.96772,928.206 22.57725,37.96779,925.772 22.5773,37.96779,925.044 22.57733,37.96777,924.347 22.57735,37.96773,923.551 22.57735,37.9677,923.169 22.57731,37.96766,923.174 22.57721,37.9676,923.544 22.57707,37.96754,923.751 22.57668,37.96741,924.284 22.57655,37.96735,924.56 22.57648,37.9673,924.416 22.57629,37.96709,922.688 22.57622,37.96702,922.184 22.57611,37.96695,922.108 22.57582,37.96679,921.417 22.57572,37.9667,921.542 22.57569,37.96665,921.278 22.57568,37.96657,919.984 22.57571,37.96651,918.463 22.57583,37.96655,917.37 22.5767,37.96695,915.742 22.57682,37.967,915.454 22.57695,37.96703,914.828 22.57713,37.96706,914.828 22.57756,37.96712,913.223 22.57766,37.96715,912.862 22.57778,37.96719,912.38 22.57788,37.96726,911.618 22.57795,37.96733,911.305 22.57816,37.96766,912.355 22.57845,37.96794,911.141 22.57865,37.96813,906.419 22.57871,37.9682,904.482 22.57875,37.96826,903.264 22.57876,37.96833,902.795 22.57878,37.96869,905.244 22.57879,37.96874,905.244 22.57883,37.96882,904.812 22.57889,37.96887,903.919 22.57968,37.96932,899.056 22.58001,37.96949,898.972 22.5801,37.96952,899.436 22.58023,37.96954,899.494 22.58062,37.96961,896.233 22.58071,37.96963,894.67 22.58079,37.96967,893.44 22.58084,37.9697,892.596 22.58088,37.96977,892.798 22.58091,37.96984,893.378 22.58093,37.96996,895.104 22.58098,37.97007,894.766 22.58111,37.97021,892.298 22.58173,37.97065,887.356 22.58184,37.97071,887.464 22.58195,37.97074,886.971 22.58207,37.97075,886.929 22.5831,37.9707,884.2 22.58358,37.97073,882.425 22.58371,37.97075,882.437 22.58382,37.97079,883.039 22.58396,37.97086,883.456 22.58433,37.9711,881.907 22.58489,37.97148,877.75 22.58514,37.97165,876.654 22.58524,37.97174,876.9 22.58531,37.97181,877.06 22.58546,37.97199,878.196 22.58554,37.97206,878.304 22.5859,37.97229,878.02 22.58638,37.97263,875.485 22.58655,37.97277,876.12 22.58682,37.97304,876.016 22.58692,37.97315,874.78 22.58698,37.97323,873.94 22.58705,37.9734,873.249 22.58711,37.97407,872.424 22.58716,37.97421,871.379 22.58721,37.97428,870.282 22.58766,37.97468,863.959 22.58784,37.97486,862.914 22.58802,37.97507,861.316 22.58824,37.97534,859.584 22.58832,37.97541,858.288 22.58841,37.97548,857.859 22.58905,37.97586,855.339 22.58932,37.97603,852.941 22.58946,37.97616,852.294 22.58958,37.97631,851.847 22.58964,37.97635,851.159 22.58971,37.97639,850.244 22.58984,37.97644,849.408 22.59028,37.97656,845.651 22.59082,37.97674,837.105 22.59096,37.9768,835.16 22.59106,37.97685,833.9 22.59113,37.9769,833.248 22.5912,37.97697,833.209 22.59128,37.97708,834.305 22.59136,37.97718,835.416 22.59144,37.97725,835.396 22.59152,37.97731,834.748 22.59162,37.97736,833.488 22.59247,37.97768,826.084 22.59284,37.97783,825.008 22.59291,37.97787,824.612 22.59324,37.97814,823.089 22.59339,37.97826,819.98 22.59348,37.97836,818.36 22.59369,37.97865,815.104 22.59415,37.97936,811.96 22.59437,37.97968,809.92 22.59458,37.97994,807.727 22.59478,37.98023,806.652 22.59477,37.98057,810.192 22.59474,37.98069,811.164 22.59473,37.98083,811.848 22.59475,37.98091,811.528 22.59481,37.98101,810.621 22.59493,37.98111,809.005 22.59508,37.98118,807.384 22.59523,37.98121,805.872 22.59537,37.98121,805.57 22.59552,37.98118,805.904 22.59552,37.9812,805.913 22.5956,37.98124,806.8 22.59566,37.98129,807.88 22.5957,37.98134,808.6 22.59572,37.98142,808.869 22.59573,37.98164,808.467 22.59572,37.98177,808.296 22.59562,37.98199,806.846 22.59559,37.98212,807.562 22.59559,37.9822,808.39 22.59566,37.98238,810.802 22.59566,37.98251,811.49 22.59574,37.98271,812.154 22.59577,37.98286,812.612 22.59577,37.98294,812.9 22.59594,37.98345,819.081 22.59605,37.98385,820.149 22.59635,37.98424,821.846 22.59646,37.98425,822.912 22.59663,37.98441,822.984 22.59683,37.98458,823.401 22.59718,37.98459,824.8 22.59758,37.98455,826.52 22.59795,37.98446,827.599 22.59806,37.98459,828.024 22.59823,37.98475,829.556 22.5985,37.98491,833.617 22.59879,37.98499,838.184 22.59909,37.9851,844.175 22.59933,37.98513,847.794 22.59935,37.98528,849.02 22.59943,37.9854,851.673 22.59959,37.98561,856.215 22.59973,37.9857,858.697 22.59978,37.98584,861.763 22.59989,37.98597,865.467 22.60001,37.98605,868.08 22.60024,37.98609,872.94 22.60046,37.98611,876.607 22.60071,37.9862,881.326 22.60097,37.98622,884.652 22.60128,37.98626,887.498 22.60162,37.98626,890.122 22.60183,37.98634,891.515 22.60212,37.98648,892.304 22.60207,37.98655,891.872 22.60171,37.98695,892.867 22.60136,37.98735,892.436 22.60141,37.98755,892.062 22.60203,37.98808,890.489 22.60272,37.98862,885.183 22.60341,37.98917,878.005 22.60411,37.98972,871.83 22.6048,37.99026,865.05 22.60549,37.99081,857.092 22.60566,37.99097,853.888 22.60551,37.99142,854.049 22.60563,37.99154,854.762 22.60623,37.99148,850.744 22.60705,37.99184,845.017 22.60717,37.99214,842.888 22.6072,37.9922,842.406 22.60711,37.99282,851.477 22.60692,37.99337,861.78 22.60673,37.99393,867.43 22.60643,37.99428,866.22 22.60606,37.99439,865.932 22.6056,37.99433,867.384 22.60565,37.99454,867.802 22.60589,37.99495,867.261 22.60614,37.99536,863.137 22.6061,37.99587,873.407 22.60589,37.9965,874.666 22.60569,37.99713,878.599 22.60552,37.99775,875.968 22.60535,37.99837,872.084 22.60532,37.99865,869.373 22.60486,37.99894,873.336 22.60486,37.9998,863.819 22.60467,38.00036,860.348 22.60447,38.00093,860.06 22.60428,38.00158,859.776 22.60409,38.00224,862.04 22.60396,38.00289,863.399 22.60389,38.00373,871.854 22.60383,38.00456,874.804 22.60385,38.00508,877.744 22.60387,38.00559,871.516 22.6038,38.00642,866.448 22.60372,38.00726,880.827 22.60371,38.00816,885.684 22.60371,38.00905,898.534 22.6037,38.00967,903.304 22.6037,38.01029,905.752 22.6037,38.01091,908.32 22.6037,38.011,908.32 22.60483,38.01091,900.831 22.60551,38.01063,893.044 22.60618,38.01035,889.32 22.60673,38.01005,885.357 22.60728,38.00974,880.675 22.60794,38.00938,874.145 22.60859,38.00902,867.1 22.60958,38.00901,861.27 22.61019,38.00914,860.218 22.6108,38.00927,854.224 22.61119,38.00943,850.38 22.61162,38.00952,847.608 22.61231,38.00944,838.041 22.61301,38.00937,832.104 22.61379,38.00907,825.364 22.61457,38.00877,822.12 22.61536,38.00847,815.968 22.61627,38.00816,809.965 22.61718,38.00784,802.958 22.61788,38.00769,802.252 22.61859,38.00754,800.364 22.61904,38.00724,797.736 22.61949,38.00693,794.844 22.62011,38.00621,785.927 22.62015,38.0061,784.898 22.62033,38.00563,781.08 22.62051,38.00515,775.085 22.62075,38.0046,768.82 22.621,38.00404,762.72 22.6213,38.00343,756.376 22.62161,38.00267,751.329 22.62183,38.00207,746.356 22.62206,38.00146,739.334 22.62206,38.00084,732.88 22.62237,38.00025,730.881 22.62269,37.99965,725.878 22.62301,37.99905,721.767 22.62316,37.99872,721.624 22.62318,37.9984,720.032 22.62332,37.99837,719.312 22.62413,37.9986,712.264 22.62421,37.99854,711.764 22.62418,37.99828,712.048 22.62472,37.99792,706.516 22.62526,37.99757,700.94 22.62587,37.99749,694.537 22.62603,37.99735,692.178 22.627,37.99729,687.605 22.62797,37.99723,678.98 22.62891,37.99699,672.404 22.62985,37.99676,665.065 22.63073,37.99639,656.752 22.6316,37.99602,647.937 22.63181,37.99588,646.504 22.63265,37.99575,641.044 22.63325,37.99603,639.504 22.63368,37.99576,642.155 22.63321,37.99533,641.271 22.63267,37.9949,641.825 22.6325,37.99469,644.696 22.63235,37.99441,648.517 22.63215,37.99413,650.36 22.63199,37.99382,652.564 22.63203,37.99364,655.228 22.63217,37.99343,657.285 22.63241,37.99323,661.365 22.63255,37.99306,662.141 22.63261,37.99292,661.617 22.6327,37.99262,659.927 22.63281,37.99244,659.932 22.63319,37.99208,663.936 22.63326,37.9919,665.146 22.63343,37.99176,667.129 22.63365,37.99158,667.548 22.63378,37.99182,667.728 22.6341,37.99221,668.196 22.63434,37.99253,666.793 22.63452,37.99272,665.456 22.63471,37.99283,664.088 22.63484,37.99292,663.783 22.63505,37.99316,663.196 22.63532,37.99334,662.868 22.63559,37.99346,661.876 22.63599,37.99369,659.748 22.63607,37.99365,659.275 22.63634,37.99319,659.176 22.63645,37.99294,658.272 22.63687,37.99279,655.324 22.63729,37.99271,652.84 22.63743,37.99261,651.144 22.6382,37.99218,644.401 22.63857,37.99198,641.315 22.63902,37.99183,635.39 22.63925,37.99173,633.528 22.6393,37.99157,633.132 22.63929,37.9914,632.484 22.63935,37.99135,632.708 22.63957,37.99123,634.356 22.64007,37.99084,642.186 22.64023,37.9907,643.308 22.6402,37.9906,643.56 22.64012,37.9904,643.75 22.64018,37.99031,643.959 22.64036,37.99021,643.408 22.64044,37.99011,642.832 22.64056,37.99004,641.952 22.64063,37.98989,640.51 22.64069,37.9898,639.456 22.64076,37.98971,638.484 22.64092,37.98956,636.792 22.6411,37.9894,635.074 22.64128,37.98926,633.988 22.64172,37.98897,630.864 22.64181,37.98902,630.728 22.64189,37.98907,630.72 22.64194,37.98921,631.312 22.64199,37.98966,632.709 22.64202,37.98972,632.458 22.64286,37.9903,625.192 22.64341,37.9907,622.244 22.64347,37.99076,622.244 22.64357,37.99093,622.148 22.64363,37.99099,622 22.64381,37.99112,621.968 22.64407,37.99137,621.024 22.64415,37.99146,620.473 22.6444,37.99186,618.745 22.64444,37.99189,618.807 22.64476,37.99199,615.756 22.64485,37.99201,614.856 22.64534,37.99206,610.291 22.64584,37.99222,605.952 22.64664,37.9926,599.579 22.64711,37.9928,598.532 22.64761,37.99298,597.664 22.64775,37.99304,597.088 22.64787,37.99312,596.004 22.64832,37.99343,592.792 22.64841,37.99349,592.42 22.64921,37.99387,586.688 22.64956,37.99404,583.018 22.64962,37.99407,582.232 22.64978,37.99419,580.708 22.64984,37.99423,580.348 22.64997,37.99427,579.736 22.64989,37.99466,578.313 22.64976,37.9949,577.36 22.64957,37.995,577.548 22.64924,37.99512,578.432 22.64895,37.9952,578.72 22.64881,37.99536,580.668 22.64876,37.99552,583.011 22.64888,37.99561,583.62 22.64901,37.99584,586.038 22.64889,37.99596,586.91 22.64868,37.99607,588.456 22.64845,37.99617,589.915 22.64945,37.99645,586.976 22.64904,37.99726,589.776 22.64948,37.99756,586.872 22.64991,37.99786,585.324 22.64969,37.99801,586.213 22.64954,37.99823,587.528 22.64934,37.99839,588.299 22.64912,37.99853,588.747 22.64897,37.99868,590.196 22.64996,37.99885,585.288 22.65028,37.99891,584.068 22.65062,37.99901,583.204 22.65145,37.99922,579.944 22.65166,37.99925,578.648 22.65265,37.99921,571.076 22.65293,37.99923,569.007 22.6532,37.99923,566.44 22.65358,37.99921,563.085 22.65379,37.99921,561.656 22.65477,37.99931,556.197 22.65519,37.99927,554.572 22.65537,37.99928,553.323 22.65566,37.99934,550.483 22.65623,37.99954,547.488 22.65663,37.99969,545.249 22.65721,37.99989,542.044 22.65784,38.00003,541.668 22.65875,38.00018,538.352 22.65914,38.00019,534.604 22.65938,38.00022,531.904 22.65973,38.00031,527.766 22.66012,38.00035,521.812 22.66082,38.00036,512.664 22.66107,38.00035,511.848 22.66152,38.0003,509.712 22.66206,38.00032,501.562 22.66237,38.0003,499.791 22.66277,38.00018,499.028 22.66315,38.00009,498.538 22.66393,37.99991,492.86 22.66437,37.99984,488.23 22.66488,37.99982,485.12 22.6651,37.99978,483.187 22.66539,37.99961,478.739 22.66557,37.99947,476.358 22.66572,37.99942,475.596 22.66598,37.99943,474.711 22.66623,37.9995,473.03 22.66649,37.99958,470.21 22.66666,37.99959,468.131 22.66771,37.99932,460.348 22.66824,37.9992,460.784 22.66848,37.99908,460.609 22.66871,37.99887,460.04 22.66893,37.99878,459.342 22.66951,37.99861,454.992 22.66969,37.9986,454.92 22.67016,37.99865,453.627 22.67105,37.99911,441.339 22.67144,37.99923,437.806 22.67156,37.99929,436.094 22.67158,37.99941,434.911 22.67169,37.99941,434.07 22.67283,37.99933,429.923 22.67396,37.99926,429.25 22.6751,37.99918,422.393 22.6762,37.99908,418.752 22.67731,37.99899,415.895 22.67811,37.99892,411.376 22.6789,37.99884,409.439 22.67964,37.99871,406.712 22.68065,37.99838,398.943 22.68151,37.99817,396.056 22.68183,37.99803,394.816 22.68204,37.99779,392.759 22.68217,37.99766,390.068 22.68231,37.99762,388.528 22.68253,37.99769,388.17 22.68273,37.99781,388.712 22.68312,37.99807,386.94 22.68318,37.99815,385.493 22.68317,37.99827,384.672 22.68308,37.99836,384.344 22.68296,37.99845,384.076 22.68271,37.9986,384.658 22.68243,37.99871,385.674 22.68223,37.99881,387.72 22.68217,37.99895,387.844 22.68217,37.99905,387.687 22.68229,37.99919,384.524 22.68258,37.99969,379.325 22.68263,37.99997,374.637 22.68254,38.00012,374.688 22.68247,38.00033,372.595 22.68247,38.00039,371.013 22.68249,38.00046,368.661 22.68257,38.00049,365.829 22.68262,38.0005,364.29 22.68257,38.00069,362.182 22.68254,38.00091,360.384 22.68249,38.00108,361.116 22.68242,38.00145,357.984 22.68242,38.00154,356.688 22.68244,38.00158,355.896 22.68254,38.00172,352.964 22.68283,38.00205,346.173 22.68306,38.00242,342.984 22.68317,38.00256,342.588 22.68346,38.00288,340.632 22.68378,38.00324,336.308 22.68399,38.00342,333.762 22.68449,38.00376,331.136 22.68487,38.00407,328.468 22.68513,38.00426,326.996 22.68543,38.00442,326.452 22.68588,38.00464,326.813 22.68629,38.00489,328.967 22.68652,38.00502,326.118 22.68661,38.00508,323.655 22.68673,38.00517,320.641 22.68678,38.00522,319.763 22.6869,38.00538,319.135 22.68695,38.00542,319.529 22.68708,38.00549,320.727 22.68741,38.00558,323.823 22.68752,38.00563,324.464 22.68762,38.00568,324.464 22.68774,38.00576,324.608 22.68812,38.00605,322.587 22.68816,38.00611,322.25 22.68816,38.00618,320.915 22.68815,38.00622,320.227 22.68806,38.00636,318.474 22.68805,38.00641,317.506 22.68807,38.00651,314.815 22.68811,38.0066,312.241 22.68821,38.00673,308.875 22.68841,38.00698,304.355 22.68861,38.00718,303.005 22.68883,38.00738,300.168 22.68938,38.00777,295.484 22.68992,38.00815,293.812 22.6903,38.00837,291.011 22.69076,38.00867,292.904 22.69095,38.00876,292.13 22.69105,38.00879,291.215 22.69125,38.00884,289.028 22.69137,38.00886,287.606 22.6915,38.00887,286.499 22.69176,38.00889,284.967 22.69205,38.00893,283.936 22.69276,38.00911,276.862 22.69348,38.00929,271.042 22.69375,38.00933,268.942 22.69388,38.00936,267.669 22.6941,38.00941,265.156 22.69417,38.00944,264.016 22.6943,38.0095,261.088 22.69453,38.00965,253.94 22.69464,38.00968,251.285 22.69477,38.0097,248.712 22.69509,38.0097,244.674 22.69549,38.00973,242.215 22.69567,38.00976,241.452 22.69629,38.00999,237.405 22.69659,38.01014,235.413 22.69668,38.01018,234.921 22.69695,38.01026,233.024 22.69726,38.01039,231.136 22.69742,38.01049,231.712 22.69771,38.01078,232 22.69784,38.01084,232.013 22.69799,38.01088,231.911 22.69816,38.01091,231.62 22.69832,38.01093,231.321 22.69864,38.01096,229.424 22.6987,38.01098,228.776 22.69879,38.01102,227.696 22.69885,38.01108,226.616 22.69905,38.01135,224.921 22.69922,38.01163,224.676 22.69928,38.0117,224.952 22.69942,38.01184,225.96 22.69976,38.01212,225.956 22.69983,38.01215,225.518 22.69992,38.01217,224.756 22.70011,38.01216,223.297 22.70038,38.01219,221.055 22.70047,38.01219,220.12 22.70056,38.01215,219.484 22.7006,38.01213,219.291 22.70091,38.01177,218.255 22.70098,38.01165,217.92 22.70103,38.01153,217.516 22.70111,38.01137,216.876 22.70131,38.01087,213.473 22.70138,38.01077,213.755 22.70158,38.01059,214.252 22.70181,38.01035,214.672 22.70206,38.01002,214.608 22.70228,38.00983,213.196 22.70234,38.00976,213.016 22.70244,38.00961,212.432 22.70252,38.00944,211.783 22.70253,38.00933,211.632 22.70255,38.00927,211.347 22.70297,38.00952,208.58 22.70331,38.00973,209.028 22.70401,38.0102,205.692 22.70413,38.01027,204.396 22.70421,38.0103,203.532 22.70443,38.01035,201.156 22.70455,38.0104,200.453 22.70467,38.01048,199.597 22.70479,38.01059,198.88 22.70488,38.01064,198.736 22.70498,38.01066,198.448 22.70558,38.01079,196.824 22.70619,38.01092,190.371 22.70677,38.01106,184.744 22.70732,38.01118,181.84 22.70739,38.0112,180.904 22.70741,38.01123,180.724 22.70749,38.01132,179.896 22.7075,38.01135,179.86 22.70749,38.0114,179.905 22.70746,38.01145,179.288 22.70728,38.0116,179.21 22.70698,38.01191,182.256 22.70698,38.01195,181.956 22.70699,38.012,181.488 22.70701,38.01202,180.84 22.70707,38.01206,178.968 22.70713,38.01207,177.204 22.70719,38.01204,175.584 22.70725,38.01197,174.18 22.70729,38.01195,173.257 22.70745,38.0119,170.162 22.70754,38.01185,169.225 22.70758,38.01186,168.184 22.7076,38.01187,167.544 22.70761,38.01188,167.108 22.70761,38.01192,166.187 22.70757,38.012,165.537 22.70754,38.01207,165.133 22.70752,38.01221,163.538 22.70754,38.01234,162.28 22.70757,38.0124,161.092 22.70781,38.01265,153.897 22.70791,38.01274,152.073 22.70804,38.0128,149.096 22.70831,38.01289,144.124 22.70865,38.0128,138.091 22.70894,38.01271,131.652 22.70949,38.01267,120.143 22.70973,38.01263,115.952 22.70984,38.01249,115.463 22.70988,38.01249,114.892 22.70999,38.01249,113.323 22.71016,38.01254,111.477 22.71071,38.01275,106.688 22.71126,38.01296,102.272 22.71135,38.01296,101.624 22.71225,38.01329,98.731 22.7131,38.01364,89.16 22.71395,38.01399,91.132 22.71407,38.01392,91.197 22.71424,38.01379,90.116 22.71437,38.01367,88.748 22.71454,38.01354,87.064 22.71475,38.01325,88.23 22.71484,38.0131,88.772 22.71495,38.01284,90.692 22.71507,38.01263,91.028 22.71513,38.01257,90.812 22.71528,38.01233,89.997 22.71548,38.01208,90 22.71555,38.01197,90 22.71557,38.01187,89.732 22.71557,38.01136,89.307 22.71559,38.01128,90.127 22.71571,38.01108,91.543 22.71585,38.01089,90.928 22.71593,38.01072,90.652 22.71605,38.01059,90.22 22.7162,38.01042,89.36 22.7163,38.01034,88.64 22.71684,38.00998,86.752 22.71692,38.0099,86.176 22.71699,38.00982,85.836 22.71708,38.00966,85.512 22.71743,38.00981,84.252 22.71758,38.00985,83.689 22.71773,38.00989,83.344 22.71829,38.00995,81.82 22.71938,38.01004,82.889 22.71961,38.01007,82.152 22.72053,38.01026,79.214 22.72115,38.0104,79.14 22.72177,38.01053,79.29 22.72268,38.01078,74.384 22.72292,38.01086,74.975 22.72336,38.01104,76.352 22.72424,38.01152,73.305 22.72449,38.01169,71.616 22.72472,38.01186,70.701 22.7252,38.01213,67.318 22.72533,38.01211,66.244 22.72546,38.01213,64.696 22.72556,38.01219,63.2 22.72566,38.01237,62.248 22.72587,38.01247,60.882 22.72652,38.01284,58.41 22.72678,38.01303,57.592 22.72682,38.01314,57.28 22.72729,38.01345,53.512 22.72746,38.01353,52.288 22.72782,38.01366,49.872 22.72793,38.01373,49.332 22.72803,38.01381,48.9 22.72807,38.01387,48.828 22.72816,38.01384,48.072 22.72832,38.01383,46.884 22.72854,38.01382,45.449 22.7287,38.01384,44.416 22.7292,38.01411,39.048 22.72935,38.0142,37.099 22.72955,38.01437,36.352 22.72967,38.01446,36.311 22.73003,38.01441,33.66 22.73019,38.01437,32.364 22.73049,38.01426,30.823 22.73089,38.01438,29.075 22.73122,38.01449,28.1 22.73186,38.01468,24.76 22.73246,38.01488,21.658 22.73305,38.01508,17.034 22.73329,38.0152,16.392 22.73404,38.01565,14.019 22.73435,38.01584,13.636 </coordinates>
        </LineString>
      </Placemark>
    </Folder>
  </Document>
</kml>
